isWon,        total_diff,        break_pos1,        break_pos2,        break_pos3,        break_pos4,        win_in_set,        cur_diff,         ace,        utc_fore,        utc_back,        break_racial,        dis_total,        dis_lstgame,        dis_lst3pts,        dis_lstpt,        rallycnt
0,-1,0,0,0,0,0,0,0,0,0,0.0,10.372,0.0,10.372,10.372,4
1,0,1,0,0,0,0,-1,1,0,0,0.0,11.541,1.169,11.541,1.169,1
1,1,2,0,0,0,0,0,0,0,0,0.0,20.636,10.264,20.636,9.095,3
1,2,3,0,0,0,0,1,0,0,0,0.0,22.426,12.054,12.054,1.79,1
1,3,4,0,0,0,0,2,1,0,0,0.0,23.223,12.851,11.682,0.797,1
0,2,0,0,0,0,1,0,0,0,0,0.0,29.311,0.0,8.675,6.088,1
0,1,0,0,0,0,1,-1,0,0,0,0.0,49.147,19.836,26.721,19.836,5
1,2,0,0,0,0,1,-2,0,0,0,0.25,78.148,48.837,54.925,29.001,10
0,1,0,0,0,0,1,-1,0,0,0,0.2,78.824,49.513,49.513,0.676,1
0,0,0,0,0,0,1,-2,0,0,0,0.166667,80.386,51.075,31.239,1.562,1
0,1,0,0,0,0,1,0,0,0,0,0.166667,87.678,0.0,9.53,7.292,1
1,2,0,1,0,0,1,1,0,0,0,0.166667,109.718,22.04,30.894,22.04,7
0,1,0,1,0,0,1,2,0,0,0,0.166667,114.0,26.322,33.614,4.282,2
1,2,0,2,0,0,1,1,0,1,0,0.166667,119.774,32.096,32.096,5.774,3
1,3,0,3,0,0,1,2,0,1,0,0.166667,125.546,37.868,15.828,5.772,3
0,2,0,0,0,0,2,0,0,0,0,0.142857,161.266,0.0,47.266,35.72,9
0,1,0,0,0,0,2,-1,0,0,0,0.125,167.63,6.364,47.856,6.364,1
0,0,0,0,0,0,2,-2,0,0,0,0.111111,168.621,7.355,43.075,0.991,1
0,-1,0,0,0,0,2,-3,0,0,0,0.1,179.541,18.275,18.275,10.92,1
0,0,0,0,0,0,2,0,0,0,0,0.1,208.773,0.0,41.143,29.232,0
1,1,0,0,1,0,2,1,0,1,0,0.1,228.426,19.653,59.805,19.653,5
1,2,0,0,2,0,2,2,1,0,0,0.1,229.545,20.772,50.004,1.119,1
0,1,0,0,2,0,2,3,0,0,0,0.1,252.839,44.066,44.066,23.294,8
1,2,0,0,3,0,2,2,0,1,0,0.1,267.605,58.832,39.179,14.766,5
0,1,0,0,0,0,3,0,0,0,0,0.0909091,267.605,0.0,38.06,0.0,0
0,0,0,0,0,0,3,-1,0,0,0,0.0833333,309.402,41.797,56.563,41.797,13
0,-1,0,0,0,0,3,-2,0,0,0,0.0769231,361.245,93.64,93.64,51.843,9
0,-2,0,0,0,0,3,-3,0,0,0,0.0714286,370.716,103.111,103.111,9.471,3
0,-1,0,0,0,0,3,0,1,0,0,0.0714286,370.716,0.0,61.314,0.0,1
1,0,0,0,0,1,3,1,1,0,0,0.0714286,371.454,0.738,10.209,0.738,1
1,1,0,0,0,2,3,2,1,0,0,0.0714286,372.687,1.971,1.971,1.233,1
0,0,0,0,0,2,3,3,0,0,0,0.0714286,392.166,21.45,21.45,19.479,6
1,1,0,0,0,3,3,2,1,0,0,0.0714286,393.153,22.437,21.699,0.987,1
0,2,0,0,0,0,4,0,0,0,1,0.0666667,393.153,0.0,20.466,0.0,0
1,3,0,0,0,0,4,1,0,0,0,0.125,428.885,35.732,36.719,35.732,12
0,2,0,0,0,0,4,2,0,0,0,0.117647,438.528,45.375,45.375,9.643,3
0,1,0,0,0,0,4,1,0,0,0,0.111111,461.798,68.645,68.645,23.27,7
1,2,0,0,0,0,4,0,0,0,0,0.157895,476.84,83.687,47.955,15.042,4
0,1,0,0,0,0,4,1,0,0,0,0.15,477.77,84.617,39.242,0.93,1
1,2,0,0,0,0,4,0,0,0,0,0.190476,496.977,103.824,35.179,19.207,8
0,1,0,0,0,0,4,1,0,0,0,0.181818,520.892,127.739,44.052,23.915,5
0,0,0,0,0,0,4,0,0,0,0,0.173913,525.169,132.016,47.399,4.277,1
0,-1,0,0,0,0,4,-1,0,0,0,0.166667,529.252,136.099,32.275,4.083,1
0,0,0,0,0,0,4,0,1,0,0,0.166667,530.193,0.0,9.301,0.941,1
0,-1,0,0,0,0,4,1,0,0,0,0.166667,531.109,0.916,5.94,0.916,0
0,-2,0,0,0,0,4,0,0,0,0,0.166667,555.615,25.422,26.363,24.506,8
1,-1,0,0,0,1,4,-1,1,0,0,0.166667,556.452,26.259,26.259,0.837,1
1,0,0,0,0,2,4,0,1,0,0,0.166667,557.285,27.092,26.176,0.833,1
1,1,0,0,0,3,4,1,0,1,0,0.166667,570.148,39.955,14.533,12.863,3
0,2,0,0,0,0,5,0,0,0,0,0.16,602.643,0.0,46.191,32.495,12
0,1,0,0,0,0,5,1,0,0,0,0.153846,620.432,17.789,63.147,17.789,5
0,0,0,0,0,0,5,0,0,0,0,0.148148,631.377,28.734,61.229,10.945,3
0,-1,0,0,0,0,5,-1,0,0,0,0.142857,654.384,51.741,51.741,23.007,7
0,-2,0,0,0,0,5,-2,0,0,0,0.137931,657.395,54.752,36.963,3.011,1
0,-1,0,0,0,0,5,0,1,0,0,0.137931,667.554,0.0,36.177,10.159,1
1,0,0,0,0,1,5,1,0,0,0,0.137931,672.113,4.559,17.729,4.559,1
1,1,0,0,0,2,5,2,0,0,0,0.137931,675.834,8.28,18.439,3.721,1
1,2,0,0,0,3,5,3,1,0,0,0.137931,676.667,9.113,9.113,0.833,1
0,1,0,0,0,0,6,0,0,0,0,0.133333,676.76,0.0,4.647,0.093,1
0,0,0,0,0,0,6,-1,0,0,0,0.129032,692.462,15.702,16.628,15.702,5
0,-1,0,0,0,0,6,-2,0,0,0,0.125,696.013,19.253,19.346,3.551,1
1,0,0,0,0,0,6,-3,0,1,0,0.151515,707.978,31.218,31.218,11.965,4
0,-1,0,0,0,0,6,-2,0,0,0,0.147059,713.148,36.388,20.686,5.17,1
0,0,0,0,0,0,6,0,0,0,0,0.147059,722.728,0.0,26.715,9.58,3
0,-1,0,0,0,0,6,1,0,0,0,0.142857,748.759,26.031,40.781,26.031,3
1,0,0,0,0,0,6,0,0,1,0,0.166667,767.272,44.544,54.124,18.513,8
0,-1,0,0,0,0,6,1,0,0,0,0.166667,802.983,80.255,80.255,35.711,12
1,0,0,0,0,1,6,0,0,1,0,0.166667,816.912,94.184,68.153,13.929,5
0,-1,0,0,0,1,6,1,0,0,0,0.162162,824.424,101.696,57.152,7.512,3
1,0,0,0,0,1,6,0,0,0,0,0.184211,869.512,146.784,66.529,45.088,12
1,1,0,0,0,2,6,1,1,0,0,0.184211,873.203,150.475,56.291,3.691,1
1,2,0,0,0,3,6,2,0,0,1,0.184211,882.587,159.859,58.163,9.384,3
0,1,0,0,0,3,6,3,0,0,0,0.179487,883.368,160.64,13.856,0.781,0
0,0,0,0,0,3,6,2,0,0,0,0.175,892.11,169.382,18.907,8.742,3
1,1,0,0,0,4,6,1,0,0,0,0.175,909.295,186.567,26.708,17.185,3
0,0,0,0,0,0,7,0,0,0,0,0.170732,920.319,0.0,36.951,11.024,3
0,-1,0,0,0,0,0,-1,0,0,0,0.166667,924.759,4.44,32.649,4.44,1
1,0,0,0,0,0,0,-2,0,0,0,0.186047,942.434,22.115,33.139,17.675,6
0,-1,0,0,0,0,0,-1,0,0,0,0.181818,963.823,43.504,43.504,21.389,7
1,0,0,0,0,0,0,-2,0,0,0,0.2,966.748,46.429,41.989,2.925,2
0,-1,0,0,0,0,0,-1,0,0,0,0.195652,978.326,58.007,35.892,11.578,3
0,0,0,0,0,0,0,0,1,0,0,0.195652,979.602,0.0,15.779,1.276,1
1,1,1,0,0,0,0,1,0,0,0,0.195652,998.516,18.914,31.768,18.914,5
0,0,1,0,0,0,0,2,0,0,0,0.195652,1029.0,49.394,50.67,30.48,8
1,1,2,0,0,0,0,1,0,0,0,0.195652,1032.6,52.999,52.999,3.605,1
1,2,3,0,0,0,0,2,0,1,0,0.195652,1049.4,69.8,50.886,16.801,5
0,3,0,0,0,0,1,0,0,1,0,0.191489,1083.85,0.0,54.852,34.446,14
1,4,0,0,0,0,1,1,0,0,0,0.208333,1102.86,19.01,70.257,19.01,4
0,3,0,0,0,0,1,2,0,0,0,0.204082,1121.86,38.008,72.454,18.998,5
1,4,0,0,0,0,1,1,0,0,0,0.22,1134.81,50.963,50.963,12.955,4
1,5,0,0,0,0,1,2,0,0,0,0.235294,1157.39,73.547,54.537,22.584,8
0,4,0,0,0,0,2,0,0,0,0,0.235294,1167.39,0.0,45.536,9.997,4
1,5,0,1,0,0,2,-1,0,0,0,0.235294,1176.93,9.543,42.124,9.543,0
1,6,0,2,0,0,2,0,1,0,0,0.235294,1177.82,10.428,20.425,0.885,1
0,5,0,2,0,0,2,1,0,0,0,0.235294,1185.37,17.982,17.982,7.554,2
1,6,0,3,0,0,2,0,0,0,0,0.235294,1206.67,39.278,29.735,21.296,5
1,7,0,4,0,0,2,1,0,1,0,0.235294,1217.78,50.39,39.962,11.112,3
0,8,0,0,0,0,3,0,0,0,0,0.230769,1219.35,0.0,33.977,1.569,0
0,7,0,0,0,0,3,1,0,0,0,0.226415,1231.09,11.739,24.42,11.739,3
0,6,0,0,0,0,3,0,0,0,0,0.222222,1232.58,13.229,14.798,1.49,1
0,5,0,0,0,0,3,-1,0,0,0,0.218182,1233.58,14.225,14.225,0.996,1
0,4,0,0,0,0,3,-2,0,0,0,0.214286,1249.84,30.491,18.752,16.266,5
0,3,0,0,0,0,3,0,0,0,0,0.214286,1275.88,0.0,43.303,26.041,8
0,2,0,0,0,0,3,-1,0,0,0,0.214286,1310.51,34.632,76.939,34.632,10
1,3,0,0,1,0,3,-2,0,1,0,0.214286,1317.22,41.339,67.38,6.707,3
1,4,0,0,2,0,3,-1,0,0,0,0.214286,1320.58,44.693,44.693,3.354,1
1,5,0,0,3,0,3,0,0,0,0,0.214286,1321.79,45.905,11.273,1.212,1
1,6,0,0,4,0,3,1,1,0,0,0.214286,1325.54,49.654,8.315,3.749,1
0,5,0,0,0,0,4,0,0,0,0,0.210526,1335.64,0.0,15.068,10.107,3
1,6,0,0,0,0,4,-1,0,0,0,0.224138,1337.45,1.803,15.659,1.803,0
0,5,0,0,0,0,4,0,0,0,0,0.220339,1352.99,17.344,27.451,15.541,0
0,4,0,0,0,0,4,-1,0,0,0,0.216667,1355.76,20.112,20.112,2.768,1
0,3,0,0,0,0,4,-2,0,0,0,0.213115,1356.35,20.701,18.898,0.589,1
0,4,0,0,0,0,4,0,1,0,0,0.213115,1357.36,0.0,4.367,1.01,1
0,3,0,0,0,0,4,1,0,0,0,0.213115,1378.1,20.748,22.347,20.748,8
1,4,0,0,0,1,4,0,0,0,0,0.213115,1398.14,40.781,41.791,20.033,5
1,5,0,0,0,2,4,1,1,0,0,0.213115,1398.72,41.37,41.37,0.589,1
1,6,0,0,0,3,4,2,0,0,0,0.213115,1400.45,43.097,22.349,1.727,1
0,5,0,0,0,0,5,0,0,0,0,0.209677,1410.78,0.0,12.648,10.332,3
0,4,0,0,0,0,5,-1,0,0,0,0.206349,1412.94,2.152,14.211,2.152,1
1,5,0,0,0,0,5,-2,0,0,1,0.21875,1425.84,15.059,25.391,12.907,4
0,4,0,0,0,0,5,-1,0,0,0,0.215385,1429.53,18.741,18.741,3.682,1
0,3,0,0,0,0,5,-2,0,0,0,0.212121,1430.65,19.865,17.713,1.124,1
0,2,0,0,0,0,5,0,0,0,0,0.212121,1450.83,0.0,24.988,20.182,4
1,3,0,0,0,1,5,-1,1,0,0,0.212121,1451.82,0.991,22.297,0.991,1
0,2,0,0,0,1,5,0,0,0,0,0.212121,1483.94,33.104,53.286,32.113,8
1,3,0,0,0,2,5,-1,0,0,0,0.212121,1486.27,35.443,35.443,2.339,1
1,4,0,0,0,3,5,0,0,0,0,0.212121,1503.88,53.048,52.057,17.605,3
1,5,0,0,0,4,5,1,1,0,0,0.212121,1514.58,63.752,30.648,10.704,1
0,4,0,0,0,0,6,0,0,0,0,0.208955,1523.01,0.0,36.731,8.422,3
0,3,0,0,0,0,0,-1,0,0,0,0.205882,1534.76,11.753,30.879,11.753,5
0,2,0,0,0,0,0,-2,0,0,0,0.202899,1546.8,23.792,32.214,12.039,3
1,3,0,0,0,0,0,-3,0,0,0,0.214286,1548.94,25.94,25.94,2.148,0
0,2,0,0,0,0,0,-2,0,0,0,0.211268,1554.49,31.481,19.728,5.541,3
0,1,0,0,0,0,0,0,0,0,0,0.211268,1602.13,0.0,55.331,47.642,16
1,2,1,0,0,0,0,-1,0,1,0,0.211268,1622.93,20.802,73.985,20.802,9
1,3,2,0,0,0,0,0,1,0,0,0.211268,1623.78,21.656,69.298,0.854,1
1,4,3,0,0,0,0,1,0,0,1,0.211268,1636.33,34.201,34.201,12.545,5
1,5,4,0,0,0,0,2,0,0,0,0.211268,1641.52,39.391,18.589,5.19,1
0,4,0,0,0,0,1,0,0,0,0,0.208333,1646.0,0.0,22.213,4.478,1
0,3,0,0,0,0,1,-1,0,0,0,0.205479,1657.78,11.779,21.447,11.779,3
0,2,0,0,0,0,1,-2,0,0,0,0.202703,1699.39,53.395,57.873,41.616,11
0,1,0,0,0,0,1,-3,0,0,0,0.2,1700.29,54.292,54.292,0.897,1
0,2,0,0,0,0,1,0,0,0,0,0.2,1705.13,0.0,47.351,4.838,1
1,3,0,1,0,0,1,1,0,0,0,0.2,1718.02,12.891,18.626,12.891,3
0,2,0,1,0,0,1,2,0,0,0,0.2,1725.15,20.025,24.863,7.134,2
1,3,0,2,0,0,1,1,0,0,0,0.2,1728.48,23.354,23.354,3.329,1
1,4,0,3,0,0,1,2,1,0,0,0.2,1732.68,27.551,14.66,4.197,1
0,3,0,0,0,0,2,0,0,0,0,0.197368,1760.72,0.0,35.566,28.04,0
1,4,0,0,0,0,2,-1,0,0,0,0.207792,1772.51,11.797,44.034,11.797,4
0,3,0,0,0,0,2,0,0,0,0,0.205128,1777.81,17.089,45.129,5.292,1
0,2,0,0,0,0,2,-1,0,0,0,0.202532,1790.73,30.016,30.016,12.927,3
1,3,0,0,0,0,2,-2,0,0,0,0.2125,1805.11,44.389,32.592,14.373,6
1,4,0,0,0,0,2,-1,0,0,0,0.222222,1839.36,78.644,61.555,34.255,10
1,5,0,0,0,0,2,0,0,0,0,0.231707,1856.38,95.666,65.65,17.022,4
1,6,0,0,0,0,2,1,0,0,0,0.240964,1886.85,126.129,81.74,30.463,10
0,7,0,0,0,0,3,0,0,0,0,0.240964,1889.86,0.0,50.499,3.014,1
1,8,0,0,1,0,3,1,1,0,0,0.240964,1889.86,0.0,33.477,0.0,1
1,9,0,0,2,0,3,2,0,0,0,0.240964,1903.63,13.769,16.783,13.769,3
1,10,0,0,3,0,3,3,0,0,0,0.240964,1903.63,13.769,13.769,0.0,0
0,9,0,0,0,0,4,0,0,0,0,0.238095,1918.51,0.0,28.648,14.879,5
1,10,0,0,0,0,4,-1,0,0,0,0.247059,1923.2,4.687,19.566,4.687,0
0,9,0,0,0,0,4,0,0,0,0,0.244186,1936.57,18.057,32.936,13.37,3
0,8,0,0,0,0,4,-1,0,0,0,0.241379,1945.06,26.552,26.552,8.495,1
0,7,0,0,0,0,4,-2,0,0,0,0.238636,1945.9,27.388,22.701,0.836,1
0,8,0,0,0,0,4,0,0,0,0,0.238636,1950.8,0.0,14.238,4.907,1
1,9,0,0,0,1,4,1,0,0,0,0.238636,1962.91,12.102,17.845,12.102,3
0,8,0,0,0,1,4,2,0,0,0,0.238636,1963.96,13.152,18.059,1.05,0
1,9,0,0,0,2,4,1,1,0,0,0.238636,1964.73,13.925,13.925,0.773,1
0,8,0,0,0,2,4,2,0,0,0,0.238636,1971.53,20.728,8.626,6.803,2
0,7,0,0,0,2,4,1,0,0,0,0.238636,1992.99,42.187,29.035,21.459,6
0,6,0,0,0,2,4,0,0,0,0,0.238636,1999.11,48.307,34.382,6.12,2
1,7,0,0,0,3,4,-1,1,0,0,0.238636,1999.82,49.017,28.289,0.71,1
0,6,0,0,0,3,4,0,0,0,0,0.238636,2014.21,63.406,21.219,14.389,4
1,7,0,0,0,4,4,-1,0,0,1,0.238636,2035.08,84.281,35.974,20.875,7
1,8,0,0,0,5,4,0,0,0,0,0.238636,2052.92,102.113,53.096,17.832,5
1,9,0,0,0,6,4,1,0,0,0,0.238636,2064.06,113.258,49.852,11.145,3
0,8,0,0,0,0,5,0,0,0,0,0.235955,2064.06,0.0,28.977,0.0,0
0,7,0,0,0,0,5,-1,0,0,0,0.233333,2067.04,2.977,14.122,2.977,1
1,8,0,0,0,0,5,-2,0,0,0,0.241758,2068.65,4.591,4.591,1.614,0
0,7,0,0,0,0,5,-1,0,0,0,0.23913,2073.05,8.985,8.985,4.394,1
0,6,0,0,0,0,5,-2,0,0,0,0.236559,2073.67,9.606,6.629,0.621,1
0,7,0,0,0,0,5,0,0,0,0,0.236559,2079.68,0.0,11.026,6.011,1
1,8,0,0,0,1,5,1,1,0,0,0.236559,2080.66,0.981,7.613,0.981,1
1,9,0,0,0,2,5,2,0,1,0,0.236559,2095.04,15.363,21.374,14.382,5
1,10,0,0,0,3,5,3,0,0,0,0.236559,2104.29,24.609,24.609,9.246,3
0,-1,0,0,0,0,0,0,0,0,0,0.234043,2104.29,0.0,23.628,0.0,0
1,0,0,0,0,0,0,-1,0,0,0,0.242105,2109.74,5.454,14.7,5.454,2
1,1,0,0,0,0,0,0,0,0,0,0.25,2127.71,23.425,23.425,17.971,6
0,0,0,0,0,0,0,1,0,0,0,0.247423,2164.93,60.646,60.646,37.221,11
1,1,0,0,0,0,0,0,0,0,0,0.255102,2170.21,65.919,60.465,5.273,2
1,2,0,0,0,0,0,1,0,0,0,0.262626,2190.3,86.017,62.592,20.098,2
0,3,0,0,0,0,1,0,1,0,0,0.262626,2191.41,0.0,26.474,1.103,1
0,2,0,0,0,0,1,1,0,0,0,0.262626,2192.54,1.131,22.332,1.131,0
1,3,1,0,0,0,1,0,0,0,0,0.262626,2200.27,8.859,9.962,7.728,3
0,2,1,0,0,0,1,1,0,0,0,0.262626,2219.73,28.32,28.32,19.461,6
0,1,1,0,0,0,1,0,0,0,0,0.262626,2227.22,35.811,34.68,7.491,2
1,2,2,0,0,0,1,-1,0,0,1,0.262626,2265.77,74.367,65.508,38.556,11
0,1,2,0,0,0,1,0,0,0,0,0.262626,2269.05,77.647,49.327,3.28,2
1,2,3,0,0,0,1,-1,0,1,0,0.262626,2275.53,84.123,48.312,6.476,3
1,3,4,0,0,0,1,0,0,0,0,0.262626,2278.9,87.491,13.124,3.368,1
1,4,5,0,0,0,1,1,0,0,0,0.262626,2283.0,91.594,13.947,4.103,1
0,3,0,0,0,0,2,0,0,0,0,0.26,2294.22,0.0,18.688,11.217,3
0,2,0,0,0,0,2,-1,0,0,0,0.257426,2295.95,1.732,17.052,1.732,1
0,1,0,0,0,0,2,-2,0,0,0,0.254902,2323.79,29.573,40.79,27.841,5
1,2,0,0,0,0,2,-3,0,0,0,0.262136,2332.82,38.603,38.603,9.03,2
1,3,0,0,0,0,2,-2,0,1,0,0.269231,2351.29,57.074,55.342,18.471,4
0,2,0,0,0,0,2,-1,0,0,0,0.266667,2358.98,64.766,35.193,7.692,1
0,3,0,0,0,0,2,0,0,0,0,0.266667,2382.66,0.0,49.842,23.679,9
1,4,0,1,0,0,2,1,0,1,0,0.266667,2404.26,21.595,52.966,21.595,7
1,5,0,2,0,0,2,2,0,1,0,0.266667,2411.13,28.466,52.145,6.871,3
1,6,0,3,0,0,2,3,1,0,0,0.266667,2412.11,29.442,29.442,0.976,1
0,5,0,0,0,0,3,0,0,0,0,0.264151,2417.47,0.0,13.212,5.365,1
1,6,0,0,0,0,3,-1,0,0,0,0.271028,2419.15,1.679,8.02,1.679,0
0,5,0,0,0,0,3,0,0,0,0,0.268519,2419.9,2.426,7.791,0.747,1
1,6,0,0,0,0,3,-1,0,0,0,0.275229,2430.83,13.364,13.364,10.938,2
0,5,0,0,0,0,3,0,0,0,0,0.272727,2441.62,24.152,22.473,10.788,3
0,4,0,0,0,0,3,-1,0,0,0,0.27027,2445.87,28.402,25.976,4.25,1
0,5,0,0,0,0,3,0,1,0,0,0.27027,2450.3,0.0,19.462,4.424,1
1,6,0,0,1,0,3,1,0,0,0,0.27027,2454.92,4.627,13.301,4.627,1
1,7,0,0,2,0,3,2,0,0,0,0.27027,2480.63,30.335,34.759,25.708,7
1,8,0,0,3,0,3,3,0,0,0,0.27027,2482.93,32.632,32.632,2.297,1
0,7,0,0,0,0,4,0,0,0,0,0.267857,2488.06,0.0,33.134,5.129,1
1,8,0,0,0,0,4,-1,0,1,0,0.274336,2499.34,11.281,18.707,11.281,4
0,7,0,0,0,0,4,0,0,0,0,0.27193,2503.25,15.188,20.317,3.907,1
0,6,0,0,0,0,4,-1,0,0,0,0.269565,2507.04,18.983,18.983,3.795,1
1,7,0,0,0,0,4,-2,0,0,0,0.275862,2523.22,35.166,23.885,16.183,4
0,6,0,0,0,0,4,-1,0,0,0,0.273504,2524.14,36.087,20.899,0.921,1
0,7,0,0,0,0,4,0,0,0,0,0.273504,2535.07,0.0,28.033,10.929,3
1,8,0,0,0,1,4,1,1,0,0,0.273504,2535.98,0.905,12.755,0.905,1
1,9,0,0,0,2,4,2,0,1,0,0.273504,2559.01,23.932,34.861,23.027,7
1,10,0,0,0,3,4,3,1,0,0,0.273504,2561.69,26.618,26.618,2.686,1
0,9,0,0,0,0,5,0,0,0,0,0.271186,2566.28,0.0,30.3,4.587,1
0,8,0,0,0,0,5,-1,0,0,0,0.268908,2608.52,42.243,49.516,42.243,13
0,7,0,0,0,0,5,-2,0,0,0,0.266667,2629.39,63.114,67.701,20.871,5
1,8,0,0,0,0,5,-3,0,0,0,0.272727,2638.23,71.952,71.952,8.838,2
0,7,0,0,0,0,5,-2,0,0,0,0.270492,2654.19,87.913,45.67,15.961,3
0,6,0,0,0,0,5,0,0,0,0,0.270492,2661.43,0.0,32.034,7.235,2
1,7,0,0,0,1,5,-1,0,0,0,0.270492,2676.1,14.668,37.864,14.668,3
0,6,0,0,0,1,5,0,0,0,0,0.270492,2690.12,28.696,35.931,14.028,4
1,7,0,0,0,2,5,-1,0,0,0,0.270492,2693.62,32.192,32.192,3.496,1
1,8,0,0,0,3,5,0,0,0,0,0.270492,2754.83,93.4,78.732,61.208,13
1,9,0,0,0,4,5,1,1,0,0,0.270492,2755.5,94.074,65.378,0.674,1
0,8,0,0,0,0,6,0,0,0,0,0.268293,2762.12,0.0,68.504,6.622,1
0,7,0,0,0,0,0,-1,0,0,0,0.266129,2768.7,6.576,13.872,6.576,1
0,6,0,0,0,0,0,-2,0,0,0,0.264,2770.16,8.039,14.661,1.463,1
0,5,0,0,0,0,0,-3,0,0,0,0.261905,2774.63,12.502,12.502,4.463,1
0,4,0,0,0,0,0,0,0,0,0,0.261905,2796.08,0.0,27.385,21.459,6
1,5,1,0,0,0,0,-1,0,0,0,0.261905,2799.03,2.946,28.868,2.946,1
0,4,1,0,0,0,0,0,0,0,0,0.261905,2824.95,28.861,50.32,25.915,8
0,3,1,0,0,0,0,-1,0,0,0,0.261905,2848.71,52.624,52.624,23.763,8
1,4,2,0,0,0,0,-2,0,1,0,0.261905,2863.66,67.574,64.628,14.95,5
0,3,2,0,0,0,0,-1,0,0,0,0.261905,2871.96,75.88,47.019,8.306,2
0,4,0,0,0,0,0,0,0,0,0,0.259843,2890.29,0.0,41.581,18.325,6
1,5,0,0,0,0,0,1,0,0,0,0.265625,2896.46,6.173,32.804,6.173,2
0,4,0,0,0,0,0,2,0,0,0,0.263566,2918.24,27.951,46.276,21.778,7
1,5,0,0,0,0,0,1,0,0,0,0.269231,2969.36,79.073,79.073,51.122,16
0,4,0,0,0,0,0,2,0,0,0,0.267176,2971.12,80.832,74.659,1.759,1
0,3,0,0,0,0,0,1,0,0,0,0.265152,2985.95,95.66,67.709,14.828,3
0,2,0,0,0,0,0,0,0,0,0,0.263158,3010.59,120.306,41.233,24.646,7
1,3,0,0,0,0,0,-1,0,0,0,0.268657,3014.3,124.014,43.182,3.708,0
1,4,0,0,0,0,0,0,0,0,0,0.274074,3036.31,146.023,50.363,22.009,4
0,3,0,0,0,0,0,1,0,0,0,0.272059,3046.17,155.883,35.577,9.86,3
0,2,0,0,0,0,0,0,0,0,0,0.270073,3107.61,217.325,93.311,61.442,15
1,3,0,0,0,0,0,-1,0,0,0,0.275362,3118.16,227.876,81.853,10.551,2
0,2,0,0,0,0,0,0,0,0,0,0.273381,3145.66,255.372,99.489,27.496,7
0,1,0,0,0,0,0,-1,0,0,0,0.271429,3149.86,259.573,42.248,4.201,1
0,0,0,0,0,0,0,0,0,0,0,0.271429,3153.79,0.0,35.626,3.929,2
0,-1,0,0,0,0,0,-1,0,0,0,0.271429,3179.76,25.966,34.096,25.966,8
1,0,0,1,0,0,0,-2,0,0,0,0.271429,3180.84,27.045,30.974,1.079,1
1,1,0,2,0,0,0,-1,0,0,0,0.271429,3200.08,46.289,46.289,19.244,5
1,2,0,3,0,0,0,0,0,0,0,0.271429,3202.98,49.192,23.226,2.903,1
0,1,0,3,0,0,0,1,0,0,0,0.271429,3215.81,62.019,34.974,12.827,4
1,2,0,4,0,0,0,0,0,0,0,0.271429,3228.6,74.809,28.52,12.79,5
0,1,0,4,0,0,0,1,0,0,0,0.271429,3236.03,82.239,33.047,7.43,2
1,2,0,5,0,0,0,0,0,0,0,0.271429,3248.82,95.031,33.012,12.792,3
0,1,0,5,0,0,0,1,0,0,0,0.271429,3271.57,117.784,42.975,22.753,8
1,2,0,6,0,0,0,0,0,0,0,0.271429,3301.02,147.227,64.988,29.443,9
1,3,0,7,0,0,0,1,0,0,0,0.271429,3303.18,149.394,54.363,2.167,1
0,2,0,0,0,0,1,0,0,0,0,0.269504,3305.57,0.0,33.991,2.381,1
0,1,0,0,0,0,1,-1,0,0,0,0.267606,3314.93,9.369,13.917,9.369,3
1,2,0,0,0,0,1,-2,0,0,1,0.272727,3319.86,14.299,16.68,4.93,2
0,1,0,0,0,0,1,-1,0,0,0,0.270833,3325.01,19.444,19.444,5.145,1
1,2,0,0,0,0,1,-2,0,0,0,0.275862,3336.64,31.079,21.71,11.635,2
0,1,0,0,0,0,1,-1,0,0,0,0.273973,3402.04,96.474,82.175,65.395,15
0,2,0,0,0,0,1,0,0,0,0,0.273973,3410.65,0.0,85.639,8.609,3
1,3,0,0,1,0,1,1,0,0,0,0.273973,3414.4,3.752,77.756,3.752,1
0,2,0,0,1,0,1,2,0,0,0,0.273973,3418.97,8.322,16.931,4.57,2
1,3,0,0,2,0,1,1,0,0,0,0.273973,3426.4,15.752,15.752,7.43,1
1,4,0,0,3,0,1,2,0,0,0,0.273973,3429.83,19.185,15.433,3.433,1
0,5,0,0,0,0,2,0,0,0,0,0.272109,3444.16,0.0,25.191,14.328,4
1,6,0,0,0,0,2,1,0,0,0,0.277027,3457.84,13.676,31.437,13.676,4
0,5,0,0,0,0,2,2,0,0,0,0.275168,3461.06,16.895,31.223,3.219,1
1,6,0,0,0,0,2,1,0,1,0,0.28,3479.02,34.861,34.861,17.966,4
0,5,0,0,0,0,2,2,0,0,0,0.278146,3489.43,45.266,31.59,10.405,1
0,4,0,0,0,0,2,1,0,0,0,0.276316,3497.01,52.85,35.955,7.584,1
0,3,0,0,0,0,2,0,0,0,0,0.27451,3497.87,53.707,18.846,0.857,1
0,2,0,0,0,0,2,-1,0,0,0,0.272727,3503.5,59.341,14.075,5.634,1
0,3,0,0,0,0,2,0,0,0,1,0.272727,3514.3,0.0,17.292,10.801,3
1,4,0,0,0,1,2,1,0,0,1,0.272727,3521.46,7.158,23.593,7.158,3
1,5,0,0,0,2,2,2,0,1,0,0.272727,3536.96,22.654,33.455,15.496,5
1,6,0,0,0,3,2,3,0,0,0,0.272727,3547.16,32.853,32.853,10.199,3
0,7,0,0,0,0,3,0,0,0,0,0.270968,3567.99,0.0,46.53,20.835,4
1,8,0,0,0,0,3,1,0,0,0,0.275641,3577.93,9.943,40.977,9.943,2
0,7,0,0,0,0,3,2,0,0,0,0.273885,3593.93,25.941,46.776,15.998,3
0,6,0,0,0,0,3,1,0,0,0,0.272152,3603.69,35.701,35.701,9.76,3
0,5,0,0,0,0,3,0,0,0,0,0.27044,3646.18,78.188,68.245,42.487,11
0,4,0,0,0,0,3,-1,0,0,0,0.26875,3654.64,86.645,60.704,8.457,3
0,3,0,0,0,0,3,0,0,0,0,0.26875,3656.09,0.0,52.4,1.456,2
0,2,0,0,0,0,0,-1,0,0,0,0.26875,3674.52,18.424,28.337,18.424,6
1,3,1,0,0,0,0,-2,0,0,0,0.26875,3675.52,19.428,20.884,1.004,1
1,4,2,0,0,0,0,-1,0,1,0,0.26875,3685.74,29.65,29.65,10.222,3
1,5,3,0,0,0,0,0,1,0,0,0.26875,3686.33,30.24,11.816,0.59,1
1,6,4,0,0,0,0,1,0,0,1,0.26875,3730.48,74.39,54.962,44.15,13
0,7,0,0,0,0,1,0,0,0,0,0.267081,3742.35,0.0,56.604,11.864,4
0,6,0,0,0,0,1,1,0,0,0,0.265432,3772.13,29.781,85.795,29.781,5
1,7,0,0,0,0,1,0,0,0,0,0.269939,3779.44,37.088,48.952,7.307,2
1,8,0,0,0,0,1,1,0,0,0,0.27439,3855.36,113.015,113.015,75.927,12
0,7,0,0,0,0,1,2,0,0,0,0.272727,3865.61,123.26,93.479,10.245,3
1,8,0,0,0,0,1,1,0,0,0,0.277108,3884.02,141.676,104.588,18.416,4
0,9,0,0,0,0,2,0,0,0,0,0.277108,3897.38,0.0,42.015,13.354,3
0,8,0,0,0,0,2,1,0,0,0,0.277108,3902.56,5.181,36.951,5.181,2
1,9,0,1,0,0,2,0,1,0,0,0.277108,3907.89,10.511,23.865,5.33,1
1,10,0,2,0,0,2,1,0,0,0,0.277108,3909.44,12.06,12.06,1.549,1
0,9,0,2,0,0,2,2,0,0,0,0.277108,3914.49,17.111,11.93,5.051,2
1,10,0,3,0,0,2,1,0,1,0,0.277108,3930.54,33.163,22.652,16.052,5
0,9,0,0,0,0,3,0,0,0,0,0.275449,3934.69,0.0,25.251,4.148,1
1,10,0,0,0,0,3,-1,0,0,0,0.279762,3939.45,4.76,24.96,4.76,2
0,9,0,0,0,0,3,0,0,0,0,0.278107,3968.96,34.271,38.419,29.511,7
0,8,0,0,0,0,3,-1,0,0,0,0.276471,3978.81,44.122,44.122,9.851,1
0,7,0,0,0,0,3,-2,0,0,0,0.274854,4004.54,69.854,65.094,25.732,7
0,8,0,0,0,0,3,0,0,0,0,0.274854,4007.19,0.0,38.229,2.646,1
0,7,0,0,0,0,3,1,0,0,0,0.274854,4021.57,14.386,42.764,14.386,4
0,6,0,0,0,0,3,0,0,0,0,0.274854,4037.99,30.801,33.447,16.415,4
0,5,0,0,0,0,3,-1,0,0,0,0.274854,4042.33,35.145,35.145,4.344,2
0,4,0,0,0,0,3,-2,0,0,0,0.274854,4065.85,58.662,44.276,23.517,6
0,5,0,0,0,0,3,0,0,0,0,0.273256,4105.14,0.0,67.153,39.292,10
0,4,0,0,0,0,3,1,0,0,0,0.271676,4106.27,1.131,63.94,1.131,1
0,3,0,0,0,0,3,0,0,0,0,0.270115,4115.35,10.21,49.502,9.079,1
0,2,0,0,0,0,3,-1,0,0,0,0.268571,4116.43,11.286,11.286,1.076,1
0,1,0,0,0,0,3,-2,0,0,0,0.267045,4133.92,28.781,27.65,17.495,5
0,2,0,0,0,0,3,0,0,0,1,0.267045,4142.02,0.0,26.67,8.099,3
1,3,0,0,0,1,3,1,0,0,0,0.267045,4145.4,3.375,28.969,3.375,1
1,4,0,0,0,2,3,2,0,0,0,0.267045,4149.17,7.149,15.248,3.774,1
1,5,0,0,0,3,3,3,0,0,0,0.267045,4150.29,8.268,8.268,1.119,1
0,4,0,0,0,0,4,0,0,0,0,0.265537,4155.28,0.0,9.878,4.985,1
1,5,0,0,0,0,4,-1,0,0,0,0.269663,4195.03,39.752,45.856,39.752,6
0,4,0,0,0,0,4,0,0,0,0,0.268156,4198.05,42.772,47.757,3.02,1
0,3,0,0,0,0,4,-1,0,0,0,0.266667,4201.71,46.434,46.434,3.662,1
0,2,0,0,0,0,4,-2,0,0,0,0.265193,4214.94,59.66,19.908,13.226,3
0,3,0,0,0,0,4,0,1,0,0,0.265193,4216.07,0.0,18.022,1.134,1
0,2,0,0,0,0,4,1,0,0,0,0.265193,4217.74,1.669,16.029,1.669,0
1,3,0,0,0,1,4,0,0,1,0,0.265193,4223.78,7.709,8.843,6.04,3
1,4,0,0,0,2,4,1,1,0,0,0.265193,4224.61,8.536,8.536,0.827,1
1,5,0,0,0,3,4,2,0,0,0,0.265193,4228.16,12.087,10.418,3.551,1
0,4,0,0,0,0,5,0,0,0,0,0.263736,4250.97,0.0,27.193,22.815,5
0,3,0,0,0,0,5,-1,0,0,0,0.262295,4268.72,17.744,44.11,17.744,3
0,2,0,0,0,0,5,-2,0,0,0,0.26087,4280.16,29.184,51.999,11.44,3
0,1,0,0,0,0,5,-3,0,0,0,0.259459,4281.92,30.946,30.946,1.762,1
0,2,0,0,0,0,5,0,0,0,0,0.259459,4284.77,0.0,16.056,2.854,1
1,3,0,0,0,1,5,1,0,1,0,0.259459,4293.47,8.696,13.312,8.696,3
0,2,0,0,0,1,5,2,0,0,0,0.259459,4304.23,19.462,22.316,10.766,4
1,3,0,0,0,2,5,1,0,1,0,0.259459,4317.84,33.066,33.066,13.604,5
0,2,0,0,0,2,5,2,0,0,0,0.259459,4327.35,42.578,33.882,9.512,2
0,1,0,0,0,2,5,1,0,0,0,0.259459,4328.73,43.958,24.496,1.38,0
1,2,0,0,0,3,5,0,0,0,0,0.259459,4331.38,46.609,13.543,2.651,1
1,3,0,0,0,4,5,1,0,1,0,0.259459,4342.26,57.489,14.911,10.88,3
0,4,0,0,0,0,6,0,0,0,0,0.258065,4374.75,0.0,46.023,32.492,8
1,5,0,0,0,0,6,1,0,0,0,0.262032,4399.41,24.657,68.029,24.657,6
0,4,0,0,0,0,6,2,0,0,0,0.260638,4411.07,36.313,68.805,11.656,3
1,5,0,0,0,0,6,1,0,0,0,0.26455,4419.4,44.649,44.649,8.336,2
1,6,0,0,0,0,6,2,0,0,0,0.268421,4442.58,67.83,43.173,23.181,6
0,7,0,0,0,0,7,0,0,0,0,0.268421,4443.45,0.0,32.389,0.872,1
1,8,1,0,0,0,0,1,0,0,0,0.268421,4462.5,19.05,43.103,19.05,5
1,9,2,0,0,0,0,2,0,1,0,0.268421,4486.55,43.094,43.966,24.044,5
0,8,2,0,0,0,0,3,0,0,0,0.268421,4487.62,44.165,44.165,1.071,0
1,9,3,0,0,0,0,2,0,0,0,0.268421,4502.96,59.501,40.451,15.336,5
0,10,0,0,0,0,1,0,0,0,0,0.267016,4518.68,0.0,32.129,15.722,6
0,9,0,0,0,0,1,1,0,0,0,0.265625,4525.97,7.293,38.351,7.293,1
1,10,0,0,0,0,1,0,0,0,0,0.26943,4532.48,13.802,29.524,6.509,2
1,11,0,0,0,0,1,1,0,0,1,0.273196,4585.59,66.912,66.912,53.11,10
0,10,0,0,0,0,1,2,0,0,0,0.271795,4587.43,68.757,61.464,1.845,1
0,9,0,0,0,0,1,1,0,0,0,0.270408,4621.74,103.068,89.266,34.311,7
0,8,0,0,0,0,1,0,0,0,0,0.269036,4653.03,134.358,67.446,31.29,7
1,9,0,0,0,0,1,-1,0,0,0,0.272727,4656.73,138.058,69.301,3.7,0
0,8,0,0,0,0,1,0,0,0,0,0.271357,4665.92,147.243,44.175,9.185,3
0,7,0,0,0,0,1,-1,0,0,0,0.27,4685.08,166.406,32.048,19.163,5
0,6,0,0,0,0,1,0,0,0,0,0.27,4690.0,0.0,33.261,4.913,2
0,5,0,0,0,0,1,-1,0,0,0,0.27,4697.14,7.146,31.222,7.146,2
1,6,0,1,0,0,1,-2,0,0,0,0.27,4710.09,20.098,25.011,12.952,3
1,7,0,2,0,0,1,-1,0,0,0,0.27,4712.44,22.442,22.442,2.344,1
0,6,0,2,0,0,1,0,0,0,0,0.27,4745.45,55.458,48.312,33.016,8
0,5,0,2,0,0,1,-1,0,0,0,0.27,4764.4,74.408,54.31,18.95,6
0,6,0,0,0,0,1,0,0,1,0,0.268657,4791.42,0.0,78.983,27.017,8
0,5,0,0,0,0,1,1,0,0,0,0.267327,4835.19,43.773,89.74,43.773,5
0,4,0,0,0,0,1,0,0,0,0,0.26601,4836.82,45.399,72.416,1.626,1
0,3,0,0,0,0,1,-1,0,0,0,0.264706,4843.16,51.738,51.738,6.339,1
0,2,0,0,0,0,1,-2,0,0,0,0.263415,4845.64,54.215,10.442,2.477,1
0,1,0,0,0,0,1,0,0,0,0,0.263415,4858.19,0.0,21.372,12.556,4
1,2,0,0,1,0,1,-1,0,0,0,0.263415,4863.82,5.633,20.666,5.633,1
0,1,0,0,1,0,1,0,0,0,0,0.263415,4878.55,20.357,32.913,14.724,4
0,0,0,0,1,0,1,-1,0,0,0,0.263415,4902.59,44.401,44.401,24.044,6
1,1,0,0,2,0,1,-2,0,0,0,0.263415,4915.79,57.598,51.965,13.197,3
1,2,0,0,3,0,1,-1,0,0,0,0.263415,4927.96,69.772,49.415,12.174,3
1,3,0,0,4,0,1,0,0,0,0,0.263415,4933.6,75.409,31.008,5.637,1
1,4,0,0,5,0,1,1,0,0,0,0.263415,4938.35,80.158,22.56,4.749,1
0,3,0,0,0,0,2,0,0,0,0,0.262136,4940.47,0.0,12.508,2.122,1
1,4,0,0,0,0,2,-1,0,0,0,0.2657,4950.49,10.023,16.894,10.023,2
1,5,0,0,0,0,2,0,0,0,0,0.269231,4966.06,25.591,27.713,15.568,2
1,6,0,0,0,0,2,1,0,0,0,0.272727,4973.95,33.475,33.475,7.884,2
1,7,0,0,0,0,2,2,0,0,0,0.27619,4988.88,48.406,38.383,14.931,2
0,6,0,0,0,0,3,0,0,0,0,0.27619,4988.88,0.0,22.815,0.0,0
0,5,0,0,0,0,3,1,0,0,0,0.274882,4997.98,9.105,24.036,9.105,1
0,4,0,0,0,0,4,-1,0,0,0,0.273585,5013.78,24.9,24.9,15.795,3
0,5,0,0,0,0,4,-2,0,0,0,0.2723,5035.23,46.353,46.353,21.453,7
1,4,0,0,0,0,4,-3,0,0,0,0.275701,5042.72,53.843,44.738,7.49,2
0,5,0,0,0,0,4,-2,0,0,0,0.274419,5043.45,54.569,29.669,0.726,1
0,4,0,0,0,0,4,0,0,0,0,0.274419,5045.98,0.0,10.747,2.531,1
0,5,0,0,0,0,4,1,0,0,0,0.274419,5078.53,32.556,35.813,32.556,8
1,4,0,0,0,1,4,0,0,1,0,0.274419,5086.07,40.093,42.624,7.537,3
0,5,0,0,0,1,4,1,0,0,0,0.274419,5089.94,43.962,43.962,3.869,2
1,4,0,0,0,2,4,0,0,0,0,0.274419,5099.81,53.831,21.275,9.869,3
0,3,0,0,0,2,4,1,0,0,0,0.274419,5103.93,57.955,17.862,4.124,2
0,2,0,0,0,2,4,0,0,0,0,0.274419,5120.28,74.302,30.34,16.347,6
0,1,0,0,0,2,4,-1,0,0,0,0.274419,5121.09,75.117,21.286,0.815,0
0,0,0,0,0,0,4,0,0,0,0,0.273148,5130.34,0.0,26.407,9.245,3
0,-1,0,0,0,0,4,-1,0,0,0,0.271889,5135.94,5.598,15.658,5.598,1
0,-2,0,0,0,0,4,-2,0,0,0,0.270642,5140.25,9.907,19.152,4.309,1
0,-1,0,0,0,0,4,-3,0,0,0,0.269406,5142.28,11.942,11.942,2.035,1
0,-2,0,0,0,0,4,0,0,1,0,0.269406,5158.53,0.0,22.595,16.251,5
0,-1,0,0,0,0,0,1,0,0,0,0.269406,5161.49,2.962,21.248,2.962,2
1,-2,1,0,0,0,0,0,1,0,0,0.269406,5166.38,7.85,24.101,4.888,1
0,-1,1,0,0,0,0,1,0,0,0,0.269406,5206.6,48.071,48.071,40.221,14
1,0,2,0,0,0,0,0,0,0,0,0.269406,5207.45,48.919,45.957,0.848,1
1,1,3,0,0,0,0,1,0,0,0,0.269406,5210.28,51.743,43.893,2.824,1
0,2,0,0,0,0,1,0,0,0,0,0.268182,5236.83,0.0,30.228,26.556,4
1,1,0,0,0,0,1,1,0,0,0,0.271493,5242.18,5.348,34.728,5.348,2
0,0,0,0,0,0,1,2,0,0,0,0.27027,5247.46,10.626,37.182,5.278,1
0,-1,0,0,0,0,1,1,0,0,0,0.269058,5248.28,11.451,11.451,0.825,1
0,0,0,0,0,0,1,0,0,0,0,0.267857,5291.8,54.967,49.619,43.516,11
1,1,0,0,0,0,1,-1,0,0,0,0.271111,5320.31,83.475,72.849,28.508,10
1,0,0,0,0,0,1,0,0,0,0,0.274336,5349.24,112.406,100.955,28.931,10
0,-1,0,0,0,0,1,1,0,0,0,0.273128,5365.93,129.098,74.131,16.692,5
0,-2,0,0,0,0,1,0,0,0,0,0.27193,5377.26,140.432,56.957,11.334,3
0,-1,0,0,0,0,1,-1,0,0,0,0.270742,5382.77,145.939,33.533,5.507,1
0,0,0,0,0,0,1,0,0,0,0,0.270742,5395.68,0.0,29.746,12.905,3
1,-1,0,1,0,0,1,1,0,1,0,0.270742,5406.27,10.599,29.011,10.599,3
0,0,0,1,0,0,1,2,0,0,0,0.270742,5421.32,25.644,38.549,15.045,4
1,1,0,2,0,0,1,1,0,0,0,0.270742,5443.81,48.131,48.131,22.487,5
1,0,0,3,0,0,1,2,0,0,0,0.270742,5448.6,52.927,42.328,4.796,1
0,-1,0,0,0,0,2,0,0,0,0,0.269565,5452.07,0.0,30.753,3.47,1
0,-2,0,0,0,0,2,-1,0,0,0,0.268398,5464.39,12.315,20.581,12.315,3
0,-1,0,0,0,0,2,-2,0,0,0,0.267241,5470.27,18.198,21.668,5.883,1
1,-2,0,0,0,0,2,-3,0,0,0,0.270386,5472.44,20.366,20.366,2.168,0
0,-3,0,0,0,0,2,-2,0,0,0,0.269231,5480.28,28.206,15.891,7.84,1
0,-2,0,0,0,0,2,0,0,0,0,0.269231,5505.1,0.0,34.827,24.819,6
1,-1,0,0,1,0,2,-1,0,0,0,0.269231,5506.01,0.915,33.574,0.915,1
1,-2,0,0,2,0,2,0,1,0,0,0.269231,5507.39,2.288,27.107,1.373,1
0,-3,0,0,2,0,2,1,0,0,0,0.269231,5517.3,12.205,12.205,9.917,2
0,-2,0,0,2,0,2,0,0,0,0,0.269231,5540.01,34.913,33.998,22.708,6
1,-1,0,0,3,0,2,-1,0,0,0,0.269231,5544.42,39.325,37.037,4.412,1
1,0,0,0,4,0,2,0,0,0,0,0.269231,5547.51,42.411,30.206,3.086,1
1,1,0,0,5,0,2,1,0,0,0,0.269231,5548.9,43.8,8.887,1.389,1
0,2,0,0,0,0,3,0,0,0,0,0.268085,5553.16,0.0,8.74,4.265,0
1,1,0,0,0,0,3,1,0,0,0,0.271186,5573.4,20.237,25.891,20.237,4
0,2,0,0,0,0,3,2,0,0,0,0.270042,5576.73,23.565,27.83,3.328,1
1,1,0,0,0,0,3,1,0,0,0,0.273109,5585.73,32.568,32.568,9.003,2
0,0,0,0,0,0,3,2,0,0,0,0.271967,5589.24,36.081,15.844,3.513,1
0,-1,0,0,0,0,3,1,0,0,0,0.270833,5624.32,71.156,47.591,35.075,9
0,-2,0,0,0,0,3,0,0,0,0,0.26971,5656.88,103.721,71.153,32.565,9
0,-3,0,0,0,0,3,-1,0,0,0,0.268595,5675.27,122.108,86.027,18.387,5
0,-2,0,0,0,0,3,0,0,0,0,0.268595,5676.62,0.0,52.305,1.353,0
1,-3,0,0,0,1,3,-1,0,0,0,0.268595,5681.08,4.457,24.197,4.457,1
0,-2,0,0,0,1,3,0,0,0,0,0.268595,5699.62,22.992,24.345,18.535,4
1,-1,0,0,0,2,3,-1,1,0,0,0.268595,5700.98,24.357,24.357,1.365,1
1,0,0,0,0,3,3,0,0,1,0,0.268595,5714.27,37.649,33.192,13.292,5
1,-1,0,0,0,4,3,1,0,0,0,0.268595,5718.24,41.62,18.628,3.971,1
0,0,0,0,0,0,4,0,0,0,0,0.26749,5735.48,0.0,34.495,17.232,5
1,-1,0,0,0,0,4,-1,0,0,0,0.270492,5744.68,9.206,30.409,9.206,2
0,-2,0,0,0,0,4,0,0,0,0,0.269388,5751.33,15.858,33.09,6.652,1
0,-3,0,0,0,0,4,-1,0,0,0,0.268293,5752.83,17.359,17.359,1.501,1
0,-4,0,0,0,0,4,-2,0,0,0,0.267206,5762.94,27.462,18.256,10.103,1
0,-3,0,0,0,0,4,0,0,0,0,0.267206,5779.28,0.0,27.946,16.342,4
1,-4,0,0,0,1,4,-1,0,0,0,0.267206,5797.71,18.434,44.879,18.434,5
0,-3,0,0,0,1,4,0,0,0,0,0.267206,5820.88,41.598,57.94,23.164,6
1,-2,0,0,0,2,4,-1,0,0,0,0.267206,5823.25,43.972,43.972,2.374,1
1,-3,0,0,0,3,4,0,0,0,0,0.267206,5826.08,46.799,28.365,2.827,1
0,-2,0,0,0,3,4,1,0,0,0,0.267206,5845.24,65.962,24.364,19.163,6
1,-1,0,0,0,4,4,0,0,0,0,0.267206,5849.03,69.75,25.778,3.788,1
1,-2,0,0,0,5,4,1,0,0,0,0.267206,5887.07,107.79,60.991,38.04,9
0,-3,0,0,0,0,5,0,0,0,0,0.266129,5896.55,0.0,51.312,9.484,3
0,-2,0,0,0,0,5,-1,0,0,0,0.26506,5897.62,1.068,48.592,1.068,1
1,-3,0,0,0,0,5,-2,0,0,0,0.268,5903.19,6.635,16.119,5.567,2
0,-4,0,0,0,0,5,-1,0,0,0,0.266932,5912.61,16.058,16.058,9.423,1
0,-3,0,0,0,0,5,-2,0,0,0,0.265873,5913.53,16.974,15.906,0.916,1
0,-2,0,0,0,0,5,0,0,1,0,0.265873,5922.99,0.0,19.798,9.459,3
1,-3,0,0,0,1,5,1,0,0,0,0.265873,5927.02,4.036,14.411,4.036,1
0,-4,0,0,0,1,5,2,0,0,0,0.265873,5928.08,5.092,14.551,1.056,0
0,-5,0,0,0,1,5,1,0,0,0,0.265873,5943.83,20.846,20.846,15.754,4
0,-6,0,0,0,1,5,0,0,0,0,0.265873,5950.08,27.09,23.054,6.244,2
0,-7,0,0,0,1,5,-1,0,0,0,0.265873,5951.23,28.242,23.15,1.152,0
0,-8,0,0,0,0,5,0,0,0,0,0.264822,5953.1,0.0,9.269,1.873,1
0,-7,0,0,0,0,5,-1,0,0,0,0.26378,5962.79,9.688,12.713,9.688,1
1,-6,0,0,0,0,5,-2,0,0,0,0.266667,5981.84,28.741,30.614,19.053,4
1,-7,0,0,0,0,5,-1,0,0,0,0.269531,5989.56,36.459,36.459,7.718,0
0,-6,0,0,0,0,5,0,0,0,0,0.268482,5993.01,39.904,30.216,3.445,1
1,-7,0,0,0,0,5,-1,0,0,0,0.271318,6013.19,60.088,31.347,20.184,6
0,-6,0,0,0,0,5,0,0,0,0,0.27027,6039.65,86.544,50.085,26.456,3
1,-7,0,0,0,0,5,-1,0,0,0,0.273077,6046.77,93.664,53.76,7.12,2
0,-8,0,0,0,0,5,0,0,0,0,0.272031,6062.38,109.275,49.187,15.611,3
0,-8,0,0,0,0,5,-1,0,0,0,0.270992,6092.36,139.262,52.718,29.987,5
0,1,0,0,0,0,0,0,0,0,0,0.269962,6121.9,0.0,75.13,29.532,8
0,0,0,0,0,0,0,1,0,0,0,0.268939,6134.76,12.864,72.383,12.864,5
0,-1,0,0,0,0,0,0,0,0,0,0.267925,6135.69,13.792,43.324,0.928,1
0,-2,0,0,0,0,0,-1,0,0,0,0.266917,6169.14,47.242,47.242,33.45,7
0,-3,0,0,0,0,0,-2,0,0,0,0.265918,6201.77,79.871,67.007,32.629,7
0,-2,0,0,0,0,0,0,0,1,0,0.265918,6208.37,0.0,72.685,6.606,3
0,-3,0,0,0,0,0,1,0,0,0,0.265918,6235.2,26.83,66.065,26.83,8
1,-2,1,0,0,0,0,0,0,1,0,0.265918,6242.82,34.444,41.05,7.614,3
1,-1,2,0,0,0,0,1,0,0,0,0.265918,6252.15,43.779,43.779,9.335,3
0,-2,2,0,0,0,0,2,0,0,0,0.265918,6280.66,72.288,45.458,28.509,6
1,-1,3,0,0,0,0,1,0,0,0,0.265918,6284.99,76.62,42.176,4.332,1
0,-2,0,0,0,0,1,0,0,0,0,0.264925,6303.06,0.0,50.909,18.068,3
1,-1,0,0,0,0,1,-1,0,0,0,0.267658,6325.32,22.258,44.658,22.258,4
1,0,0,0,0,0,1,0,0,0,0,0.27037,6336.63,33.567,51.635,11.309,2
0,-1,0,0,0,0,1,1,0,0,0,0.269373,6373.53,70.466,70.466,36.899,5
0,-2,0,0,0,0,1,0,0,0,0,0.268382,6397.92,94.858,72.6,24.392,7
1,-1,0,0,0,0,1,-1,0,0,0,0.271062,6420.32,117.255,83.688,22.397,2
0,-2,0,0,0,0,1,0,0,0,0,0.270073,6422.0,118.939,48.473,1.684,1
0,-3,0,0,0,0,1,-1,0,0,0,0.269091,6467.18,164.122,69.264,45.183,5
0,-4,0,0,0,0,1,0,0,0,0,0.269091,6470.71,0.0,50.393,3.526,0
0,-5,0,0,0,0,1,-1,0,0,0,0.269091,6471.74,1.031,49.74,1.031,0
0,-6,0,0,0,0,1,-2,0,0,0,0.269091,6480.36,9.647,13.173,8.616,2
0,-7,0,0,0,0,1,-3,0,0,0,0.269091,6480.37,9.658,9.658,0.011,0
0,-8,0,0,0,0,1,0,0,0,0,0.268116,6484.09,0.0,12.347,3.72,1
0,-9,0,0,0,0,1,-1,0,0,0,0.267148,6512.43,28.346,32.077,28.346,7
0,-10,0,0,0,0,1,-2,0,0,0,0.266187,6521.89,37.806,41.526,9.46,3
0,-11,0,0,0,0,1,-3,0,0,0,0.265233,6546.42,62.333,62.333,24.527,7
0,-12,0,0,0,0,1,0,0,0,0,0.265233,6579.23,0.0,66.793,32.806,8
0,-13,0,0,0,0,1,-1,0,0,0,0.265233,6586.82,7.595,64.928,7.595,2
0,-14,0,0,0,0,1,-2,0,0,0,0.265233,6611.35,32.122,64.928,24.527,8
1,-13,0,0,1,0,1,-3,0,0,0,0.265233,6621.55,42.323,42.323,10.201,3
1,-12,0,0,2,0,1,-2,1,0,0,0.265233,6622.24,43.013,35.418,0.69,1
1,-11,0,0,3,0,1,-1,0,0,0,0.265233,6632.86,53.631,21.509,10.618,3
0,-12,0,0,3,0,1,0,0,0,0,0.265233,6648.75,69.529,27.206,15.898,2
1,-11,0,0,4,0,1,-1,0,1,0,0.265233,6656.42,77.199,34.186,7.67,3
1,-10,0,0,5,0,1,0,1,0,0,0.265233,6662.65,83.423,29.792,6.224,1
1,-9,0,0,6,0,1,1,0,0,0,0.265233,6665.53,86.301,16.772,2.878,1
0,-10,0,0,0,0,2,0,0,0,0,0.264286,6671.82,0.0,15.391,6.289,1
0,-11,0,0,0,0,2,-1,0,0,0,0.263345,6681.75,9.938,19.105,9.938,3
1,-10,0,0,0,0,2,-2,0,0,0,0.265957,6688.62,16.801,23.09,6.863,2
1,-9,0,0,0,0,2,-1,0,1,0,0.268551,6735.07,63.254,63.254,46.453,14
0,-10,0,0,0,0,2,0,0,0,0,0.267606,6747.91,76.091,66.153,12.837,3
0,-11,0,0,0,0,2,-1,0,0,0,0.266667,6753.2,81.382,64.581,5.291,1
0,-10,0,0,0,0,2,0,0,0,0,0.266667,6754.97,0.0,19.905,1.777,1
0,-11,0,0,0,0,2,1,0,0,0,0.266667,6775.99,21.018,28.086,21.018,4
1,-10,0,0,0,1,2,0,1,0,0,0.266667,6776.96,21.987,23.764,0.969,1
0,-11,0,0,0,1,2,1,0,0,0,0.266667,6783.37,28.391,28.391,6.404,0
0,-12,0,0,0,1,2,0,0,0,0,0.266667,6788.93,33.957,12.939,5.566,0
1,-11,0,0,0,2,2,-1,0,0,0,0.266667,6790.09,35.12,13.133,1.163,1
1,-10,0,0,0,3,2,0,0,0,0,0.266667,6819.7,64.726,36.335,29.606,9
1,-9,0,0,0,4,2,1,0,1,0,0.266667,6832.15,77.177,43.22,12.451,5
0,-10,0,0,0,0,3,0,0,0,0,0.265734,6902.43,0.0,112.337,70.28,9
0,-11,0,0,0,0,3,-1,0,0,0,0.264808,6920.13,17.699,100.43,17.699,3
0,-12,0,0,0,0,3,-2,0,0,0,0.263889,6926.92,24.492,94.772,6.793,1
0,-13,0,0,0,0,3,-3,0,0,0,0.262976,6936.86,34.43,34.43,9.938,1
0,-12,0,0,0,0,3,0,0,1,0,0.262976,6944.81,0.0,24.684,7.953,3
0,-13,0,0,0,0,0,1,0,0,0,0.262976,6945.87,1.059,18.95,1.059,4
0,-14,0,0,0,0,0,0,0,0,0,0.262976,6948.8,3.985,11.938,2.926,2
1,-13,1,0,0,0,0,-1,1,0,0,0.262976,6949.79,4.977,4.977,0.992,1
1,-12,2,0,0,0,0,0,0,0,0,0.262976,6966.36,21.546,20.487,16.569,3
0,-13,2,0,0,0,0,1,0,0,0,0.262976,6999.94,55.126,51.141,33.58,10
1,-12,3,0,0,0,0,0,0,1,0,0.262976,7010.26,65.449,60.472,10.323,3
1,-11,4,0,0,0,0,1,0,0,0,0.262976,7014.38,69.563,48.017,4.114,1
0,-12,0,0,0,0,1,0,0,0,0,0.262069,7026.96,0.0,27.019,12.582,3
0,-13,0,0,0,0,1,-1,0,0,0,0.261168,7037.54,10.58,27.276,10.58,3
0,-14,0,0,0,0,1,-2,0,0,0,0.260274,7042.77,15.807,28.389,5.227,1
1,-13,0,0,0,0,1,-3,0,0,0,0.262799,7049.4,22.441,22.441,6.634,2
0,-14,0,0,0,0,1,-2,0,0,0,0.261905,7056.29,29.326,18.746,6.885,1
0,-13,0,0,0,0,1,0,1,0,0,0.261905,7061.04,0.0,18.273,4.754,1
1,-12,0,1,0,0,1,1,1,0,0,0.261905,7064.36,3.317,14.956,3.317,1
0,-13,0,1,0,0,1,2,0,0,0,0.261905,7069.26,8.218,12.972,4.901,2
0,-14,0,1,0,0,1,1,0,0,0,0.261905,7092.09,31.048,31.048,22.83,6
0,-15,0,1,0,0,1,0,0,0,0,0.261905,7101.59,40.555,37.238,9.507,2
1,-14,0,2,0,0,1,-1,0,0,0,0.261905,7105.89,44.852,36.634,4.297,3
1,-13,0,3,0,0,1,0,1,0,0,0.261905,7109.56,48.519,17.471,3.667,1
1,-12,0,4,0,0,1,1,1,0,0,0.261905,7114.08,53.04,12.485,4.521,1
0,-13,0,0,0,0,2,0,0,0,0,0.261017,7122.59,0.0,16.703,8.515,3
0,-14,0,0,0,0,2,-1,0,0,0,0.260135,7126.59,3.992,17.028,3.992,1
0,-15,0,0,0,0,2,-2,0,0,0,0.259259,7137.93,15.337,23.852,11.345,1
0,-16,0,0,0,0,2,-3,0,0,0,0.258389,7148.65,26.055,26.055,10.718,1
0,-17,0,0,0,0,2,0,0,0,0,0.258389,7172.48,0.0,45.893,23.83,8
1,-16,0,0,1,0,2,-1,0,1,0,0.258389,7181.74,9.257,43.805,9.257,3
1,-15,0,0,2,0,2,0,0,0,0,0.258389,7192.83,20.355,44.185,11.098,3
0,-16,0,0,2,0,2,1,0,0,0,0.258389,7196.16,23.679,23.679,3.324,2
1,-15,0,0,3,0,2,0,0,1,0,0.258389,7218.07,45.586,36.329,21.907,7
1,-14,0,0,4,0,2,1,0,0,0,0.258389,7221.42,48.939,28.584,3.353,1
0,-13,0,0,0,0,3,0,0,0,0,0.257525,7238.96,0.0,42.799,17.539,4
1,-12,0,0,0,0,3,1,0,0,0,0.26,7254.9,15.943,36.835,15.943,4
1,-11,0,0,0,0,3,2,0,0,0,0.262458,7278.28,39.318,56.857,23.375,6
0,-12,0,0,0,0,3,3,0,0,0,0.261589,7294.39,55.43,55.43,16.112,5
0,-13,0,0,0,0,3,2,0,0,0,0.260726,7318.33,79.368,63.425,23.938,7
0,-14,0,0,0,0,3,1,0,0,0,0.259868,7318.75,79.79,40.472,0.422,1
0,-15,0,0,0,0,3,0,0,0,0,0.259016,7330.4,91.443,36.013,11.653,3
1,-14,0,0,0,0,3,-1,0,0,0,0.261438,7349.32,110.361,30.993,18.918,4
1,-13,0,0,0,0,3,0,0,0,0,0.263844,7360.18,121.22,41.43,10.859,2
0,-14,0,0,0,0,3,1,0,0,0,0.262987,7387.73,148.77,57.327,27.55,5
1,-13,0,0,0,0,3,0,0,0,0,0.265372,7408.11,169.153,58.792,20.383,2
0,-14,0,0,0,0,3,1,0,0,0,0.264516,7428.9,189.94,68.72,20.787,5
0,-15,0,0,0,0,3,0,0,0,0,0.263666,7435.61,196.655,47.885,6.715,1
1,-14,0,0,0,0,3,-1,0,0,0,0.266026,7450.75,211.794,42.641,15.139,4
0,-15,0,0,0,0,3,0,0,0,0,0.265176,7459.0,220.044,30.104,8.25,1
0,-16,0,0,0,0,3,-1,0,0,0,0.264331,7473.38,234.421,37.766,14.377,1
0,-17,0,0,0,0,3,0,0,0,0,0.264331,7481.71,0.0,30.959,8.332,4
1,-16,0,0,0,1,3,-1,1,0,0,0.264331,7482.35,0.635,23.344,0.635,1
0,-17,0,0,0,1,3,0,0,0,0,0.264331,7503.38,21.669,30.001,21.034,6
1,-16,0,0,0,2,3,-1,0,0,0,0.264331,7516.39,34.676,34.676,13.007,3
0,-17,0,0,0,2,3,0,0,0,0,0.264331,7546.09,64.379,63.744,29.703,6
0,-18,0,0,0,2,3,-1,0,0,0,0.264331,7571.55,89.842,68.173,25.463,8
0,-19,0,0,0,0,3,0,0,0,0,0.263492,7605.18,0.0,88.789,33.623,3
0,-20,0,0,0,0,3,-1,0,0,0,0.262658,7628.59,23.417,82.503,23.417,5
1,-19,0,0,0,0,3,-2,0,0,0,0.264984,7649.65,44.474,78.097,21.057,2
1,-18,0,0,0,0,3,-1,0,0,0,0.267296,7658.74,53.567,53.567,9.093,2
0,-19,0,0,0,0,3,0,0,0,0,0.266458,7743.82,138.642,115.225,85.075,11
0,-20,0,0,0,0,3,-1,0,0,0,0.265625,7752.41,147.23,102.756,8.588,1
0,-19,0,0,0,0,3,0,1,0,0,0.265625,7753.14,0.0,94.4,0.737,1
0,-20,0,0,0,0,3,1,0,0,0,0.265625,7760.56,7.42,16.745,7.42,2
0,-21,0,0,0,0,3,0,0,0,0,0.265625,7771.01,17.87,18.607,10.45,4
1,-20,0,0,0,1,3,-1,0,0,0,0.265625,7782.37,29.231,29.231,11.361,3
0,-21,0,0,0,1,3,0,0,0,0,0.265625,7811.33,58.185,50.765,28.954,6
1,-20,0,0,0,2,3,-1,0,0,0,0.265625,7815.87,62.729,44.859,4.544,1
1,-19,0,0,0,3,3,0,0,1,0,0.265625,7822.28,69.136,39.905,6.407,3
1,-18,0,0,0,4,3,1,1,0,0,0.265625,7825.36,72.22,14.035,3.084,1
0,-19,0,0,0,0,4,0,0,0,0,0.264798,7836.78,0.0,20.91,11.419,3
0,-20,0,0,0,0,4,-1,0,0,0,0.263975,7853.81,17.032,31.535,17.032,5
1,-19,0,0,0,0,4,-2,0,0,0,0.266254,7873.23,36.449,47.868,19.417,4
0,-20,0,0,0,0,4,-1,0,0,0,0.265432,7874.2,37.415,37.415,0.966,1
0,-21,0,0,0,0,4,-2,0,0,0,0.264615,7876.31,39.527,22.495,2.112,1
0,-22,0,0,0,0,4,0,0,0,0,0.264615,7901.89,0.0,28.663,25.585,8
1,-21,1,0,0,0,0,-1,1,0,0,0.264615,7906.01,4.12,31.817,4.12,1
1,-20,2,0,0,0,0,0,0,0,0,0.264615,7907.28,5.382,30.967,1.262,1
0,-21,2,0,0,0,0,1,0,0,0,0.264615,7914.01,12.121,12.121,6.739,2
0,-22,2,0,0,0,0,0,0,0,0,0.264615,7957.34,55.447,51.327,43.326,10
1,-21,3,0,0,0,0,-1,0,0,0,0.264615,7968.38,66.489,61.107,11.042,3
0,-22,3,0,0,0,0,0,0,0,0,0.264615,7969.72,67.828,55.707,1.339,0
1,-21,4,0,0,0,0,-1,0,0,0,0.264615,7977.85,75.953,20.506,8.125,3
0,-22,4,0,0,0,0,0,0,0,0,0.264615,7985.0,83.111,16.622,7.158,0
1,-21,5,0,0,0,0,-1,0,0,0,0.264615,7992.01,90.118,22.29,7.007,3
1,-20,6,0,0,0,0,0,0,0,0,0.264615,8006.5,104.61,28.657,14.492,3
1,-19,7,0,0,0,0,1,0,0,0,0.264615,8020.98,119.088,35.977,14.478,3
0,-20,0,0,0,0,1,0,0,0,0,0.263804,8046.88,0.0,54.87,25.9,3
1,-19,0,0,0,0,1,-1,0,0,0,0.266055,8076.37,29.488,69.866,29.488,6
0,-20,0,0,0,0,1,0,0,0,0,0.265244,8100.13,53.253,79.153,23.765,3
0,-21,0,0,0,0,1,-1,0,0,0,0.264438,8107.24,60.363,60.363,7.11,1
0,-22,0,0,0,0,1,-2,0,0,0,0.263636,8129.68,82.8,53.312,22.437,5
0,-23,0,0,0,0,1,0,0,0,0,0.263636,8133.47,0.0,33.335,3.788,2
1,-22,0,1,0,0,1,-1,0,0,0,0.263636,8202.58,69.109,95.334,69.109,21
1,-21,0,2,0,0,1,0,1,0,0,0.263636,8203.31,69.836,73.624,0.727,1
1,-20,0,3,0,0,1,1,0,0,0,0.263636,8206.45,72.978,72.978,3.142,1
1,-19,0,4,0,0,1,2,0,1,0,0.263636,8214.16,80.688,11.579,7.71,3
0,-18,0,0,0,0,2,0,0,0,0,0.26284,8224.74,0.0,21.438,10.586,2
0,-19,0,0,0,0,2,1,0,0,0,0.262048,8237.86,13.116,31.412,13.116,3
0,-20,0,0,0,0,2,0,0,0,0,0.261261,8250.27,25.524,36.11,12.408,3
0,-21,0,0,0,0,2,-1,0,0,0,0.260479,8324.57,99.828,99.828,74.304,13
1,-20,0,0,0,0,2,-2,0,0,0,0.262687,8332.74,107.994,94.878,8.166,2
1,-19,0,0,0,0,2,-1,0,0,0,0.264881,8350.41,125.669,100.145,17.675,2
1,-18,0,0,0,0,2,0,0,0,0,0.267062,8379.19,154.446,54.618,28.777,6
1,-17,0,0,0,0,2,1,0,0,0,0.269231,8388.91,164.17,56.176,9.724,2
0,-16,0,0,0,0,3,0,0,0,0,0.269231,8421.87,0.0,71.458,32.957,9
0,-17,0,0,0,0,3,1,0,0,0,0.269231,8436.07,14.2,56.881,14.2,4
1,-16,0,0,1,0,3,0,0,0,0,0.269231,8450.3,28.43,61.387,14.23,3
1,-15,0,0,2,0,3,1,0,0,0,0.269231,8452.67,30.798,30.798,2.368,1
1,-14,0,0,3,0,3,2,1,0,0,0.269231,8457.58,35.705,21.505,4.907,1
0,-13,0,0,0,0,4,0,0,0,0,0.268437,8483.93,0.0,33.632,26.357,4
0,-14,0,0,0,0,4,1,0,0,0,0.267647,8497.86,13.93,45.194,13.93,3
0,-15,0,0,0,0,4,0,0,0,0,0.266862,8515.59,31.661,58.018,17.731,5
1,-14,0,0,0,0,4,-1,0,0,0,0.269006,8531.31,47.374,47.374,15.713,4
0,-15,0,0,0,0,4,0,0,0,0,0.268222,8538.55,54.622,40.692,7.248,1
0,-16,0,0,0,0,4,-1,0,0,0,0.267442,8543.01,59.076,27.415,4.454,1
0,-15,0,0,0,0,4,0,0,0,1,0.267442,8549.39,0.0,18.084,6.382,3
1,-14,0,0,0,1,4,1,0,0,0,0.267442,8561.88,12.486,23.322,12.486,3
0,-15,0,0,0,1,4,2,0,0,0,0.267442,8569.31,19.924,26.306,7.438,2
1,-14,0,0,0,2,4,1,0,0,1,0.267442,8577.73,28.342,28.342,8.418,3
1,-13,0,0,0,3,4,2,0,1,0,0.267442,8608.25,58.862,46.376,30.52,9
0,-14,0,0,0,0,5,0,0,0,0,0.266667,8610.46,0.0,41.149,2.211,1
1,-13,0,0,0,0,5,-1,0,0,0,0.268786,8612.56,2.092,34.823,2.092,0
0,-14,0,0,0,0,5,0,0,0,0,0.268012,8612.64,2.174,4.385,0.082,1
0,-15,0,0,0,0,5,-1,0,0,0,0.267241,8619.78,9.317,9.317,7.143,3
0,-16,0,0,0,0,5,-2,0,0,0,0.266476,8628.93,18.47,16.378,9.153,3
0,-15,0,0,0,0,5,0,0,0,0,0.266476,8633.26,0.0,20.627,4.331,1
1,-14,0,0,0,1,5,1,0,0,0,0.266476,8672.27,39.003,52.487,39.003,9
1,-13,0,0,0,2,5,2,0,0,0,0.266476,8675.6,42.339,46.67,3.336,1
0,-14,0,0,0,2,5,3,0,0,0,0.266476,8680.56,47.3,47.3,4.961,0
0,-15,0,0,0,2,5,2,0,0,0,0.266476,8683.96,50.699,11.696,3.399,2
0,-16,0,0,0,2,5,1,0,0,0,0.266476,8711.6,78.336,35.997,27.637,8
1,-15,0,0,0,3,5,0,0,1,0,0.266476,8719.04,85.777,38.477,7.441,3
1,-14,0,0,0,4,5,1,0,1,0,0.266476,8747.61,114.343,63.644,28.566,5
0,-15,0,0,0,0,6,0,0,0,0,0.265714,8799.46,0.0,87.858,51.851,9
1,-14,0,0,0,0,0,-1,0,0,0,0.267806,8811.17,11.716,92.133,11.716,2
0,-15,0,0,0,0,0,0,0,0,0,0.267045,8819.66,20.201,72.052,8.485,3
1,-14,0,0,0,0,0,-1,0,0,0,0.269122,8827.74,28.28,28.28,8.079,2
1,-13,0,0,0,0,0,0,0,0,0,0.271186,8844.77,45.311,33.595,17.031,4
0,-14,0,0,0,0,0,1,0,0,0,0.270423,8863.7,64.242,44.041,18.931,5
0,-15,0,0,0,0,0,0,0,0,0,0.269663,8899.24,99.786,71.506,35.544,9
0,-16,0,0,0,0,0,-1,0,0,0,0.268908,8916.59,117.13,71.819,17.344,3
0,-17,0,0,0,0,0,0,0,0,0,0.268908,8922.52,0.0,58.816,5.928,2
1,-16,1,0,0,0,0,-1,0,1,0,0.268908,8927.35,4.838,28.11,4.838,3
0,-17,1,0,0,0,0,0,0,0,0,0.268908,8928.3,5.781,11.709,0.943,0
1,-16,2,0,0,0,0,-1,0,1,0,0.268908,8932.81,10.298,10.298,4.517,3
0,-17,2,0,0,0,0,0,0,0,0,0.268908,8943.92,21.402,16.564,11.104,4
0,-18,2,0,0,0,0,-1,0,0,0,0.268908,8952.64,30.12,24.339,8.718,2
0,-19,0,0,0,0,0,0,0,0,0,0.268156,8962.12,0.0,29.31,9.488,1
0,-20,0,0,0,0,0,-1,0,0,0,0.267409,8987.37,25.248,43.454,25.248,5
0,-21,0,0,0,0,0,-2,0,0,0,0.266667,8995.33,33.204,42.692,7.956,1
0,-22,0,0,0,0,0,-3,0,0,0,0.265928,9001.29,39.161,39.161,5.957,1
0,-21,0,0,0,0,0,0,0,0,0,0.265928,9007.57,0.0,20.195,6.282,3
1,-20,0,1,0,0,0,1,0,0,0,0.265928,9012.23,4.661,16.9,4.661,1
0,-21,0,1,0,0,0,2,0,0,0,0.265928,9020.26,12.694,18.976,8.033,4
1,-20,0,2,0,0,0,1,0,0,0,0.265928,9024.2,16.631,16.631,3.937,1
1,-19,0,3,0,0,0,2,1,0,0,0.265928,9025.35,17.784,13.123,1.153,1
0,-20,0,0,0,0,1,0,0,0,0,0.265193,9043.21,0.0,22.948,17.858,3
0,-21,0,0,0,0,1,-1,0,0,0,0.264463,9078.57,35.365,54.376,35.365,9
0,-22,0,0,0,0,1,-2,0,0,0,0.263736,9080.23,37.017,54.875,1.652,1
0,-23,0,0,0,0,1,-3,0,0,0,0.263014,9120.41,77.2,77.2,40.183,11
0,-22,0,0,0,0,1,0,0,0,0,0.263014,9129.03,0.0,50.451,8.616,3
1,-21,0,0,1,0,1,1,0,0,0,0.263014,9160.94,31.917,80.716,31.917,9
1,-20,0,0,2,0,1,2,0,0,0,0.263014,9162.21,33.182,41.798,1.265,1
0,-21,0,0,2,0,1,3,0,0,0,0.263014,9164.43,35.407,35.407,2.225,0
1,-20,0,0,3,0,1,2,0,0,1,0.263014,9171.28,42.254,10.337,6.847,3
0,-21,0,0,0,0,2,0,0,0,0,0.262295,9286.28,0.0,124.071,114.999,17
0,-22,0,0,0,0,2,-1,0,0,0,0.26158,9289.63,3.352,125.198,3.352,1
0,-23,0,0,0,0,2,-2,0,0,0,0.26087,9300.51,14.232,129.231,10.88,3
0,-24,0,0,0,0,2,-3,0,0,0,0.260163,9302.33,16.055,16.055,1.823,1
0,-23,0,0,0,0,2,0,0,0,0,0.260163,9309.29,0.0,19.659,6.956,1
1,-22,0,0,0,1,2,1,0,0,0,0.260163,9318.58,9.292,18.071,9.292,3
1,-21,0,0,0,2,2,2,1,0,0,0.260163,9319.32,10.028,16.984,0.736,1
0,-22,0,0,0,2,2,3,0,0,0,0.260163,9330.64,21.353,21.353,11.325,2
1,-21,0,0,0,3,2,2,0,0,0,0.260163,9342.54,33.255,23.963,11.902,3
0,-22,0,0,0,0,3,0,0,0,0,0.259459,9357.1,0.0,37.78,14.553,1
1,-21,0,0,0,0,3,-1,0,0,0,0.261456,9405.59,48.488,74.943,48.488,10
0,-22,0,0,0,0,3,0,0,0,0,0.260753,9426.3,69.198,83.751,20.71,1
0,-23,0,0,0,0,3,-1,0,0,0,0.260054,9427.35,70.254,70.254,1.056,1
0,-24,0,0,0,0,3,-2,0,0,0,0.259358,9436.51,79.41,30.922,9.156,3
0,1,0,0,0,0,0,0,0,0,0,0.0,13.401,0.0,13.401,13.401,4
0,0,0,0,0,0,0,1,0,0,0,0.0,16.936,3.535,16.936,3.535,1
0,-1,0,0,0,0,0,0,0,0,0,0.0,30.671,17.27,30.671,13.735,3
0,-2,0,0,0,0,0,-1,0,0,0,0.0,34.597,21.196,21.196,3.926,1
0,-3,0,0,0,0,0,-2,0,0,0,0.0,35.564,22.163,18.628,0.967,1
0,-2,0,0,0,0,0,0,0,0,0,0.0,40.385,0.0,9.714,4.821,1
1,-1,1,0,0,0,0,1,0,0,0,0.0,62.142,21.757,27.545,21.757,5
0,-2,1,0,0,0,0,2,0,0,0,0.0,98.062,57.677,62.498,35.92,10
1,-1,2,0,0,0,0,1,0,0,0,0.0,98.987,58.602,58.602,0.925,1
1,0,3,0,0,0,0,2,1,0,0,0.0,101.017,60.632,38.875,2.03,1
0,-1,0,0,0,0,1,0,0,0,0,0.0,108.971,0.0,10.909,7.954,1
0,-2,0,0,0,0,1,-1,0,0,0,0.0,134.927,25.956,35.94,25.956,7
1,-1,0,0,0,0,1,-2,0,0,0,0.125,139.797,30.826,38.78,4.87,2
0,-2,0,0,0,0,1,-1,0,0,0,0.111111,147.59,38.619,38.619,7.793,3
0,-3,0,0,0,0,1,-2,0,0,0,0.1,156.847,47.876,21.92,9.257,3
0,-2,0,0,0,0,1,0,0,0,0,0.1,202.637,0.0,62.84,45.79,9
1,-1,0,1,0,0,1,1,0,0,0,0.1,208.267,5.63,60.677,5.63,1
1,0,0,2,0,0,1,2,1,0,0,0.1,209.529,6.892,52.682,1.262,1
1,1,0,3,0,0,1,3,0,0,0,0.1,217.208,14.571,14.571,7.679,1
0,0,0,0,0,0,2,0,0,0,0,0.0909091,248.522,0.0,40.255,31.314,0
0,-1,0,0,0,0,2,-1,0,0,0,0.0833333,264.08,15.558,54.551,15.558,5
0,-2,0,0,0,0,2,-2,0,0,0,0.0769231,265.226,16.704,48.018,1.146,1
1,-1,0,0,0,0,2,-3,0,0,0,0.142857,291.187,42.665,42.665,25.961,8
0,-2,0,0,0,0,2,-2,0,0,0,0.133333,312.672,64.15,48.592,21.485,5
0,-1,0,0,0,0,2,0,0,0,0,0.133333,312.672,0.0,47.446,0.0,0
1,0,0,0,1,0,2,1,0,0,0,0.133333,356.469,43.797,65.282,43.797,13
1,1,0,0,2,0,2,2,0,0,0,0.133333,403.532,90.86,90.86,47.063,9
1,2,0,0,3,0,2,3,0,0,0,0.133333,413.51,100.838,100.838,9.978,3
0,1,0,0,0,0,3,0,0,0,0,0.125,413.51,0.0,57.041,0.0,1
0,0,0,0,0,0,3,-1,0,0,0,0.117647,414.806,1.296,11.274,1.296,1
0,-1,0,0,0,0,3,-2,0,0,0,0.111111,415.905,2.395,2.395,1.099,1
1,0,0,0,0,0,3,-3,0,0,0,0.157895,442.611,29.101,29.101,26.706,6
0,-1,0,0,0,0,3,-2,0,0,0,0.15,443.819,30.309,29.013,1.208,1
0,-2,0,0,0,0,3,0,0,0,0,0.15,443.819,0.0,27.914,0.0,0
0,-3,0,0,0,0,3,-1,0,0,0,0.15,486.026,42.207,43.415,42.207,12
1,-2,0,0,0,1,3,-2,0,0,0,0.15,500.848,57.029,57.029,14.822,3
1,-1,0,0,0,2,3,-1,0,0,0,0.15,524.584,80.765,80.765,23.736,7
0,-2,0,0,0,2,3,0,0,0,0,0.15,542.396,98.577,56.37,17.812,4
1,-1,0,0,0,3,3,-1,1,0,0,0.15,543.691,99.872,42.843,1.295,1
0,-2,0,0,0,3,3,0,0,0,0,0.15,568.746,124.927,44.162,25.055,8
1,-1,0,0,0,4,3,-1,0,0,0,0.15,590.202,146.383,47.806,21.456,5
1,0,0,0,0,5,3,0,0,0,0,0.15,595.56,151.741,51.869,5.358,1
1,1,0,0,0,6,3,1,0,0,0,0.15,599.616,155.797,30.87,4.056,1
0,0,0,0,0,0,4,0,0,0,0,0.142857,601.124,0.0,10.922,1.508,1
1,1,0,0,0,0,4,-1,0,0,0,0.181818,602.299,1.175,6.739,1.175,0
1,2,0,0,0,0,4,0,0,1,0,0.217391,632.429,31.305,32.813,30.13,8
0,1,0,0,0,0,4,1,0,0,0,0.208333,633.643,32.519,32.519,1.214,1
0,0,0,0,0,0,4,0,0,0,0,0.2,634.728,33.604,32.429,1.085,1
0,-1,0,0,0,0,4,-1,0,0,0,0.192308,644.606,43.482,12.177,9.878,3
0,-2,0,0,0,0,4,0,0,0,0,0.192308,686.212,0.0,52.569,41.606,12
1,-1,0,0,0,1,4,-1,0,0,1,0.192308,699.968,13.756,65.24,13.756,5
1,0,0,0,0,2,4,0,0,0,0,0.192308,712.629,26.417,68.023,12.661,3
1,1,0,0,0,3,4,1,0,0,0,0.192308,738.0,51.788,51.788,25.371,7
1,2,0,0,0,4,4,2,0,0,0,0.192308,740.87,54.658,40.902,2.87,1
0,1,0,0,0,0,5,0,0,0,0,0.185185,753.119,0.0,40.49,12.249,1
0,0,0,0,0,0,5,-1,0,0,0,0.178571,757.426,4.307,19.426,4.307,1
0,-1,0,0,0,0,5,-2,0,0,0,0.172414,762.328,9.209,21.458,4.902,1
0,-2,0,0,0,0,5,-3,0,0,0,0.166667,763.445,10.326,10.326,1.117,1
0,-1,0,0,0,0,5,0,0,0,0,0.166667,763.676,0.0,6.25,0.231,1
1,0,0,0,0,1,5,1,0,0,0,0.166667,780.629,16.953,18.301,16.953,5
1,1,0,0,0,2,5,2,0,0,0,0.166667,784.583,20.907,21.138,3.954,1
0,0,0,0,0,2,5,3,0,0,0,0.166667,798.631,34.955,34.955,14.048,4
1,1,0,0,0,3,5,2,0,0,0,0.166667,808.218,44.542,27.589,9.587,1
0,0,0,0,0,0,6,0,0,0,0,0.16129,818.658,0.0,34.075,10.44,3
1,1,0,0,0,1,6,-1,0,0,1,0.16129,831.149,12.491,32.518,12.491,3
0,0,0,0,0,1,6,0,0,0,0,0.16129,852.562,33.904,44.344,21.413,8
1,1,0,0,0,1,6,-1,0,0,0,0.1875,894.511,75.853,75.853,41.949,12
0,0,0,0,0,1,6,0,0,0,0,0.181818,909.062,90.404,77.913,14.551,5
1,1,0,0,0,2,6,-1,0,0,0,0.181818,915.488,96.83,62.926,6.426,3
0,0,0,0,0,2,6,0,0,0,0,0.181818,960.192,141.534,65.681,44.704,12
0,-1,0,0,0,2,6,-1,0,0,0,0.176471,964.958,146.3,55.896,4.766,1
0,-2,0,0,0,2,6,-2,0,0,0,0.171429,976.165,157.507,60.677,11.207,3
1,-1,0,0,0,3,6,-3,0,0,0,0.171429,978.312,159.654,18.12,2.147,0
1,0,0,0,0,4,6,-2,0,0,0,0.171429,987.715,169.057,22.757,9.403,3
0,-1,0,0,0,4,6,-1,0,0,0,0.166667,1000.74,182.08,24.573,13.023,3
0,0,0,0,0,0,6,0,0,0,0,0.166667,1016.14,0.0,37.828,15.402,3
1,1,1,0,0,0,0,1,0,0,0,0.166667,1021.85,5.712,34.137,5.712,1
0,0,1,0,0,0,0,2,0,0,0,0.166667,1050.52,34.38,49.782,28.668,6
1,1,2,0,0,0,0,1,0,0,1,0.166667,1072.68,56.544,56.544,22.164,7
0,0,2,0,0,0,0,2,0,0,0,0.166667,1076.61,60.468,54.756,3.924,2
1,1,3,0,0,0,0,1,0,1,0,0.166667,1086.64,70.504,36.124,10.036,3
0,0,0,0,0,0,1,0,0,0,0,0.162162,1087.9,0.0,15.218,1.258,1
0,-1,0,0,0,0,1,-1,0,0,0,0.157895,1120.12,32.215,43.509,32.215,5
1,0,0,0,0,0,1,-2,0,0,0,0.179487,1147.26,59.358,60.616,27.143,8
0,-1,0,0,0,0,1,-1,0,0,0,0.175,1152.62,64.723,64.723,5.365,1
0,-2,0,0,0,0,1,-2,0,0,0,0.170732,1174.4,86.5,54.285,21.777,5
0,-3,0,0,0,0,1,0,0,0,0,0.170732,1213.15,0.0,65.89,38.748,14
0,-4,0,0,0,0,1,-1,0,0,0,0.170732,1229.73,16.582,77.107,16.582,4
1,-3,0,1,0,0,1,-2,0,0,0,0.170732,1245.89,32.737,71.485,16.155,5
0,-4,0,1,0,0,1,-1,0,0,0,0.170732,1261.88,48.733,48.733,15.996,4
0,-5,0,1,0,0,1,-2,0,0,0,0.170732,1288.31,75.157,58.575,26.424,8
0,-4,0,0,0,0,1,0,0,0,0,0.166667,1301.82,0.0,55.929,13.509,4
0,-5,0,0,0,0,1,1,0,0,0,0.162791,1311.79,9.975,49.908,9.975,0
0,-6,0,0,0,0,1,0,0,0,0,0.159091,1312.68,10.861,24.37,0.886,1
1,-5,0,0,0,0,1,-1,0,0,0,0.177778,1322.23,20.409,20.409,9.548,2
0,-6,0,0,0,0,1,0,0,0,0,0.173913,1339.55,37.734,27.759,17.325,5
0,-7,0,0,0,0,1,-1,0,0,0,0.170213,1347.8,45.984,35.123,8.25,3
0,-8,0,0,0,0,1,0,0,0,0,0.170213,1349.0,0.0,26.777,1.202,0
1,-7,0,0,1,0,1,-1,0,0,0,0.170213,1360.81,11.808,21.26,11.808,3
1,-6,0,0,2,0,1,0,0,0,0,0.170213,1365.77,16.769,17.971,4.961,1
1,-5,0,0,3,0,1,1,0,0,0,0.170213,1366.82,17.814,17.814,1.045,1
1,-4,0,0,4,0,1,2,0,0,0,0.170213,1386.49,37.489,25.681,19.675,5
0,-3,0,0,0,0,2,0,0,0,1,0.166667,1414.14,0.0,48.371,27.651,8
1,-2,0,0,0,0,2,1,0,0,0,0.183673,1451.91,37.77,85.096,37.77,10
0,-3,0,0,0,0,2,2,0,0,0,0.18,1459.69,45.549,73.2,7.779,3
0,-4,0,0,0,0,2,1,0,0,0,0.176471,1465.23,51.083,51.083,5.534,1
0,-5,0,0,0,0,2,0,0,0,0,0.173077,1466.34,52.202,14.432,1.119,1
0,-6,0,0,0,0,2,-1,0,0,0,0.169811,1470.46,56.313,10.764,4.111,1
0,-5,0,0,0,0,2,0,0,0,0,0.169811,1481.05,0.0,15.826,10.596,3
0,-6,0,0,0,0,2,1,0,0,0,0.169811,1483.38,2.331,17.038,2.331,0
1,-5,0,0,0,1,2,0,0,0,0,0.169811,1500.93,19.876,30.472,17.545,0
1,-4,0,0,0,2,2,1,0,0,0,0.169811,1504.68,23.633,23.633,3.757,1
1,-3,0,0,0,3,2,2,1,0,0,0.169811,1505.65,24.595,22.264,0.962,1
0,-4,0,0,0,0,3,0,0,0,0,0.166667,1506.54,0.0,5.617,0.898,1
1,-3,0,0,0,0,3,-1,0,0,1,0.181818,1533.0,26.457,28.317,26.457,8
0,-4,0,0,0,0,3,0,0,0,0,0.178571,1554.83,48.282,49.18,21.825,5
0,-5,0,0,0,0,3,-1,0,0,0,0.175439,1555.43,48.884,48.884,0.602,1
0,-6,0,0,0,0,3,-2,0,0,0,0.172414,1556.64,50.095,23.638,1.211,1
0,-5,0,0,0,0,3,0,0,1,0,0.172414,1564.52,0.0,9.692,7.879,3
1,-4,0,0,0,1,3,1,0,0,0,0.172414,1566.77,2.249,11.339,2.249,1
0,-5,0,0,0,1,3,2,0,0,0,0.172414,1576.81,12.288,20.167,10.039,4
1,-4,0,0,0,2,3,1,0,0,0,0.172414,1579.8,15.278,15.278,2.99,1
1,-3,0,0,0,3,3,2,0,0,0,0.172414,1580.54,16.019,13.77,0.741,1
0,-2,0,0,0,0,4,0,0,0,0,0.169492,1601.5,0.0,24.696,20.965,4
0,-3,0,0,0,0,4,1,0,0,0,0.166667,1602.74,1.236,22.942,1.236,1
1,-2,0,0,0,0,4,0,0,0,1,0.180328,1640.29,38.785,59.75,37.549,8
0,-3,0,0,0,0,4,1,0,0,0,0.177419,1642.98,41.474,41.474,2.689,1
0,-4,0,0,0,0,4,0,0,0,0,0.174603,1652.36,50.853,49.617,9.379,3
0,-5,0,0,0,0,4,-1,0,0,0,0.171875,1675.06,73.553,34.768,22.7,1
0,-4,0,0,0,0,4,0,0,0,0,0.171875,1682.27,0.0,39.291,7.212,3
1,-3,1,0,0,0,0,1,0,0,0,0.171875,1698.6,16.329,46.241,16.329,5
1,-2,2,0,0,0,0,2,0,0,0,0.171875,1711.29,29.021,36.233,12.692,3
0,-3,2,0,0,0,0,3,0,0,0,0.171875,1713.75,31.487,31.487,2.466,0
1,-2,3,0,0,0,0,2,0,0,1,0.171875,1720.34,38.076,21.747,6.589,3
0,-1,0,0,0,0,1,0,0,0,0,0.169231,1779.67,0.0,68.377,59.322,16
0,-2,0,0,0,0,1,1,0,0,0,0.166667,1807.4,27.738,93.649,27.738,9
0,-3,0,0,0,0,1,0,0,0,0,0.164179,1808.38,28.71,88.032,0.972,1
0,-4,0,0,0,0,1,-1,0,0,0,0.161765,1822.24,42.575,42.575,13.865,5
0,-5,0,0,0,0,1,-2,0,0,0,0.15942,1827.89,48.225,20.487,5.65,1
0,-4,0,0,0,0,1,0,0,0,0,0.15942,1835.41,0.0,27.037,7.522,1
1,-3,0,1,0,0,1,1,0,1,0,0.15942,1845.43,10.021,23.193,10.021,3
1,-2,0,2,0,0,1,2,0,0,0,0.15942,1893.53,58.118,65.64,48.097,11
1,-1,0,3,0,0,1,3,1,0,0,0.15942,1894.26,58.849,58.849,0.731,1
0,-2,0,0,0,0,2,0,0,0,0,0.157143,1900.88,0.0,55.442,6.614,1
0,-3,0,0,0,0,2,-1,0,0,0,0.15493,1925.96,25.083,32.428,25.083,3
1,-2,0,0,0,0,2,-2,0,0,0,0.166667,1934.69,33.814,40.428,8.731,2
0,-3,0,0,0,0,2,-1,0,0,0,0.164384,1939.91,39.035,39.035,5.221,1
0,-4,0,0,0,0,2,-2,0,0,0,0.162162,1945.57,44.696,19.613,5.661,1
0,-3,0,0,0,0,2,0,0,0,0,0.162162,1979.67,0.0,44.985,34.103,0
0,-4,0,0,0,0,2,1,0,0,0,0.162162,1996.18,16.502,56.266,16.502,4
1,-3,0,0,1,0,2,0,0,0,0,0.162162,2000.73,21.052,55.155,4.55,1
1,-2,0,0,2,0,2,1,0,0,0,0.162162,2013.37,33.696,33.696,12.644,3
0,-3,0,0,2,0,2,2,0,0,0,0.162162,2031.3,51.63,35.128,17.934,6
0,-4,0,0,2,0,2,1,0,0,0,0.162162,2065.3,85.624,64.572,33.994,10
0,-5,0,0,2,0,2,0,0,0,0,0.162162,2079.87,100.198,66.502,14.574,4
0,-6,0,0,2,0,2,-1,0,0,0,0.162162,2112.01,132.335,80.705,32.137,10
0,-7,0,0,0,0,2,0,0,0,0,0.16,2116.05,0.0,50.753,4.042,1
0,-8,0,0,0,0,2,-1,0,0,0,0.157895,2116.05,0.0,36.179,0.0,1
0,-9,0,0,0,0,2,-2,0,0,0,0.155844,2126.02,9.967,14.009,9.967,3
0,-10,0,0,0,0,2,-3,0,0,0,0.153846,2126.02,9.967,9.967,0.0,0
0,-9,0,0,0,0,2,0,0,1,0,0.153846,2143.31,0.0,27.262,17.295,5
0,-10,0,0,0,0,2,1,0,0,0,0.153846,2146.66,3.351,20.646,3.351,0
1,-9,0,0,0,1,2,0,0,0,0,0.153846,2159.79,16.478,33.773,13.127,3
1,-8,0,0,0,2,2,1,0,0,0,0.153846,2166.14,22.822,22.822,6.344,1
1,-7,0,0,0,3,2,2,1,0,0,0.153846,2167.03,23.712,20.361,0.89,1
0,-8,0,0,0,0,3,0,0,0,0,0.151899,2171.42,0.0,11.625,4.391,1
0,-9,0,0,0,0,3,-1,0,0,0,0.15,2182.1,10.682,15.963,10.682,3
1,-8,0,0,0,0,3,-2,0,0,0,0.160494,2183.87,12.457,16.848,1.775,0
0,-9,0,0,0,0,3,-1,0,0,0,0.158537,2185.12,13.707,13.707,1.25,1
1,-8,0,0,0,0,3,-2,0,0,0,0.168675,2194.65,23.234,12.552,9.527,2
1,-7,0,0,0,0,3,-1,0,0,0,0.178571,2234.95,63.53,51.073,40.296,6
1,-6,0,0,0,0,3,0,0,0,0,0.188235,2239.95,68.529,54.822,4.999,2
0,-7,0,0,0,0,3,1,0,0,0,0.186047,2240.86,69.442,46.208,0.913,1
1,-6,0,0,0,0,3,0,0,0,0,0.195402,2260.06,88.646,25.116,19.204,4
0,-7,0,0,0,0,3,1,0,0,0,0.193182,2293.74,122.32,53.791,33.674,7
0,-8,0,0,0,0,3,0,0,0,0,0.191011,2313.19,141.77,72.328,19.45,5
0,-9,0,0,0,0,3,-1,0,0,0,0.188889,2327.42,156.002,67.356,14.232,3
0,-8,0,0,0,0,3,0,0,0,0,0.188889,2327.42,0.0,33.682,0.0,0
1,-7,0,0,0,1,3,1,0,0,0,0.188889,2330.78,3.365,17.597,3.365,1
0,-8,0,0,0,1,3,2,0,0,0,0.188889,2332.39,4.976,4.976,1.611,0
1,-7,0,0,0,2,3,1,0,0,0,0.188889,2336.73,9.313,9.313,4.337,1
1,-6,0,0,0,3,3,2,1,0,0,0.188889,2337.8,10.38,7.015,1.067,1
0,-7,0,0,0,0,4,0,0,0,0,0.186813,2343.19,0.0,10.794,5.39,1
0,-8,0,0,0,0,4,-1,0,0,0,0.184783,2344.37,1.182,7.639,1.182,1
0,-9,0,0,0,0,4,-2,0,0,0,0.182796,2355.32,12.128,17.518,10.946,5
0,-10,0,0,0,0,4,-3,0,0,0,0.180851,2364.68,21.496,21.496,9.368,3
0,1,0,0,0,0,0,0,0,0,0,0.180851,2364.68,0.0,20.314,0.0,0
0,0,0,0,0,0,0,1,0,0,0,0.180851,2369.65,4.965,14.333,4.965,2
0,-1,0,0,0,0,0,0,0,0,0,0.180851,2388.55,23.865,23.865,18.9,6
1,0,1,0,0,0,0,-1,0,0,1,0.180851,2423.32,58.64,58.64,34.775,11
0,-1,1,0,0,0,0,0,0,0,0,0.180851,2427.65,62.966,58.001,4.326,2
0,-2,1,0,0,0,0,-1,0,0,0,0.180851,2447.64,82.951,59.086,19.985,2
0,-3,0,0,0,0,0,0,0,0,0,0.178947,2448.82,0.0,25.499,1.188,1
1,-2,0,0,0,0,0,-1,0,0,0,0.1875,2449.73,0.91,22.083,0.91,0
0,-3,0,0,0,0,0,0,0,0,0,0.185567,2463.84,15.014,16.202,14.104,3
1,-2,0,0,0,0,0,-1,0,0,0,0.193878,2483.98,35.157,35.157,20.143,6
1,-1,0,0,0,0,0,0,0,0,0,0.20202,2494.73,45.91,45.0,10.753,2
0,-2,0,0,0,0,0,1,0,0,0,0.2,2544.38,95.552,80.538,49.642,11
1,-1,0,0,0,0,0,0,0,1,0,0.207921,2549.1,100.274,65.117,4.722,2
0,-2,0,0,0,0,0,1,0,0,0,0.205882,2557.06,108.234,62.324,7.96,3
0,-3,0,0,0,0,0,0,0,0,0,0.203883,2561.18,112.356,16.804,4.122,1
0,-4,0,0,0,0,0,-1,0,0,0,0.201923,2565.0,116.173,15.899,3.817,1
0,-3,0,0,0,0,0,0,0,0,0,0.201923,2574.94,0.0,17.884,9.945,3
1,-2,0,1,0,0,0,1,1,0,0,0.201923,2576.14,1.201,14.963,1.201,1
1,-1,0,2,0,0,0,2,0,0,0,0.201923,2590.37,15.427,25.372,14.226,5
0,-2,0,2,0,0,0,3,0,0,0,0.201923,2597.28,22.343,22.343,6.916,2
0,-3,0,2,0,0,0,2,0,0,0,0.201923,2610.22,35.276,34.075,12.933,4
1,-2,0,3,0,0,0,1,0,0,0,0.201923,2615.42,40.482,25.055,5.206,1
0,-3,0,0,0,0,1,0,0,0,0,0.2,2665.46,0.0,68.179,50.04,9
0,-4,0,0,0,0,1,-1,0,0,0,0.198113,2691.99,26.522,81.768,26.522,7
0,-5,0,0,0,0,1,-2,0,0,0,0.196262,2700.76,35.3,85.34,8.778,3
0,-6,0,0,0,0,1,-3,0,0,0,0.194444,2701.41,35.945,35.945,0.645,1
0,-5,0,0,0,0,1,0,0,0,0,0.194444,2705.17,0.0,13.188,3.765,1
0,-6,0,0,0,0,1,1,0,0,0,0.194444,2706.55,1.377,5.787,1.377,0
1,-5,0,0,1,0,1,0,1,0,0,0.194444,2707.5,2.328,6.093,0.951,1
0,-6,0,0,1,0,1,1,0,0,0,0.194444,2717.29,12.121,12.121,9.793,2
1,-5,0,0,2,0,1,0,0,0,0,0.194444,2725.95,20.781,19.404,8.66,3
1,-4,0,0,3,0,1,1,0,0,0,0.194444,2730.88,25.709,23.381,4.928,1
0,-5,0,0,0,0,2,0,0,0,0,0.192661,2734.64,0.0,17.348,3.76,1
0,-6,0,0,0,0,2,-1,0,0,0,0.190909,2740.22,5.576,14.264,5.576,1
0,-7,0,0,0,0,2,-2,0,0,0,0.189189,2765.24,30.596,34.356,25.02,7
0,-8,0,0,0,0,2,-3,0,0,0,0.1875,2768.57,33.931,33.931,3.335,1
0,-7,0,0,0,0,2,0,1,0,0,0.1875,2773.16,0.0,32.941,4.586,1
0,-8,0,0,0,0,2,1,0,0,0,0.1875,2783.03,9.873,17.794,9.873,4
1,-7,0,0,0,1,2,0,0,0,0,0.1875,2788.19,15.033,19.619,5.16,1
1,-6,0,0,0,2,2,1,0,0,0,0.1875,2790.91,17.755,17.755,2.722,1
0,-7,0,0,0,2,2,2,0,0,0,0.1875,2804.35,31.193,21.32,13.438,4
1,-6,0,0,0,3,2,1,1,0,0,0.1875,2805.65,32.493,17.46,1.3,1
0,-7,0,0,0,0,3,0,0,0,0,0.185841,2824.67,0.0,33.752,19.014,3
0,-8,0,0,0,0,3,-1,0,0,0,0.184211,2825.55,0.888,21.202,0.888,1
0,-9,0,0,0,0,3,-2,0,0,0,0.182609,2867.3,42.631,61.645,41.743,7
0,-10,0,0,0,0,3,-3,0,0,0,0.181034,2870.04,45.37,45.37,2.739,1
0,-9,0,0,0,0,3,0,0,0,0,0.181034,2874.04,0.0,48.49,4.008,1
1,-8,0,0,0,1,3,1,0,0,1,0.181034,2927.32,53.271,60.018,53.271,13
1,-7,0,0,0,2,3,2,0,0,0,0.181034,2943.92,69.874,73.882,16.603,5
0,-8,0,0,0,2,3,3,0,0,0,0.181034,2950.3,76.258,76.258,6.384,2
1,-7,0,0,0,3,3,2,0,0,0,0.181034,2966.13,92.082,38.811,15.824,3
0,-6,0,0,0,0,4,0,0,0,0,0.179487,2973.88,0.0,29.961,7.753,2
0,-7,0,0,0,0,4,1,0,0,0,0.177966,2986.27,12.388,35.965,12.388,3
1,-6,0,0,0,0,4,0,0,0,0,0.184874,2999.93,26.054,33.807,13.666,4
0,-7,0,0,0,0,4,1,0,0,0,0.183333,3004.19,30.309,30.309,4.255,1
0,-8,0,0,0,0,4,0,0,0,0,0.181818,3067.51,93.626,81.238,63.317,13
0,-9,0,0,0,0,4,-1,0,0,0,0.180328,3068.1,94.219,68.165,0.593,1
0,-8,0,0,0,0,4,0,0,0,0,0.180328,3072.6,0.0,68.41,4.5,1
1,-7,1,0,0,0,0,1,0,0,0,0.180328,3075.88,3.286,8.379,3.286,1
1,-6,2,0,0,0,0,2,1,0,0,0.180328,3076.98,4.377,8.877,1.091,1
1,-5,3,0,0,0,0,3,0,0,0,0.180328,3080.61,8.016,8.016,3.639,1
0,-4,0,0,0,0,1,0,0,0,1,0.178862,3102.44,0.0,26.555,21.825,6
0,-5,0,0,0,0,1,1,0,0,0,0.177419,3107.84,5.405,30.869,5.405,1
1,-4,0,0,0,0,1,0,0,1,0,0.184,3148.99,46.547,68.372,41.142,8
1,-3,0,0,0,0,1,1,0,0,0,0.190476,3176.63,74.195,74.195,27.648,8
0,-4,0,0,0,0,1,2,0,0,0,0.188976,3197.44,95.002,89.597,20.807,5
1,-3,0,0,0,0,1,1,0,0,0,0.195312,3203.03,100.592,54.045,5.59,2
0,-4,0,0,0,0,2,0,0,0,0,0.195312,3225.0,0.0,48.361,21.964,6
0,-5,0,0,0,0,2,-1,0,0,0,0.195312,3230.61,5.611,33.165,5.611,2
1,-4,0,1,0,0,2,-2,0,0,1,0.195312,3254.68,29.686,51.65,24.075,7
0,-5,0,1,0,0,2,-1,0,0,0,0.195312,3310.17,85.179,85.179,55.493,16
1,-4,0,2,0,0,2,-2,0,0,0,0.195312,3312.16,87.162,81.551,1.983,1
1,-3,0,3,0,0,2,-1,0,0,0,0.195312,3324.21,99.216,69.53,12.054,3
1,-2,0,4,0,0,2,0,0,0,0,0.195312,3345.57,120.575,35.396,21.359,7
0,-3,0,4,0,0,2,1,0,0,0,0.195312,3348.86,123.863,36.701,3.288,0
0,-4,0,4,0,0,2,0,0,0,0,0.195312,3369.97,144.971,45.755,21.108,4
1,-3,0,5,0,0,2,-1,0,0,1,0.195312,3379.71,154.71,34.135,9.739,3
1,-2,0,6,0,0,2,0,0,0,0,0.195312,3436.18,211.18,87.317,56.47,15
0,-3,0,6,0,0,2,1,0,0,0,0.195312,3447.79,222.79,77.819,11.61,2
1,-2,0,7,0,0,2,0,0,1,0,0.195312,3472.54,247.54,92.83,24.75,7
1,-1,0,8,0,0,2,1,0,0,0,0.195312,3475.25,250.257,39.077,2.717,1
0,0,0,0,0,0,3,0,0,0,0,0.193798,3477.68,0.0,29.891,2.424,2
1,1,0,0,0,0,3,1,0,0,1,0.2,3504.26,26.579,31.72,26.579,8
0,0,0,0,0,0,3,2,0,0,0,0.198473,3505.56,27.884,30.308,1.305,1
0,-1,0,0,0,0,3,1,0,0,0,0.19697,3522.67,44.998,44.998,17.114,5
0,-2,0,0,0,0,3,0,0,0,0,0.195489,3525.67,47.995,21.416,2.997,1
1,-1,0,0,0,0,3,-1,0,0,0,0.201493,3541.17,63.493,35.609,15.498,4
0,-2,0,0,0,0,3,0,0,0,0,0.2,3565.24,87.566,42.568,24.073,5
1,-1,0,0,0,0,3,-1,0,0,0,0.205882,3572.98,95.307,47.312,7.741,2
0,-2,0,0,0,0,3,0,0,0,0,0.20438,3589.78,112.105,48.612,16.798,3
1,-1,0,0,0,0,3,-1,0,1,0,0.210145,3620.98,143.299,55.733,31.194,8
0,-2,0,0,0,0,3,0,0,0,0,0.208633,3653.74,176.061,80.754,32.762,9
0,-3,0,0,0,0,3,-1,0,0,0,0.207143,3656.27,178.597,66.492,2.536,1
0,-2,0,0,0,0,3,0,1,0,0,0.207143,3657.49,0.0,36.513,1.215,1
1,-1,0,0,1,0,3,1,0,0,1,0.207143,3664.67,7.185,10.936,7.185,3
0,-2,0,0,1,0,3,2,0,0,0,0.207143,3669.18,11.692,12.907,4.507,2
1,-1,0,0,2,0,3,1,0,0,0,0.207143,3672.48,14.991,14.991,3.299,1
0,-2,0,0,2,0,3,2,0,0,0,0.207143,3678.54,21.051,13.866,6.06,2
1,-1,0,0,3,0,3,1,0,0,1,0.207143,3731.49,74.006,62.314,52.955,15
0,-2,0,0,0,0,4,0,0,0,0,0.205674,3741.29,0.0,68.813,9.798,3
0,-3,0,0,0,0,4,-1,0,0,0,0.204225,3747.79,6.497,69.25,6.497,1
1,-2,0,0,0,0,4,-2,0,0,0,0.20979,3757.36,16.064,25.862,9.567,2
0,-3,0,0,0,0,4,-1,0,0,0,0.208333,3757.96,16.667,16.667,0.603,1
0,-4,0,0,0,0,4,-2,0,0,0,0.206897,3761.4,20.103,13.606,3.436,1
0,-5,0,0,0,0,4,0,0,0,0,0.206897,3775.13,0.0,17.771,13.732,4
0,-6,0,0,0,0,4,-1,0,0,0,0.206897,3788.18,13.051,30.219,13.051,4
1,-5,0,0,0,1,4,-2,0,0,0,0.206897,3790.53,15.402,29.134,2.351,1
0,-6,0,0,0,1,4,-1,0,0,0,0.206897,3801.7,26.569,26.569,11.167,4
1,-5,0,0,0,2,4,-2,1,0,0,0.206897,3807.5,32.377,19.326,5.808,1
1,-4,0,0,0,3,4,-1,0,0,0,0.206897,3813.12,37.991,22.589,5.614,1
1,-3,0,0,0,4,4,0,1,0,0,0.206897,3814.03,38.906,12.337,0.915,1
1,-2,0,0,0,5,4,1,0,0,0,0.206897,3819.59,44.46,12.083,5.554,1
0,-3,0,0,0,0,5,0,0,0,0,0.205479,3843.03,0.0,29.916,23.447,3
0,-4,0,0,0,0,5,-1,0,0,0,0.204082,3848.8,5.762,34.763,5.762,3
0,-5,0,0,0,0,5,-2,0,0,0,0.202703,3862.3,19.269,42.716,13.507,5
0,-6,0,0,0,0,5,-3,0,0,0,0.201342,3873.17,30.133,30.133,10.864,3
0,-7,0,0,0,0,5,0,0,0,0,0.201342,3886.86,0.0,38.068,13.697,4
0,-8,0,0,0,0,5,-1,0,0,0,0.201342,3892.78,5.92,30.481,5.92,2
1,-7,0,0,0,1,5,-2,0,0,0,0.201342,3904.65,17.786,31.483,11.866,3
1,-6,0,0,0,2,5,-1,0,1,0,0.201342,3916.45,29.59,29.59,11.804,3
1,-5,0,0,0,3,5,0,0,0,0,0.201342,3958.18,71.318,65.398,41.728,11
1,-4,0,0,0,4,5,1,0,0,0,0.201342,3974.35,87.483,69.697,16.165,3
0,-3,0,0,0,0,6,0,0,0,0,0.2,3976.07,0.0,59.615,1.722,2
1,-2,0,0,0,0,0,1,0,0,1,0.205298,4000.52,24.446,42.333,24.446,6
0,-3,0,0,0,0,0,2,0,0,0,0.203947,4001.92,25.847,27.569,1.401,1
0,-4,0,0,0,0,0,1,0,0,0,0.202614,4012.14,36.067,36.067,10.22,3
0,-5,0,0,0,0,0,0,0,0,0,0.201299,4012.9,36.826,12.38,0.759,1
0,-6,0,0,0,0,0,-1,0,0,0,0.2,4066.56,90.49,64.643,53.664,13
0,-7,0,0,0,0,0,0,0,0,0,0.2,4077.46,0.0,65.319,10.896,4
1,-6,1,0,0,0,0,-1,0,0,0,0.2,4097.76,20.305,84.865,20.305,5
0,-7,1,0,0,0,0,0,0,0,0,0.2,4105.33,27.87,38.766,7.565,2
0,-8,1,0,0,0,0,-1,0,0,0,0.2,4137.23,59.772,59.772,31.902,12
1,-7,2,0,0,0,0,-2,0,0,1,0.2,4146.62,69.165,48.86,9.393,3
0,-8,2,0,0,0,0,-1,0,0,0,0.2,4158.97,81.515,53.645,12.35,4
0,-9,0,0,0,0,0,0,0,0,0,0.198718,4172.63,0.0,35.406,13.663,3
1,-8,0,0,0,0,0,-1,0,0,0,0.203822,4179.13,6.5,32.513,6.5,2
0,-9,0,0,0,0,0,0,0,0,0,0.202532,4183.45,10.816,24.479,4.316,1
0,-10,0,0,0,0,0,-1,0,0,0,0.201258,4185.52,12.883,12.883,2.067,1
1,-9,0,0,0,0,0,-2,0,0,0,0.20625,4193.25,20.614,14.114,7.731,2
0,-10,0,0,0,0,0,-1,0,0,0,0.204969,4212.13,39.495,28.679,18.881,5
0,-9,0,0,0,0,0,0,0,0,0,0.204969,4215.5,0.0,29.98,3.368,1
0,-10,0,0,0,0,0,1,0,0,0,0.204969,4219.36,3.867,26.116,3.867,2
1,-9,0,1,0,0,0,0,0,0,0,0.204969,4243.94,28.446,31.814,24.579,7
1,-8,0,2,0,0,0,1,1,0,0,0.204969,4251.71,36.209,36.209,7.763,1
1,-7,0,3,0,0,0,2,0,0,0,0.204969,4278.75,63.252,59.385,27.043,7
0,-8,0,0,0,0,1,0,0,0,0,0.203704,4281.9,0.0,37.954,3.148,1
1,-7,0,0,0,0,1,-1,0,0,0,0.208589,4308.14,26.243,56.434,26.243,4
1,-6,0,0,0,0,1,0,0,0,0,0.213415,4325.94,44.039,47.187,17.796,4
1,-5,0,0,0,0,1,1,0,0,0,0.218182,4332.41,50.51,50.51,6.471,2
1,-4,0,0,0,0,1,2,0,0,0,0.222892,4365.37,83.477,57.234,32.967,6
0,-5,0,0,0,0,2,0,0,0,0,0.222892,4407.51,0.0,81.573,42.135,10
1,-4,0,0,1,0,2,-1,1,0,0,0.222892,4408.41,0.897,75.999,0.897,1
1,-3,0,0,2,0,2,0,1,0,0,0.222892,4415.76,8.253,50.388,7.356,1
1,-2,0,0,3,0,2,1,0,0,0,0.222892,4416.7,9.188,9.188,0.935,1
1,-1,0,0,4,0,2,2,0,0,0,0.222892,4441.09,33.583,32.686,24.395,5
0,-2,0,0,0,0,3,0,0,0,0,0.221557,4459.3,0.0,43.539,18.209,3
0,-3,0,0,0,0,3,-1,0,0,0,0.220238,4463.37,4.071,46.675,4.071,1
0,-4,0,0,0,0,3,-2,0,0,0,0.218935,4467.11,7.813,26.022,3.742,1
0,-5,0,0,0,0,3,-3,0,0,0,0.217647,4468.43,9.13,9.13,1.317,1
0,-4,0,0,0,0,3,0,0,0,0,0.217647,4472.45,0.0,9.08,4.021,1
0,-5,0,0,0,0,3,1,0,0,0,0.217647,4498.78,26.327,31.665,26.327,6
1,-4,0,0,0,1,3,0,0,0,0,0.217647,4500.98,28.532,32.553,2.205,1
1,-3,0,0,0,2,3,1,0,0,0,0.217647,4503.28,30.833,30.833,2.301,1
1,-2,0,0,0,3,3,2,0,0,0,0.217647,4513.78,41.324,14.997,10.491,3
0,-3,0,0,0,0,4,0,0,0,0,0.216374,4514.82,0.0,13.837,1.045,1
1,-2,0,0,0,0,4,-1,0,0,0,0.22093,4515.13,0.314,11.85,0.314,0
0,-3,0,0,0,0,4,0,0,0,0,0.219653,4523.92,9.097,10.142,8.783,3
0,-4,0,0,0,0,4,-1,0,0,0,0.218391,4524.75,9.933,9.933,0.836,1
0,-5,0,0,0,0,4,-2,0,0,0,0.217143,4529.86,15.041,14.727,5.108,1
0,-4,0,0,0,0,4,0,0,0,1,0.217143,4542.23,0.0,18.311,12.367,5
1,-3,0,0,0,1,4,1,0,0,0,0.217143,4555.34,13.107,30.582,13.107,3
1,-2,0,0,0,2,4,2,0,0,0,0.217143,4566.16,23.935,36.302,10.828,3
1,-1,0,0,0,3,4,3,1,0,0,0.217143,4567.26,25.036,25.036,1.101,1
0,-2,0,0,0,0,5,0,0,0,0,0.215909,4570.78,0.0,15.443,3.514,1
0,-3,0,0,0,0,5,-1,0,0,0,0.214689,4579.2,8.422,13.037,8.422,3
1,-2,0,0,0,0,5,-2,0,0,1,0.219101,4593.12,22.342,25.856,13.92,4
0,-3,0,0,0,0,5,-1,0,0,0,0.217877,4608.78,38.002,38.002,15.66,5
1,-2,0,0,0,0,5,-2,0,0,0,0.222222,4621.44,50.662,42.24,12.66,2
1,-1,0,0,0,0,5,-1,0,0,0,0.226519,4622.7,51.917,29.575,1.255,0
0,-2,0,0,0,0,5,0,0,0,0,0.225275,4626.41,55.629,17.627,3.712,1
0,-3,0,0,0,0,5,-1,0,0,0,0.224044,4633.98,63.206,12.544,7.577,3
0,-4,0,0,0,0,5,0,0,0,0,0.224044,4664.5,0.0,41.804,30.515,8
0,-5,0,0,0,0,5,-1,0,0,0,0.224044,4689.51,25.007,63.099,25.007,6
1,-4,0,0,0,1,5,-2,0,1,0,0.224044,4697.3,32.805,63.32,7.798,3
0,-5,0,0,0,1,5,-1,0,0,0,0.224044,4702.98,38.48,38.48,5.675,2
0,-6,0,0,0,1,5,-2,0,0,0,0.224044,4722.04,57.538,32.531,19.058,6
0,-7,0,0,0,0,5,0,0,0,0,0.222826,4723.85,0.0,26.544,1.811,1
0,-8,0,0,0,0,0,-1,0,0,0,0.221622,4740.25,16.402,37.271,16.402,5
0,-9,0,0,0,0,0,-2,0,0,0,0.22043,4754.95,31.106,32.917,14.704,5
1,-8,0,0,0,0,0,-3,0,0,0,0.224599,4756.08,32.235,32.235,1.129,0
0,-9,0,0,0,0,0,-2,0,0,0,0.223404,4773.62,49.767,33.365,17.532,5
0,-10,0,0,0,0,0,0,0,0,0,0.223404,4786.03,0.0,31.074,12.413,6
1,-9,1,0,0,0,0,-1,0,0,0,0.223404,4792.18,6.148,36.093,6.148,1
0,-10,1,0,0,0,0,0,0,0,0,0.223404,4798.14,12.114,24.527,5.966,2
0,-11,1,0,0,0,0,-1,0,0,0,0.223404,4843.09,57.061,57.061,44.947,10
1,-10,2,0,0,0,0,-2,1,0,0,0.223404,4844.25,58.22,52.072,1.159,1
1,-9,3,0,0,0,0,-1,0,1,0,0.223404,4863.67,77.644,65.53,19.424,7
1,-8,4,0,0,0,0,0,0,0,0,0.223404,4888.64,102.608,45.547,24.964,7
0,-9,4,0,0,0,0,1,0,0,0,0.223404,4891.45,105.419,47.199,2.811,0
1,-8,5,0,0,0,0,0,0,1,0,0.223404,4898.12,112.094,34.45,6.675,3
1,-7,6,0,0,0,0,1,0,0,0,0.223404,4916.12,130.094,27.486,18.0,5
0,-6,0,0,0,0,1,0,0,0,0,0.222222,4921.92,0.0,30.474,5.799,2
1,-5,0,0,0,0,1,1,0,0,0,0.226316,4930.79,8.864,32.663,8.864,2
0,-6,0,0,0,0,1,2,0,0,0,0.225131,4942.73,20.807,26.606,11.943,3
0,-7,0,0,0,0,1,1,0,0,0,0.223958,4945.85,23.929,23.929,3.122,1
1,-6,0,0,0,0,1,0,0,0,0,0.227979,4982.7,60.778,51.914,36.849,8
1,-5,0,0,0,0,1,1,0,1,0,0.231959,5000.82,78.899,58.092,18.121,6
0,-6,0,0,0,0,2,0,0,0,0,0.231959,5024.69,0.0,78.84,23.87,8
1,-5,0,1,0,0,2,-1,0,1,0,0.231959,5042.32,17.626,59.617,17.626,5
1,-4,0,2,0,0,2,0,1,0,0,0.231959,5043.75,19.056,42.926,1.43,1
1,-3,0,3,0,0,2,1,0,0,0,0.231959,5047.96,23.265,23.265,4.209,1
1,-2,0,4,0,0,2,2,0,0,0,0.231959,5049.92,25.228,7.602,1.963,1
0,-1,0,0,0,0,3,0,0,0,0,0.230769,5064.56,0.0,20.811,14.639,4
0,-2,0,0,0,0,3,1,0,0,0,0.229592,5070.05,5.488,22.09,5.488,1
1,-1,0,0,0,0,3,0,0,0,1,0.233503,5083.28,18.725,33.364,13.237,4
1,0,0,0,0,0,3,1,0,0,0,0.237374,5101.27,36.714,36.714,17.989,6
0,-1,0,0,0,0,3,2,0,0,0,0.236181,5115.87,51.317,45.829,14.603,3
0,-2,0,0,0,0,3,1,0,0,0,0.235,5127.04,62.482,43.757,11.165,3
0,-3,0,0,0,0,3,0,0,0,0,0.233831,5132.52,67.963,31.249,5.481,1
0,-4,0,0,0,0,3,-1,0,0,0,0.232673,5137.38,72.827,21.51,4.864,1
0,-3,0,0,0,0,3,0,1,0,0,0.232673,5138.84,0.0,11.8,1.455,1
0,-4,0,0,0,0,3,1,0,0,0,0.232673,5147.25,8.407,14.726,8.407,2
0,-5,0,0,0,0,3,0,0,0,0,0.232673,5155.06,16.224,17.679,7.817,2
0,-6,0,0,0,0,3,-1,0,0,0,0.232673,5161.47,22.627,22.627,6.403,2
0,-7,0,0,0,0,3,-2,0,0,0,0.232673,5177.03,38.187,29.78,15.56,2
0,-6,0,0,0,0,3,0,0,0,0,0.231527,5177.03,0.0,21.963,0.0,0
1,-5,0,0,0,1,3,-1,0,0,0,0.231527,5182.04,5.014,20.574,5.014,1
1,-4,0,0,0,2,3,1,0,0,1,0.231527,5192.97,15.948,15.948,10.934,3
1,-5,0,0,0,3,3,2,0,1,0,0.231527,5210.69,33.663,33.663,17.715,7
0,-4,0,0,0,3,3,3,0,0,0,0.231527,5217.35,40.323,35.309,6.66,2
1,-5,0,0,0,4,3,2,1,0,0,0.231527,5218.28,41.255,25.307,0.932,1
0,-4,0,0,0,0,4,0,0,0,0,0.230392,5221.26,0.0,10.57,2.978,1
1,-5,0,0,0,0,4,-1,0,0,0,0.234146,5250.7,29.445,33.355,29.445,8
0,-4,0,0,0,0,4,0,0,0,0,0.23301,5261.5,40.245,43.223,10.8,3
1,-5,0,0,0,0,4,-1,0,0,1,0.236715,5266.36,45.102,45.102,4.857,2
0,-4,0,0,0,0,4,0,0,0,0,0.235577,5279.92,58.663,29.218,13.561,3
1,-3,0,0,0,0,4,-1,0,1,0,0.239234,5284.2,62.942,22.697,4.279,2
1,-2,0,0,0,0,4,0,0,1,0,0.242857,5299.45,78.189,33.087,15.247,6
1,-1,0,0,0,0,4,1,0,0,0,0.246445,5300.03,78.767,20.104,0.578,0
0,0,0,0,0,0,5,0,0,1,0,0.246445,5305.52,0.0,21.32,5.495,3
1,1,0,0,0,1,5,1,0,0,0,0.246445,5309.81,4.284,10.357,4.284,1
1,2,0,0,0,2,5,2,0,0,0,0.246445,5312.96,7.435,12.93,3.151,1
1,1,0,0,0,3,5,3,1,0,0,0.246445,5314.33,8.81,8.81,1.375,1
0,2,0,0,0,0,6,0,0,0,0,0.245283,5334.35,0.0,24.547,20.021,5
1,1,0,0,0,0,0,-1,0,1,0,0.248826,5338.22,3.863,25.259,3.863,2
0,2,0,0,0,0,0,0,0,0,0,0.247664,5343.85,9.502,29.523,5.639,1
1,1,0,0,0,0,0,-1,0,0,0,0.251163,5385.79,51.44,51.44,41.938,14
0,0,0,0,0,0,0,0,0,0,0,0.25,5386.87,52.519,48.656,1.079,1
0,-1,0,0,0,0,0,-1,0,0,0,0.248848,5391.08,56.728,47.226,4.209,1
0,-2,0,0,0,0,0,0,0,0,0,0.248848,5410.61,0.0,24.821,19.533,4
0,-1,0,0,0,0,0,-1,0,0,0,0.248848,5415.35,4.733,28.475,4.733,2
1,0,1,0,0,0,0,-2,0,0,0,0.248848,5418.8,8.183,27.716,3.45,1
1,1,2,0,0,0,0,-1,0,0,0,0.248848,5419.83,9.216,9.216,1.033,1
1,0,3,0,0,0,0,0,0,1,0,0.248848,5457.2,46.583,41.85,37.367,11
0,-1,3,0,0,0,0,1,0,0,0,0.248848,5487.92,77.311,69.128,30.728,10
0,0,3,0,0,0,0,0,0,0,0,0.248848,5523.43,112.813,103.597,35.502,10
1,1,4,0,0,0,0,-1,0,1,0,0.248848,5537.65,127.037,80.454,14.224,5
1,2,5,0,0,0,0,0,0,0,0,0.248848,5546.49,135.872,58.561,8.835,3
1,1,6,0,0,0,0,1,0,0,0,0.248848,5552.53,141.916,29.103,6.044,1
0,0,0,0,0,0,1,0,0,0,0,0.247706,5567.79,0.0,30.144,15.265,3
0,1,0,0,0,0,1,-1,0,0,0,0.246575,5576.89,9.094,30.403,9.094,3
1,0,0,0,0,0,1,-2,0,0,0,0.25,5596.1,28.308,43.573,19.214,4
0,-1,0,0,0,0,1,-1,0,0,0,0.248869,5618.73,50.934,50.934,22.626,5
0,0,0,0,0,0,1,-2,0,0,0,0.247748,5624.55,56.752,47.658,5.818,1
0,1,0,0,0,0,1,0,0,0,0,0.247748,5627.8,0.0,31.699,3.255,1
1,2,0,1,0,0,1,1,0,0,0,0.247748,5636.47,8.668,17.741,8.668,3
1,1,0,2,0,0,1,2,0,0,0,0.247748,5641.95,14.144,17.399,5.476,1
0,2,0,2,0,0,1,3,0,0,0,0.247748,5643.29,15.485,15.485,1.341,0
1,3,0,3,0,0,1,2,0,0,0,0.247748,5649.21,21.409,12.741,5.924,1
0,2,0,0,0,0,2,0,0,0,0,0.246637,5675.17,0.0,33.226,25.961,6
0,1,0,0,0,0,2,1,0,0,0,0.245536,5676.09,0.914,32.799,0.914,1
0,2,0,0,0,0,2,0,0,0,0,0.244444,5677.22,2.046,28.007,1.132,1
1,3,0,0,0,0,2,-1,0,0,1,0.247788,5683.23,8.063,8.063,6.017,2
1,2,0,0,0,0,2,0,0,0,0,0.251101,5706.77,31.599,30.685,23.536,6
0,1,0,0,0,0,2,1,0,0,0,0.25,5713.39,38.219,36.173,6.62,1
0,0,0,0,0,0,2,0,0,0,0,0.248908,5717.67,42.494,34.431,4.275,1
0,-1,0,0,0,0,2,-1,0,0,0,0.247826,5719.42,44.248,12.649,1.754,1
0,-2,0,0,0,0,2,0,0,0,0,0.247826,5724.57,0.0,11.176,5.147,0
0,-1,0,0,0,0,2,-1,0,0,0,0.247826,5740.78,16.21,23.111,16.21,4
1,-2,0,0,1,0,2,-2,0,0,0,0.247826,5744.94,20.377,25.524,4.167,1
0,-1,0,0,1,0,2,-1,0,0,0,0.247826,5751.97,27.405,27.405,7.028,2
1,0,0,0,2,0,2,-2,0,0,0,0.247826,5756.33,31.762,15.552,4.357,1
1,1,0,0,3,0,2,-1,0,0,0,0.247826,5791.52,66.957,46.58,35.195,9
1,2,0,0,4,0,2,0,0,0,0,0.247826,5830.88,106.311,78.906,39.354,9
1,3,0,0,5,0,2,1,0,0,0,0.247826,5844.58,120.009,88.247,13.698,5
0,2,0,0,0,0,3,0,0,0,0,0.246753,5846.15,0.0,54.626,1.574,0
0,3,0,0,0,0,3,1,0,0,0,0.24569,5849.43,3.28,18.552,3.28,1
1,2,0,0,0,0,3,0,0,0,1,0.248927,5869.26,23.11,24.684,19.83,4
0,1,0,0,0,0,3,1,0,0,0,0.247863,5870.39,24.24,24.24,1.13,1
0,0,0,0,0,0,3,0,0,0,0,0.246809,5893.25,47.097,43.817,22.857,5
0,1,0,0,0,0,3,-1,0,0,0,0.245763,5898.18,52.026,28.916,4.929,1
0,0,0,0,0,0,3,0,0,1,0,0.245763,5918.33,0.0,47.936,20.15,5
0,1,0,0,0,0,3,1,0,0,0,0.245763,5926.57,8.241,33.32,8.241,2
1,2,0,0,0,1,3,0,0,0,0,0.245763,5932.96,14.639,34.789,6.398,1
1,3,0,0,0,2,3,1,1,0,0,0.245763,5933.8,15.47,15.47,0.831,1
1,4,0,0,0,3,3,2,0,0,0,0.245763,5941.7,23.372,15.131,7.902,1
0,3,0,0,0,0,4,0,0,0,0,0.244726,5959.24,0.0,26.275,17.542,4
0,4,0,0,0,0,4,1,0,0,0,0.243697,5981.51,22.275,47.719,22.275,5
1,3,0,0,0,0,4,0,0,1,0,0.246862,6009.31,50.069,67.611,27.794,6
0,2,0,0,0,0,4,1,0,0,0,0.245833,6012.1,52.863,52.863,2.794,1
0,3,0,0,0,0,4,0,0,0,0,0.244813,6015.61,56.371,34.096,3.508,1
1,2,0,0,0,0,4,-1,0,0,0,0.247934,6037.66,78.424,28.355,22.053,6
0,1,0,0,0,0,4,0,0,0,0,0.246914,6042.42,83.184,30.321,4.76,1
0,2,0,0,0,0,4,-1,0,0,0,0.245902,6078.64,119.402,63.031,36.218,9
0,3,0,0,0,0,4,0,0,1,0,0.245902,6084.98,0.0,47.313,6.335,3
1,2,0,0,0,1,4,1,1,0,0,0.245902,6085.86,0.885,43.438,0.885,1
0,3,0,0,0,1,4,2,0,0,0,0.245902,6091.79,6.811,13.146,5.926,2
1,4,0,0,0,2,4,1,1,0,0,0.245902,6100.1,15.12,15.12,8.309,1
1,3,0,0,0,3,4,2,0,0,0,0.245902,6100.93,15.95,15.065,0.83,1
0,2,0,0,0,0,5,0,0,0,0,0.244898,6113.48,0.0,21.695,12.556,3
0,3,0,0,0,0,5,-1,0,0,0,0.243902,6118.52,5.037,18.423,5.037,1
1,4,0,0,0,0,5,-2,0,0,0,0.246964,6118.95,5.465,18.021,0.428,0
1,5,0,0,0,0,5,-1,0,0,0,0.25,6133.08,19.594,19.594,14.129,4
1,6,0,0,0,0,5,0,0,0,0,0.253012,6142.3,28.817,23.78,9.223,2
1,7,0,0,0,0,5,1,0,0,0,0.256,6143.74,30.261,24.796,1.444,0
0,8,0,0,0,0,6,0,1,0,0,0.256,6145.37,0.0,12.298,1.631,1
1,7,0,0,0,1,6,1,0,0,0,0.256,6149.72,4.345,7.42,4.345,1
0,6,0,0,0,1,6,2,0,0,0,0.256,6163.52,18.141,19.772,13.796,4
0,7,0,0,0,1,6,1,0,0,0,0.256,6172.04,26.665,26.665,8.524,0
1,6,0,0,0,2,6,0,1,0,0,0.256,6175.69,30.316,25.971,3.651,1
0,7,0,0,0,2,6,1,0,0,0,0.256,6195.16,49.782,31.641,19.466,6
1,6,0,0,0,3,6,0,0,0,0,0.256,6208.43,63.054,36.389,13.272,3
0,7,0,0,0,3,6,1,0,0,0,0.256,6213.73,68.359,38.043,5.305,2
1,8,0,0,0,4,6,0,0,0,0,0.256,6229.86,84.483,34.701,16.124,3
1,8,0,0,0,5,6,1,0,0,1,0.256,6246.92,101.542,38.488,17.059,5
0,-1,0,0,0,0,0,0,0,0,0,0.256,6269.78,0.0,56.043,22.86,8
1,0,1,0,0,0,0,-1,0,1,0,0.256,6284.65,14.871,54.79,14.871,5
1,1,2,0,0,0,0,0,1,0,0,0.256,6285.88,16.1,38.96,1.229,1
1,2,3,0,0,0,0,1,0,0,0,0.256,6310.8,41.026,41.026,24.926,7
1,3,4,0,0,0,0,2,0,0,1,0.256,6340.66,70.879,56.008,29.853,7
0,2,0,0,0,0,1,0,0,0,0,0.25498,6347.95,0.0,62.072,7.293,3
1,3,0,0,0,0,1,-1,0,1,0,0.257937,6368.83,20.879,58.025,20.879,8
0,2,0,0,0,0,1,0,0,0,0,0.256917,6379.94,31.987,39.28,11.108,3
0,1,0,0,0,0,1,-1,0,0,0,0.255906,6388.76,40.812,40.812,8.825,3
1,2,0,0,0,0,1,-2,0,0,0,0.258824,6412.25,64.298,43.419,23.486,6
0,1,0,0,0,0,1,-1,0,0,0,0.257812,6417.8,69.853,37.866,5.555,1
0,2,0,0,0,0,1,0,0,1,0,0.257812,6427.13,0.0,38.37,9.329,3
0,1,0,0,0,0,1,1,0,0,0,0.257812,6444.71,17.584,32.468,17.584,4
0,0,0,0,0,0,1,0,0,0,0,0.257812,6451.8,24.672,34.001,7.088,2
1,1,0,1,0,0,1,-1,0,1,0,0.257812,6467.65,40.516,40.516,15.844,5
1,2,0,2,0,0,1,0,0,1,0,0.257812,6487.91,60.783,43.199,20.267,7
0,1,0,2,0,0,1,1,0,0,0,0.257812,6501.27,74.143,49.471,13.36,2
1,2,0,3,0,0,1,0,0,0,0,0.257812,6502.37,75.235,34.719,1.092,1
1,3,0,4,0,0,1,1,0,0,0,0.257812,6522.52,95.394,34.611,20.159,5
0,4,0,0,0,0,2,0,0,0,0,0.256809,6525.68,0.0,24.402,3.151,0
1,5,0,0,0,0,2,1,0,0,0,0.25969,6527.24,1.561,24.871,1.561,0
1,6,0,0,0,0,2,2,0,0,0,0.262548,6539.33,13.652,16.803,12.091,2
1,7,0,0,0,0,2,3,0,0,0,0.265385,6539.33,13.657,13.657,0.005,0
0,8,0,0,0,0,3,0,0,0,0,0.265385,6541.34,0.0,14.105,2.009,1
1,9,0,0,1,0,3,1,0,0,0,0.265385,6570.25,28.911,30.925,28.911,7
1,10,0,0,2,0,3,2,0,1,0,0.265385,6576.23,34.884,36.893,5.973,3
1,11,0,0,3,0,3,3,0,0,0,0.265385,6601.21,59.873,59.873,24.989,7
0,12,0,0,0,0,4,0,0,0,0,0.264368,6638.8,0.0,68.551,37.589,8
1,13,0,0,0,0,4,1,0,0,0,0.267176,6646.31,7.502,70.08,7.502,2
1,14,0,0,0,0,4,2,0,1,0,0.269962,6670.51,31.711,69.3,24.209,8
0,13,0,0,0,0,4,3,0,0,0,0.268939,6684.9,46.094,46.094,14.383,3
0,12,0,0,0,0,4,2,0,0,0,0.267925,6685.93,47.123,39.621,1.029,1
0,11,0,0,0,0,4,1,0,0,0,0.266917,6695.34,56.541,24.83,9.418,3
1,12,0,0,0,0,4,0,0,0,0,0.269663,6708.64,69.833,23.739,13.292,2
0,11,0,0,0,0,4,1,0,0,0,0.268657,6719.59,80.784,33.661,10.951,3
0,10,0,0,0,0,4,0,0,0,0,0.267658,6725.25,86.444,29.903,5.66,1
0,9,0,0,0,0,4,-1,0,0,0,0.266667,6727.64,88.837,19.004,2.393,1
0,10,0,0,0,0,4,0,1,0,0,0.266667,6732.29,0.0,12.698,4.645,1
1,11,0,0,0,1,4,1,0,0,0,0.266667,6742.87,10.582,17.62,10.582,3
0,10,0,0,0,1,4,2,0,0,0,0.266667,6749.12,16.835,21.48,6.253,2
0,9,0,0,0,1,4,1,0,0,0,0.266667,6803.36,71.078,71.078,54.243,14
1,10,0,0,0,2,4,0,0,1,0,0.266667,6811.1,78.814,68.232,7.736,3
1,11,0,0,0,3,4,1,0,0,0,0.266667,6814.54,82.251,65.416,3.437,1
0,10,0,0,0,0,5,0,0,0,0,0.265683,6817.63,0.0,14.27,3.097,1
1,11,0,0,0,0,5,-1,0,0,0,0.268382,6835.68,18.049,24.583,18.049,4
0,10,0,0,0,0,5,0,0,0,0,0.267399,6837.2,19.567,22.664,1.518,1
1,11,0,0,0,0,5,-1,0,0,0,0.270073,6845.65,28.02,28.02,8.453,0
1,12,0,0,0,0,5,0,0,0,0,0.272727,6851.66,34.031,15.982,6.011,0
0,11,0,0,0,0,5,1,0,0,0,0.271739,6852.92,35.287,15.72,1.256,1
0,10,0,0,0,0,5,0,0,0,0,0.270758,6912.41,94.78,66.76,59.493,9
0,9,0,0,0,0,5,-1,0,0,0,0.269784,6926.4,108.771,74.74,13.991,5
0,10,0,0,0,0,5,0,0,0,0,0.269784,6955.07,0.0,102.146,28.662,9
1,11,0,0,0,1,5,1,0,0,0,0.269784,6969.33,14.266,56.919,14.266,3
1,12,0,0,0,2,5,2,0,0,0,0.269784,6974.68,19.615,48.277,5.349,1
1,13,0,0,0,3,5,3,0,0,0,0.269784,6983.54,28.47,28.47,8.855,1
0,12,0,0,0,0,6,0,0,0,0,0.268817,6997.58,0.0,28.243,14.039,3
1,13,0,0,0,0,0,-1,0,0,1,0.271429,6998.96,1.381,24.275,1.381,4
1,14,0,0,0,0,0,0,0,1,0,0.274021,7003.77,6.191,20.23,4.81,2
0,13,0,0,0,0,0,1,0,0,0,0.27305,7004.47,6.898,6.898,0.707,1
0,12,0,0,0,0,0,0,0,0,0,0.272085,7017.93,20.351,18.97,13.453,3
1,13,0,0,0,0,0,-1,0,0,0,0.274648,7052.72,55.144,48.953,34.793,10
0,12,0,0,0,0,0,0,0,0,0,0.273684,7079.09,81.516,74.618,26.372,3
0,11,0,0,0,0,0,-1,0,0,0,0.272727,7085.88,88.301,67.95,6.785,1
0,12,0,0,0,0,0,0,0,0,0,0.272727,7097.26,0.0,44.538,11.381,3
1,13,1,0,0,0,0,1,0,0,1,0.272727,7104.88,7.623,25.789,7.623,3
1,14,2,0,0,0,0,2,0,0,0,0.272727,7109.74,12.478,23.859,4.855,1
0,13,2,0,0,0,0,3,0,0,0,0.272727,7115.68,18.425,18.425,5.947,2
1,14,3,0,0,0,0,2,0,0,0,0.272727,7123.07,25.813,18.19,7.388,1
0,13,0,0,0,0,1,0,0,0,0,0.271777,7127.73,0.0,17.995,4.66,1
0,12,0,0,0,0,1,-1,0,0,0,0.270833,7132.67,4.941,16.989,4.941,1
1,13,0,0,0,0,1,-2,0,0,0,0.273356,7142.71,14.977,19.637,10.036,2
1,14,0,0,0,0,1,-1,0,0,0,0.275862,7170.61,42.875,42.875,27.898,6
1,15,0,0,0,0,1,0,0,0,0,0.278351,7178.66,50.925,45.984,8.05,2
0,14,0,0,0,0,1,1,0,0,0,0.277397,7185.1,57.374,42.397,6.449,3
0,13,0,0,0,0,1,0,0,0,0,0.276451,7188.93,61.197,18.322,3.823,1
0,12,0,0,0,0,1,-1,0,0,0,0.27551,7198.07,70.338,19.413,9.141,1
0,13,0,0,0,0,1,0,0,1,0,0.27551,7205.31,0.0,20.202,7.238,3
1,14,0,1,0,0,1,1,0,0,0,0.27551,7209.37,4.063,20.442,4.063,1
1,15,0,2,0,0,1,2,0,0,0,0.27551,7213.28,7.972,15.21,3.909,1
1,16,0,3,0,0,1,3,0,0,0,0.27551,7222.92,17.614,17.614,9.642,1
0,17,0,0,0,0,2,0,0,1,0,0.274576,7255.22,0.0,45.852,32.301,8
0,16,0,0,0,0,2,1,0,0,0,0.273649,7264.49,9.27,51.213,9.27,3
0,15,0,0,0,0,2,0,0,0,0,0.272727,7273.61,18.385,50.686,9.115,3
1,16,0,0,0,0,2,-1,0,0,1,0.275168,7276.52,21.301,21.301,2.916,2
0,15,0,0,0,0,2,0,0,0,0,0.274247,7318.61,63.385,54.115,42.084,7
0,14,0,0,0,0,2,-1,0,0,0,0.273333,7323.31,68.084,49.699,4.699,1
0,13,0,0,0,0,2,0,0,0,0,0.273333,7336.98,0.0,60.455,13.672,4
0,12,0,0,0,0,2,-1,0,0,0,0.273333,7352.4,15.419,33.79,15.419,4
0,11,0,0,0,0,2,-2,0,0,0,0.273333,7374.02,37.039,50.711,21.62,6
1,12,0,0,1,0,2,-3,0,0,0,0.273333,7393.13,56.154,56.154,19.115,5
1,13,0,0,2,0,2,-2,0,0,0,0.273333,7413.06,76.085,60.666,19.931,7
1,14,0,0,3,0,2,-1,0,0,0,0.273333,7413.96,76.984,39.945,0.899,1
1,15,0,0,4,0,2,0,0,0,0,0.273333,7426.01,89.028,32.874,12.044,3
0,14,0,0,4,0,2,1,0,0,0,0.273333,7442.47,105.495,29.41,16.467,4
0,13,0,0,4,0,2,0,0,0,0,0.273333,7450.48,113.499,36.515,8.004,2
1,14,0,0,5,0,2,-1,0,0,0,0.273333,7468.05,131.074,42.046,17.575,5
0,13,0,0,5,0,2,0,0,0,0,0.273333,7486.21,149.237,43.742,18.163,2
1,14,0,0,6,0,2,-1,0,0,0,0.273333,7506.12,169.143,55.644,19.906,5
1,15,0,0,7,0,2,0,0,0,0,0.273333,7511.55,174.577,43.503,5.434,1
0,14,0,0,7,0,2,1,0,0,0,0.273333,7527.15,190.169,40.932,15.592,4
1,15,0,0,8,0,2,0,0,0,0,0.273333,7534.72,197.743,28.6,7.574,1
1,16,0,0,9,0,2,1,0,0,0,0.273333,7542.5,205.521,30.944,7.778,1
0,17,0,0,0,0,3,0,0,0,0,0.272425,7555.5,0.0,28.353,13.001,4
0,16,0,0,0,0,3,1,0,0,0,0.271523,7557.03,1.535,22.314,1.535,1
1,17,0,0,0,0,3,0,0,0,0,0.273927,7583.37,27.871,40.872,26.336,6
0,16,0,0,0,0,3,1,0,0,0,0.273026,7599.67,44.174,44.174,16.303,3
1,17,0,0,0,0,3,0,0,0,0,0.27541,7638.01,82.514,80.979,38.34,6
1,18,0,0,0,0,3,1,0,1,0,0.277778,7660.28,104.778,76.907,22.264,8
0,19,0,0,0,0,4,0,0,0,0,0.277778,7675.08,0.0,75.408,14.804,3
1,20,0,0,0,1,4,1,0,0,0,0.277778,7696.81,21.728,58.796,21.728,5
0,19,0,0,0,1,4,2,0,0,0,0.277778,7703.71,28.627,43.431,6.899,2
0,18,0,0,0,1,4,1,0,0,0,0.277778,7709.48,34.4,34.4,5.773,2
1,19,0,0,0,2,4,0,0,0,0,0.277778,7774.81,99.728,78.0,65.328,11
1,20,0,0,0,3,4,1,0,0,0,0.277778,7781.41,106.327,77.7,6.599,1
0,19,0,0,0,0,5,0,0,0,0,0.276873,7782.24,0.0,72.763,0.836,1
1,20,0,0,0,0,5,-1,0,0,0,0.279221,7791.55,9.31,16.745,9.31,2
1,21,0,0,0,0,5,0,0,0,0,0.281553,7807.46,25.216,26.052,15.906,4
0,20,0,0,0,0,5,1,0,0,0,0.280645,7821.3,39.058,39.058,13.842,3
1,21,0,0,0,0,5,0,0,0,0,0.282958,7847.17,64.928,55.618,25.87,6
0,20,0,0,0,0,5,1,0,0,0,0.282051,7853.58,71.337,46.121,6.409,1
0,19,0,0,0,0,5,0,0,0,0,0.28115,7861.53,79.285,40.227,7.948,3
0,18,0,0,0,0,5,-1,0,0,0,0.280255,7864.61,82.362,17.434,3.077,1
0,19,0,0,0,0,5,0,0,1,0,0.280255,7873.61,0.0,20.029,9.004,3
1,20,0,0,0,1,5,1,0,0,0,0.280255,7890.46,16.85,28.931,16.85,5
0,19,0,0,0,1,5,2,0,0,0,0.280255,7904.62,31.011,40.015,14.161,4
1,20,0,0,0,2,5,1,1,0,0,0.280255,7905.2,31.587,31.587,0.576,1
1,21,0,0,0,3,5,2,0,0,0,0.280255,7906.17,32.559,15.709,0.972,1
0,22,0,0,0,0,6,0,0,1,0,0.279365,7940.15,0.0,35.528,33.98,8
0,21,0,0,0,0,0,1,0,0,0,0.278481,7946.55,6.396,41.348,6.396,1
0,20,0,0,0,0,0,0,0,0,0,0.277603,7948.16,8.014,41.994,1.618,1
1,21,0,0,0,0,0,-1,0,0,0,0.279874,7957.07,16.917,16.917,8.903,2
1,22,0,0,0,0,0,0,0,0,0,0.282132,8003.0,62.852,56.456,45.935,10
0,21,0,0,0,0,0,1,0,0,0,0.28125,8015.92,75.768,67.754,12.916,3
1,22,0,0,0,0,0,0,0,0,0,0.283489,8017.37,77.22,60.303,1.452,0
0,21,0,0,0,0,0,1,0,0,0,0.282609,8028.6,88.446,25.594,11.226,3
1,22,0,0,0,0,0,0,0,0,0,0.28483,8035.41,95.258,19.49,6.812,0
0,21,0,0,0,0,0,1,0,0,0,0.283951,8047.16,107.013,29.793,11.755,3
0,20,0,0,0,0,0,0,0,0,0,0.283077,8057.07,116.922,28.476,9.909,3
0,19,0,0,0,0,0,-1,0,0,0,0.282209,8075.81,135.66,40.402,18.738,3
0,20,0,0,0,0,0,0,0,1,0,0.282209,8091.51,0.0,44.35,15.703,3
0,19,0,0,0,0,0,1,0,0,0,0.282209,8115.28,23.771,58.212,23.771,6
1,20,1,0,0,0,0,0,0,1,0,0.282209,8123.91,32.394,48.097,8.623,3
1,21,2,0,0,0,0,1,0,0,0,0.282209,8129.6,38.088,38.088,5.694,1
1,22,3,0,0,0,0,2,0,1,0,0.282209,8147.12,55.606,31.835,17.518,5
0,23,0,0,0,0,1,0,0,1,0,0.281346,8152.06,0.0,28.156,4.944,2
0,22,0,0,0,0,1,1,0,0,0,0.280488,8222.92,70.858,93.32,70.858,21
0,21,0,0,0,0,1,0,0,0,0,0.279635,8223.89,71.824,76.768,0.966,1
0,20,0,0,0,0,1,-1,0,0,0,0.278788,8227.41,75.343,75.343,3.519,1
0,19,0,0,0,0,1,-2,0,0,0,0.277946,8237.8,85.742,14.884,10.399,3
0,18,0,0,0,0,1,0,0,0,0,0.277946,8245.35,0.0,21.464,7.546,2
1,19,0,1,0,0,1,-1,0,0,0,0.277946,8258.85,13.497,31.442,13.497,3
1,20,0,2,0,0,1,0,0,1,0,0.277946,8265.49,20.143,27.689,6.646,3
1,21,0,3,0,0,1,1,0,1,0,0.277946,8309.68,64.334,64.334,44.191,13
0,20,0,3,0,0,1,2,0,0,0,0.277946,8315.36,70.005,56.508,5.671,2
0,19,0,3,0,0,1,1,0,0,0,0.277946,8321.81,76.46,56.317,6.455,2
0,18,0,3,0,0,1,0,0,0,0,0.277946,8343.13,97.777,33.443,21.317,6
0,17,0,3,0,0,1,-1,0,0,0,0.277946,8350.96,105.61,35.605,7.833,2
0,16,0,0,0,0,1,0,0,0,0,0.277108,8375.95,0.0,54.135,24.985,9
1,17,0,0,0,0,1,-1,0,0,0,0.279279,8391.71,15.763,48.581,15.763,4
0,16,0,0,0,0,1,0,0,0,0,0.278443,8404.91,28.965,53.95,13.202,3
0,15,0,0,0,0,1,-1,0,0,0,0.277612,8408.01,32.066,32.066,3.101,1
0,14,0,0,0,0,1,-2,0,0,0,0.276786,8414.17,38.227,22.464,6.161,1
0,13,0,0,0,0,1,0,0,0,0,0.276786,8427.94,0.0,23.028,13.766,4
1,14,0,0,1,0,1,-1,0,0,0,0.276786,8439.93,11.989,31.916,11.989,3
1,15,0,0,2,0,1,0,0,1,0,0.276786,8453.28,25.341,39.107,13.352,5
0,14,0,0,2,0,1,1,0,0,0,0.276786,8463.91,35.974,35.974,10.633,4
1,15,0,0,3,0,1,0,0,0,0,0.276786,8469.64,41.705,29.716,5.731,1
1,16,0,0,4,0,1,1,0,0,0,0.276786,8473.08,45.142,19.801,3.437,1
0,15,0,0,0,0,2,0,0,0,0,0.275964,8487.12,0.0,23.21,14.042,3
0,14,0,0,0,0,2,-1,0,0,0,0.275148,8499.23,12.112,29.591,12.112,3
1,15,0,0,0,0,2,-2,0,0,0,0.277286,8508.04,20.917,34.959,8.805,2
0,14,0,0,0,0,2,-1,0,0,0,0.276471,8516.35,29.223,29.223,8.306,3
0,13,0,0,0,0,2,-2,0,0,0,0.27566,8540.04,52.921,40.809,23.698,9
0,14,0,0,0,0,2,0,0,0,0,0.27566,8543.12,0.0,35.083,3.079,1
0,13,0,0,0,0,2,1,0,0,0,0.27566,8545.51,2.389,29.166,2.389,0
1,14,0,0,0,1,2,0,1,0,0,0.27566,8546.25,3.129,6.208,0.74,1
1,15,0,0,0,2,2,1,0,1,0,0.27566,8552.53,9.41,9.41,6.281,3
1,16,0,0,0,3,2,2,0,1,0,0.27566,8565.14,22.018,19.629,12.608,3
0,15,0,0,0,0,3,0,0,0,0,0.274854,8570.94,0.0,24.686,5.797,1
0,14,0,0,0,0,3,-1,0,0,0,0.274052,8603.42,32.48,50.885,32.48,9
0,13,0,0,0,0,3,-2,0,0,0,0.273256,8608.04,37.099,42.896,4.619,1
1,14,0,0,0,0,3,-3,0,0,0,0.275362,8621.78,50.845,50.845,13.746,0
1,15,0,0,0,0,3,-2,0,1,0,0.277457,8627.77,56.829,24.349,5.984,2
1,16,0,0,0,0,3,-1,0,1,0,0.279539,8653.43,82.497,45.398,25.668,8
0,15,0,0,0,0,3,0,0,0,0,0.278736,8664.27,93.33,42.485,10.833,3
0,14,0,0,0,0,3,-1,0,0,0,0.277937,8691.11,120.175,63.346,26.845,5
0,15,0,0,0,0,3,0,0,0,0,0.277937,8723.07,0.0,69.637,31.959,9
0,14,0,0,0,0,0,1,0,0,0,0.277937,8733.05,9.98,68.784,9.98,2
1,15,1,0,0,0,0,0,0,0,1,0.277937,8740.59,17.516,49.475,7.536,3
0,14,1,0,0,0,0,1,0,0,0,0.277937,8746.8,23.733,23.733,6.217,2
0,13,1,0,0,0,0,0,0,0,0,0.277937,8759.91,36.842,26.862,13.109,4
1,14,2,0,0,0,0,-1,0,1,0,0.277937,8775.24,52.164,34.648,15.322,5
1,15,3,0,0,0,0,0,0,0,0,0.277937,8805.96,82.893,59.16,30.729,9
1,16,4,0,0,0,0,1,0,1,0,0.277937,8813.94,90.865,54.023,7.972,3
0,17,0,0,0,0,1,0,0,0,0,0.277143,8821.99,0.0,46.758,8.057,2
0,16,0,0,0,0,1,1,0,0,0,0.276353,8830.78,8.785,24.814,8.785,3
1,17,0,0,0,0,1,0,0,0,0,0.278409,8831.4,9.405,17.462,0.62,0
0,16,0,0,0,0,1,1,0,0,0,0.27762,8838.0,16.01,16.01,6.605,3
1,17,0,0,0,0,1,0,0,1,0,0.279661,8849.1,27.105,18.32,11.095,4
1,18,0,0,0,0,1,1,0,0,1,0.28169,8857.28,35.285,25.88,8.18,2
0,19,0,0,0,0,2,0,0,0,0,0.28169,8863.01,0.0,25.003,5.728,1
1,20,0,1,0,0,2,1,0,0,0,0.28169,8878.9,15.895,29.803,15.895,5
1,21,0,2,0,0,2,2,0,0,0,0.28169,8884.02,21.015,26.743,5.12,1
1,22,0,3,0,0,2,3,0,0,0,0.28169,8889.71,26.699,26.699,5.684,1
0,21,0,0,0,0,3,0,0,0,0,0.280899,8898.05,0.0,19.151,8.347,3
0,20,0,0,0,0,3,-1,0,0,0,0.280112,8906.02,7.964,21.995,7.964,1
1,21,0,0,0,0,3,-2,0,0,1,0.282123,8916.78,18.728,27.075,10.764,4
0,20,0,0,0,0,3,-1,0,0,0,0.281337,8921.85,23.794,23.794,5.066,1
0,19,0,0,0,0,3,-2,0,0,0,0.280556,8922.76,24.703,16.739,0.909,1
0,20,0,0,0,0,3,0,0,1,0,0.280556,8929.27,0.0,12.485,6.51,3
1,21,0,0,1,0,3,1,0,1,0,0.280556,8964.33,35.066,42.485,35.066,9
1,22,0,0,2,0,3,2,1,0,0,0.280556,8965.16,35.894,42.404,0.828,1
1,23,0,0,3,0,3,3,0,1,0,0.280556,9001.94,72.679,72.679,36.785,11
0,22,0,0,0,0,4,0,0,0,0,0.279778,9013.68,0.0,49.344,11.731,3
0,21,0,0,0,0,4,-1,0,0,0,0.279006,9049.54,35.862,84.378,35.862,9
0,20,0,0,0,0,4,-2,0,0,0,0.278237,9051.17,37.497,49.228,1.635,1
1,21,0,0,0,0,4,-3,0,0,0,0.28022,9054.95,41.273,41.273,3.776,0
0,20,0,0,0,0,4,-2,0,0,0,0.279452,9064.25,50.575,14.713,9.302,3
0,21,0,0,0,0,4,0,0,0,0,0.279452,9132.06,0.0,80.888,67.81,17
1,22,0,0,0,1,4,1,0,0,0,0.279452,9135.24,3.181,80.293,3.181,1
1,23,0,0,0,2,4,2,0,0,1,0.279452,9145.68,13.619,81.429,10.438,3
1,24,0,0,0,3,4,3,1,0,0,0.279452,9146.53,14.466,14.466,0.847,1
0,23,0,0,0,0,5,0,0,0,0,0.278689,9153.67,0.0,18.431,7.146,1
0,22,0,0,0,0,5,-1,0,0,0,0.277929,9163.56,9.886,17.879,9.886,3
0,21,0,0,0,0,5,-2,0,0,0,0.277174,9164.4,10.729,17.875,0.843,1
1,22,0,0,0,0,5,-3,0,0,0,0.279133,9175.31,21.633,21.633,10.904,2
0,21,0,0,0,0,5,-2,0,0,0,0.278378,9190.98,37.312,27.426,15.679,3
0,22,0,0,0,0,5,0,0,0,0,0.278378,9198.7,0.0,34.299,7.716,1
0,21,0,0,0,0,5,1,0,0,0,0.278378,9232.86,34.155,57.55,34.155,10
1,22,0,0,0,1,5,0,0,0,0,0.278378,9241.66,42.956,50.672,8.801,1
1,23,0,0,0,2,5,1,1,0,0,0.278378,9242.42,43.717,43.717,0.761,1
1,24,0,0,0,3,5,2,0,0,1,0.278378,9249.17,50.472,16.317,6.755,3
