0,0.443054632,-0.237188369,-0.286079826,-0.278352893,-0.303174163,-1.240136831,0.056359442,-0.166410059,-0.347570668,-0.238667185,-7.2313381,-1.711355706,-0.756750925,-1.745051272,-0.823811091,-0.846698562
1,0.623738695,-0.237188369,-0.286079826,-0.278352893,-0.303174163,-1.240136831,-0.840024064,-0.166410059,-0.347570668,-0.238667185,3.331248664,-1.702104801,-0.594751688,-1.149160766,-0.073761236,-0.112795483
1,0.804422757,-0.237188369,-0.286079826,-0.278352893,-0.303174163,-1.240136831,0.056359442,-0.166410059,2.87711275,-0.238667185,6.85211796,-1.700049045,-0.558751858,-1.016740653,-0.881507234,-0.602064203
0,0.623738695,-0.237188369,-0.286079826,-0.278352893,-0.303174163,-1.240136831,0.952742947,-0.166410059,-0.347570668,-0.238667185,3.331248664,-1.697993289,-0.522752028,-1.049845681,-0.881507234,-0.846698562
1,0.804422757,-0.237188369,-0.286079826,-0.278352893,-0.303174163,-1.240136831,0.056359442,-0.166410059,-0.347570668,-0.238667185,5.443766016,-1.691826019,-0.414752537,-1.24847585,-0.419938092,-0.602064203
0,0.623738695,-0.237188369,-0.286079826,-0.278352893,-0.303174163,-1.240136831,0.952742947,-0.166410059,-0.347570668,-0.238667185,3.331248664,-1.688228445,-0.351752833,-1.149160766,-0.708418806,-0.846698562
0,0.443054632,-0.237188369,-0.286079826,-0.278352893,-0.303174163,-1.240136831,0.056359442,-0.166410059,-0.347570668,-0.238667185,1.822298644,-1.676407846,-0.144753809,-0.520165232,0.214719477,0.131838877
1,0.623738695,-0.237188369,-0.286079826,-0.278352893,-0.303174163,-1.240136831,-0.840024064,-0.166410059,-0.347570668,-0.238667185,3.331248664,-1.664587246,0.062245216,-0.156009923,0.214719477,0.376473236
0,0.443054632,-0.237188369,-0.286079826,-0.278352893,-0.303174163,-1.240136831,0.056359442,-0.166410059,-0.347570668,-0.238667185,2.157618523,-1.649683012,0.323243986,0.572300695,0.560896333,0.621107596
0,0.26237057,-0.237188369,-0.286079826,-0.278352893,-0.303174163,-1.240136831,-0.840024064,-0.166410059,-0.347570668,-0.238667185,1.218731311,-1.645571499,0.395243646,0.075725274,-0.650722663,-0.846698562
0,0.081686507,-0.237188369,-0.286079826,-0.278352893,-0.303174163,-1.240136831,0.056359442,-0.166410059,-0.347570668,-0.238667185,1.218731311,-1.643001803,-0.756750925,-0.520165232,-0.823811091,-0.602064203
0,-0.098997555,-0.237188369,-0.286079826,-0.278352893,-0.303174163,-1.240136831,-0.840024064,-0.166410059,-0.347570668,-0.238667185,1.218731311,-1.634778777,-0.612751604,-0.950530597,-0.189153522,0.376473236
0,-0.279681618,-0.237188369,-0.286079826,-0.278352893,-0.303174163,-1.240136831,-1.736407569,-0.166410059,-0.347570668,-0.238667185,1.218731311,-1.623986056,-0.423752494,-0.520165232,0.099327192,0.376473236
1,-0.098997555,1.286290769,-0.286079826,-0.278352893,-0.303174163,-1.240136831,-2.632791074,-0.166410059,-0.347570668,-0.238667185,1.218731311,-1.619360604,-0.342752876,-0.38774512,-0.593026521,-0.357429843
1,0.081686507,2.809769906,-0.286079826,-0.278352893,-0.303174163,-1.240136831,-1.736407569,-0.166410059,2.87711275,-0.238667185,1.218731311,-1.61576303,-0.279753173,-0.685690372,-0.708418806,-0.357429843
0,-0.098997555,2.809769906,-0.286079826,-0.278352893,-0.303174163,-1.240136831,-0.840024064,-0.166410059,-0.347570668,-0.238667185,1.218731311,-1.604970309,-0.090754063,-0.685690372,0.099327192,-0.112795483
0,-0.279681618,-0.237188369,-0.286079826,-0.278352893,-0.303174163,-1.240136831,0.056359442,-0.166410059,-0.347570668,-0.238667185,0.450535501,-1.594691526,-0.756750925,-0.321535063,0.041631049,0.131838877
1,-0.098997555,-0.237188369,-0.286079826,-0.278352893,-0.303174163,-1.240136831,-0.840024064,-0.166410059,-0.347570668,-0.238667185,1.570824578,-1.579787292,-0.495752155,0.406775555,0.560896333,0.865741956
1,0.081686507,-0.237188369,-0.286079826,-0.278352893,-0.303174163,-1.240136831,0.056359442,-0.166410059,-0.347570668,-0.238667185,2.518732239,-1.563855179,-0.21675347,0.737825836,0.676288619,0.865741956
0,-0.098997555,-0.237188369,-0.286079826,-0.278352893,-0.303174163,-1.240136831,0.952742947,-0.166410059,-0.347570668,-0.238667185,1.822298644,-1.516058842,0.620242586,3.154492887,4.253449465,4.045988632
0,-0.279681618,-0.237188369,-0.286079826,-0.278352893,-0.303174163,-1.240136831,0.056359442,-0.166410059,-0.347570668,-0.238667185,1.218731311,-1.491389764,1.05224055,3.783488421,1.657123044,0.131838877
0,-0.46036568,-0.237188369,-0.286079826,-0.278352893,-0.303174163,-1.240136831,-0.840024064,-0.166410059,-0.347570668,-0.238667185,0.690601973,-1.491389764,1.05224055,2.75723255,-1.112291805,-0.846698562
0,-0.641049743,-0.237188369,-0.286079826,-0.278352893,-0.303174163,-1.240136831,0.056359442,-0.166410059,-0.347570668,-0.238667185,0.690601973,-1.485222495,-0.756750925,0.075725274,-0.419938092,-0.602064203
1,-0.46036568,-0.237188369,0.923422224,-0.278352893,-0.303174163,-1.240136831,-0.840024064,-0.166410059,-0.347570668,-0.238667185,0.690601973,-1.484194616,-0.73875101,-1.447106019,-0.996899519,-0.846698562
0,-0.641049743,-0.237188369,0.923422224,-0.278352893,-0.303174163,-1.240136831,0.056359442,-0.166410059,-0.347570668,-0.238667185,0.690601973,-1.468776443,-0.468752282,-0.453955176,0.618592476,0.376473236
0,-0.821733805,-0.237188369,0.923422224,-0.278352893,-0.303174163,-1.240136831,-0.840024064,-0.166410059,-0.347570668,-0.238667185,0.690601973,-1.454900087,-0.225753427,0.042620246,0.445504048,0.865741956
1,-0.641049743,-0.237188369,2.132924274,-0.278352893,-0.303174163,-1.240136831,-1.736407569,-0.166410059,-0.347570668,-0.238667185,0.690601973,-1.448732817,-0.117753936,0.373670527,-0.419938092,-0.357429843
1,-0.46036568,-0.237188369,3.342426325,-0.278352893,-0.303174163,-1.240136831,-0.840024064,-0.166410059,-0.347570668,-0.238667185,0.690601973,-1.446163122,-0.072754148,-0.453955176,-0.823811091,-0.846698562
0,-0.641049743,-0.237188369,3.342426325,-0.278352893,-0.303174163,-1.240136831,0.056359442,-0.166410059,-0.347570668,-0.238667185,0.690601973,-1.428175253,0.242244367,-0.189114951,0.907073189,1.355010675
0,-0.821733805,-0.237188369,3.342426325,-0.278352893,-0.303174163,-1.240136831,-0.840024064,-0.166410059,-0.347570668,-0.238667185,0.690601973,-1.422521923,0.341243901,-0.222219979,-0.477634235,-0.602064203
0,-1.002417868,-0.237188369,-0.286079826,-0.278352893,-0.303174163,-1.240136831,0.056359442,-0.166410059,-0.347570668,-0.238667185,0.22460177,-1.419952227,-0.756750925,-0.222219979,-0.823811091,-0.846698562
0,-1.18310193,-0.237188369,-0.286079826,-0.278352893,-0.303174163,-1.240136831,-0.840024064,-0.166410059,-0.347570668,-0.238667185,-0.189620633,-1.413271018,-0.639751476,-0.950530597,-0.36224195,-0.357429843
1,-1.002417868,-0.237188369,-0.286079826,-0.278352893,-0.303174163,-1.240136831,-1.736407569,-0.166410059,-0.347570668,4.18993503,0.551619456,-1.40658981,-0.522752028,-0.884320541,-0.36224195,-0.112795483
0,-1.18310193,-0.237188369,-0.286079826,-0.278352893,-0.303174163,-1.240136831,-0.840024064,-0.166410059,-0.347570668,-0.238667185,0.162472634,-1.393227393,-0.28875313,-0.189114951,0.387807905,0.131838877
0,-1.363785993,-0.237188369,-0.286079826,-0.278352893,-0.303174163,-1.240136831,-1.736407569,-0.166410059,-0.347570668,-0.238667185,-0.189620633,-1.386032245,-0.162753724,-0.156009923,-0.304545807,-0.357429843
0,-1.18310193,-0.237188369,-0.286079826,-0.278352893,-0.303174163,-1.240136831,0.056359442,-0.166410059,2.87711275,-0.238667185,-0.189620633,-1.381406793,-0.756750925,-0.288430035,-0.593026521,-0.357429843
1,-1.002417868,-0.237188369,-0.286079826,0.977996649,-0.303174163,-1.240136831,0.952742947,-0.166410059,-0.347570668,-0.238667185,-0.189620633,-1.376781341,-0.675751307,-0.851215513,-0.593026521,-0.846698562
0,-1.18310193,-0.237188369,-0.286079826,0.977996649,-0.303174163,-1.240136831,1.849126453,-0.166410059,-0.347570668,-0.238667185,-0.189620633,-1.373697707,-0.621751561,-1.116055738,-0.766114949,-0.602064203
0,-1.363785993,-0.237188369,-0.286079826,0.977996649,-0.303174163,-1.240136831,0.952742947,-0.166410059,-0.347570668,-0.238667185,-0.189620633,-1.373183767,-0.612751604,-1.380895962,-1.054595662,-1.091332922
1,-1.18310193,-0.237188369,-0.286079826,2.234346191,-0.303174163,-1.240136831,0.056359442,-0.166410059,2.87711275,-0.238667185,-0.189620633,-1.356223777,-0.315753003,-0.586375288,0.791680904,1.110376315
1,-1.002417868,-0.237188369,-0.286079826,3.490695733,-0.303174163,-1.240136831,0.952742947,-0.166410059,2.87711275,-0.238667185,-0.189620633,-1.348000751,-0.171753682,-0.255325007,-0.189153522,0.131838877
0,-1.18310193,-0.237188369,-0.286079826,-0.278352893,-0.303174163,-0.685644593,0.056359442,-0.166410059,-0.347570668,-0.238667185,-0.509688137,-1.332068638,-0.756750925,0.737825836,0.676288619,1.110376315
0,-1.363785993,-0.237188369,-0.286079826,-0.278352893,-0.303174163,-0.685644593,-0.840024064,-0.166410059,-0.347570668,-0.238667185,-0.801933788,-1.327957125,-0.684751264,-0.089799867,-0.650722663,-0.357429843
0,-1.544470056,-0.237188369,-0.286079826,-0.278352893,-0.303174163,-0.685644593,-1.736407569,-0.166410059,-0.347570668,-0.238667185,-1.069822113,-1.325901369,-0.648751434,-0.487060204,-0.881507234,-0.846698562
0,-1.725154118,-0.237188369,-0.286079826,-0.278352893,-0.303174163,-0.685644593,-2.632791074,-0.166410059,-0.347570668,-0.238667185,-1.316289513,-1.31922016,-0.531751985,-1.08295071,-0.36224195,0.131838877
0,-1.544470056,-0.237188369,-0.286079826,-0.278352893,-0.303174163,-1.240136831,0.056359442,-0.166410059,-0.347570668,-0.238667185,-1.316289513,-1.306885622,-0.756750925,-0.55327026,0.27241562,-0.357429843
0,-1.725154118,-0.237188369,-0.286079826,-0.278352893,-0.303174163,-1.240136831,0.952742947,-0.166410059,-0.347570668,-0.238667185,-1.316289513,-1.289411692,-0.450752367,0.439880583,0.849377047,0.376473236
1,-1.544470056,1.286290769,-0.286079826,-0.278352893,-0.303174163,-1.240136831,0.056359442,-0.166410059,-0.347570668,-0.238667185,-1.316289513,-1.279646848,-0.279753173,0.638510752,-0.016065094,0.131838877
1,-1.363785993,2.809769906,-0.286079826,-0.278352893,-0.303174163,-1.240136831,0.952742947,-0.166410059,-0.347570668,-0.238667185,-1.316289513,-1.277077153,-0.234753385,0.009515218,-0.823811091,-0.846698562
1,-1.18310193,4.333249043,-0.286079826,-0.278352893,-0.303174163,-1.240136831,1.849126453,-0.166410059,-0.347570668,-0.238667185,-1.316289513,-1.272451701,-0.153753766,-0.818110485,-0.593026521,-0.846698562
0,-1.002417868,-0.237188369,-0.286079826,-0.278352893,-0.303174163,-0.685644593,0.056359442,-0.166410059,-0.347570668,-0.238667185,-1.543786506,-1.271937762,-0.756750925,-1.414000991,-1.054595662,-1.091332922
1,-0.821733805,-0.237188369,-0.286079826,-0.278352893,-0.303174163,-0.685644593,0.952742947,-0.166410059,-0.347570668,-0.238667185,-0.972033685,-1.261658979,-0.576751773,-0.917425569,0.041631049,0.376473236
0,-1.002417868,-0.237188369,-0.286079826,-0.278352893,-0.303174163,-0.685644593,1.849126453,-0.166410059,-0.347570668,-0.238667185,-1.195580271,-1.249324441,-0.360752791,-0.420850148,0.27241562,0.131838877
0,-1.18310193,-0.237188369,-0.286079826,-0.278352893,-0.303174163,-0.685644593,0.952742947,-0.166410059,-0.347570668,-0.238667185,-1.403705481,-1.23236445,-0.063754191,0.638510752,0.791680904,1.110376315
0,-1.363785993,-0.237188369,-0.286079826,-0.278352893,-0.303174163,-0.685644593,0.056359442,-0.166410059,-0.347570668,-0.238667185,-1.597951451,-1.230822632,-0.036754318,0.075725274,-0.939203377,-0.846698562
1,-1.18310193,-0.237188369,-0.286079826,-0.278352893,-0.303174163,-0.685644593,-0.840024064,-0.166410059,2.87711275,-0.238667185,-1.098214346,-1.212834763,0.278244198,0.439880583,0.907073189,1.355010675
1,-1.002417868,-0.237188369,-0.286079826,-0.278352893,-0.303174163,-0.685644593,0.056359442,-0.166410059,-0.347570668,-0.238667185,-0.629721373,-1.204611738,0.422243519,-0.122904895,-0.189153522,-0.602064203
0,-1.18310193,-0.237188369,-0.286079826,-0.278352893,-0.303174163,-0.685644593,0.952742947,-0.166410059,-0.347570668,-0.238667185,-0.829776766,-1.201014164,0.485243222,0.009515218,-0.708418806,-0.846698562
1,-1.002417868,-0.237188369,-0.286079826,-0.278352893,-0.303174163,-0.685644593,0.056359442,-0.166410059,-0.347570668,-0.238667185,-0.396731834,-1.185082051,0.764241908,-0.122904895,0.676288619,0.865741956
1,-0.821733805,-0.237188369,-0.286079826,-0.278352893,-0.303174163,-0.685644593,0.952742947,-0.166410059,-0.347570668,-0.238667185,0.01157552,-1.173261451,0.971240932,0.108830302,0.214719477,-0.112795483
0,-1.002417868,-0.237188369,-0.286079826,-0.278352893,-0.303174163,-0.131152356,0.056359442,-0.166410059,-0.347570668,-0.238667185,0.01157552,-1.170691756,-0.756750925,0.042620246,-0.823811091,-1.091332922
1,-0.821733805,-0.237188369,0.923422224,-0.278352893,-0.303174163,-0.131152356,-0.840024064,-0.166410059,2.87711275,-0.238667185,0.01157552,-1.159385095,-0.558751858,-0.255325007,0.157023334,0.621107596
1,-0.641049743,-0.237188369,2.132924274,-0.278352893,-0.303174163,-0.131152356,0.056359442,-0.166410059,2.87711275,-0.238667185,0.01157552,-1.123409357,0.071245173,1.300611313,2.926438184,3.556719913
0,-0.821733805,-0.237188369,2.132924274,-0.278352893,-0.303174163,-0.131152356,0.952742947,-0.166410059,-0.347570668,-0.238667185,0.01157552,-1.111588758,0.278244198,1.896501819,0.214719477,-0.112795483
1,-0.641049743,-0.237188369,3.342426325,-0.278352893,-0.303174163,-0.131152356,0.056359442,-0.166410059,-0.347570668,-0.238667185,0.01157552,-1.106963306,0.359243816,1.466136454,-0.593026521,-0.846698562
0,-0.821733805,-0.237188369,3.342426325,-0.278352893,-0.303174163,-0.131152356,0.952742947,-0.166410059,-0.347570668,-0.238667185,0.01157552,-1.087947558,0.692242247,0.373670527,1.022465475,0.865741956
0,-1.002417868,-0.237188369,3.342426325,-0.278352893,-0.303174163,-0.131152356,0.056359442,-0.166410059,-0.347570668,-0.238667185,0.01157552,-1.079210593,0.845241526,0.175040358,-0.131457379,-0.112795483
0,-1.18310193,-0.237188369,3.342426325,-0.278352893,-0.303174163,-0.131152356,-0.840024064,-0.166410059,-0.347570668,-0.238667185,0.01157552,-1.058653029,1.205239829,1.201296229,1.195553903,2.333548114
0,-1.002417868,-0.237188369,-0.286079826,-0.278352893,-0.303174163,-0.131152356,0.056359442,-0.166410059,-0.347570668,-0.238667185,-0.189620633,-1.046832429,-0.756750925,0.737825836,0.214719477,-0.112795483
1,-0.821733805,-0.237188369,-0.286079826,-0.278352893,-0.303174163,-0.131152356,0.952742947,-0.166410059,-0.347570668,-0.238667185,0.191012744,-1.02884456,-0.441752409,1.333716342,0.907073189,0.376473236
0,-1.002417868,-0.237188369,-0.286079826,-0.278352893,-0.303174163,-0.131152356,1.849126453,-0.166410059,-0.347570668,-0.238667185,-0.004310611,-1.021135473,-0.306753045,0.506090639,-0.246849664,-0.357429843
0,-1.18310193,-0.237188369,-0.286079826,-0.278352893,-0.303174163,-0.131152356,0.952742947,-0.166410059,-0.347570668,-0.238667185,-0.189620633,-1.019079717,-0.270753215,-0.122904895,-0.881507234,-0.846698562
1,-1.002417868,-0.237188369,-0.286079826,-0.278352893,-0.303174163,-0.131152356,0.056359442,-0.166410059,-0.347570668,-0.238667185,0.162472634,-1.015482143,-0.207753512,-1.049845681,-0.708418806,-0.602064203
0,-1.18310193,-0.237188369,-0.286079826,-0.278352893,-0.303174163,-0.131152356,0.952742947,-0.166410059,-0.347570668,-0.238667185,-0.017872972,-0.953809449,0.872241399,2.426182269,5.811245318,6.00306351
0,-1.363785993,-0.237188369,-0.286079826,-0.278352893,-0.303174163,-0.131152356,0.056359442,-0.166410059,-0.347570668,-0.238667185,-0.189620633,-0.941988849,1.079240423,3.055177803,0.214719477,0.131838877
0,-1.544470056,-0.237188369,-0.286079826,-0.278352893,-0.303174163,-0.131152356,-0.840024064,-0.166410059,-0.347570668,-0.238667185,-0.353382978,-0.939419154,1.124240211,2.988967746,-0.823811091,-0.846698562
0,-1.725154118,-0.237188369,-0.286079826,-0.278352893,-0.303174163,-0.131152356,0.056359442,-0.166410059,-0.347570668,-0.238667185,-0.353382978,-0.919889467,-0.756750925,0.274355442,1.080161617,1.355010675
1,-1.544470056,-0.237188369,-0.286079826,0.977996649,-0.303174163,-0.131152356,-0.840024064,-0.166410059,-0.347570668,-0.238667185,-0.353382978,-0.916805833,-0.702751179,-0.288430035,-0.766114949,-0.846698562
1,-1.363785993,-0.237188369,-0.286079826,2.234346191,-0.303174163,-0.131152356,0.056359442,-0.166410059,-0.347570668,-0.238667185,-0.353382978,-0.912180381,-0.621751561,-0.156009923,-0.593026521,-0.357429843
1,-1.18310193,-0.237188369,-0.286079826,3.490695733,-0.303174163,-0.131152356,0.952742947,-0.166410059,-0.347570668,-0.238667185,-0.353382978,-0.897790085,-0.369752749,-0.487060204,0.503200191,0.621107596
0,-1.363785993,-0.237188369,-0.286079826,3.490695733,-0.303174163,-0.131152356,1.849126453,-0.166410059,-0.347570668,-0.238667185,-0.353382978,-0.894706451,-0.315753003,-0.487060204,-0.766114949,-0.602064203
0,-1.544470056,-0.237188369,-0.286079826,3.490695733,-0.303174163,-0.131152356,0.952742947,-0.166410059,-0.347570668,-0.238667185,-0.353382978,-0.873121008,0.062245216,0.605405723,1.310946188,1.355010675
1,-1.363785993,-0.237188369,-0.286079826,4.747045276,-0.303174163,-0.131152356,0.056359442,-0.166410059,-0.347570668,4.18993503,-0.353382978,-0.862328286,0.251244325,0.373670527,0.099327192,0.131838877
0,-1.544470056,-0.237188369,-0.286079826,4.747045276,-0.303174163,-0.131152356,0.952742947,-0.166410059,-0.347570668,-0.238667185,-0.353382978,-0.857188895,0.341243901,0.506090639,-0.535330378,-0.112795483
1,-1.363785993,-0.237188369,-0.286079826,6.003394818,-0.303174163,-0.131152356,0.056359442,-0.166410059,-0.347570668,-0.238667185,-0.353382978,-0.855647078,0.368243774,-0.785005457,-0.939203377,-0.846698562
1,-1.18310193,-0.237188369,-0.286079826,7.25974436,-0.303174163,-0.131152356,0.952742947,-0.166410059,-0.347570668,-0.238667185,-0.353382978,-0.849479809,0.476243265,-1.08295071,-0.419938092,-0.357429843
0,-1.002417868,-0.237188369,-0.286079826,-0.278352893,-0.303174163,0.423339882,0.056359442,-0.166410059,-0.347570668,4.18993503,-0.509688137,-0.815559827,-0.756750925,0.770930864,2.695653613,3.312085553
1,-0.821733805,-0.237188369,-0.286079826,-0.278352893,-0.303174163,0.423339882,0.952742947,-0.166410059,-0.347570668,4.18993503,-0.189620633,-0.800655593,-0.495752155,1.631661594,0.560896333,1.355010675
0,-1.002417868,-0.237188369,-0.286079826,-0.278352893,-0.303174163,0.423339882,1.849126453,-0.166410059,-0.347570668,-0.238667185,-0.34269364,-0.798599836,-0.459752324,1.36682137,-0.881507234,-0.846698562
0,-1.18310193,-0.237188369,-0.286079826,-0.278352893,-0.303174163,0.423339882,0.952742947,-0.166410059,-0.347570668,-0.238667185,-0.489260094,-0.793460445,-0.369752749,-0.487060204,-0.535330378,-0.357429843
0,-1.363785993,-0.237188369,-0.286079826,-0.278352893,-0.303174163,0.423339882,0.056359442,-0.166410059,-0.347570668,-0.238667185,-0.629721373,-0.79037681,-0.315753003,-1.24847585,-0.766114949,-0.846698562
0,-1.544470056,-0.237188369,-0.286079826,-0.278352893,-0.303174163,0.423339882,-0.840024064,-0.166410059,-0.347570668,-0.238667185,-0.76445773,-0.787293176,-0.261753258,-1.182265794,-0.766114949,-0.846698562
0,-1.363785993,-0.237188369,-0.286079826,-0.278352893,-0.303174163,0.423339882,0.056359442,-0.166410059,2.87711275,-0.238667185,-0.76445773,-0.775986515,-0.756750925,-0.785005457,0.157023334,0.621107596
1,-1.18310193,-0.237188369,-0.286079826,-0.278352893,0.762722367,0.423339882,0.952742947,-0.166410059,-0.347570668,4.18993503,-0.76445773,-0.741552594,-0.153753766,1.234401257,2.753349756,1.599645035
1,-1.002417868,-0.237188369,-0.286079826,-0.278352893,1.828618897,0.423339882,1.849126453,-0.166410059,2.87711275,-0.238667185,-0.76445773,-0.73795502,-0.090754063,1.267506285,-0.708418806,-0.357429843
1,-0.821733805,-0.237188369,-0.286079826,-0.278352893,2.894515427,0.423339882,2.745509958,6.009252126,-0.347570668,-0.238667185,-0.76445773,-0.73795502,-0.090754063,0.539195667,-1.112291805,-0.846698562
0,-1.002417868,-0.237188369,-0.286079826,-0.278352893,-0.303174163,0.97783212,0.056359442,-0.166410059,-0.347570668,-0.238667185,-0.893786042,-0.732815629,-0.756750925,-1.347790934,-0.535330378,-0.357429843
1,-0.821733805,-0.237188369,-0.286079826,-0.278352893,-0.303174163,0.97783212,-0.840024064,-0.166410059,-0.347570668,-0.238667185,-0.603843035,-0.708660491,-0.333752918,-0.02358981,1.599426902,1.844279395
0,-1.002417868,-0.237188369,-0.286079826,-0.278352893,-0.303174163,0.97783212,0.056359442,-0.166410059,-0.347570668,-0.238667185,-0.731291207,-0.690672622,-0.018754403,1.135086173,0.907073189,1.110376315
0,-1.18310193,-0.237188369,-0.286079826,-0.278352893,-0.303174163,0.97783212,-0.840024064,-0.166410059,-0.347570668,-0.238667185,-0.85392284,-0.683991413,0.098245046,1.234401257,-0.36224195,-0.357429843
0,-1.363785993,-0.237188369,-0.286079826,-0.278352893,-0.303174163,0.97783212,-1.736407569,-0.166410059,-0.347570668,-0.238667185,-0.972033685,-0.681421718,0.143244834,-0.156009923,-0.823811091,-0.846698562
0,-1.544470056,-0.237188369,-0.286079826,-0.278352893,-0.303174163,0.97783212,0.056359442,-0.166410059,-0.347570668,-0.238667185,-0.972033685,-0.678852022,-0.756750925,-1.149160766,-0.823811091,-0.602064203
1,-1.363785993,-0.237188369,-0.286079826,-0.278352893,0.762722367,0.97783212,-0.840024064,-0.166410059,2.87711275,-0.238667185,-0.972033685,-0.668059301,-0.567751816,-0.884320541,0.099327192,0.621107596
1,-1.18310193,-0.237188369,-0.286079826,-0.278352893,1.828618897,0.97783212,0.056359442,6.009252126,-0.347570668,-0.238667185,-0.972033685,-0.666003544,-0.531751985,-0.917425569,-0.881507234,-0.846698562
1,-1.002417868,-0.237188369,-0.286079826,-0.278352893,2.894515427,0.97783212,0.952742947,-0.166410059,-0.347570668,-0.238667185,-0.972033685,-0.653669006,-0.315753003,-0.288430035,0.27241562,0.131838877
1,-0.821733805,-0.237188369,-0.286079826,-0.278352893,3.960411957,0.97783212,1.849126453,-0.166410059,-0.347570668,-0.238667185,-0.972033685,-0.650071432,-0.2527533,-0.751900429,-0.708418806,-0.846698562
0,-0.641049743,-0.237188369,-0.286079826,-0.278352893,-0.303174163,1.532324358,0.056359442,-0.166410059,-0.347570668,-0.238667185,-1.085834995,-0.64544598,-0.756750925,-0.586375288,-0.593026521,-0.602064203
0,-0.821733805,-0.237188369,-0.286079826,-0.278352893,-0.303174163,1.532324358,0.952742947,-0.166410059,-0.347570668,-0.238667185,-1.195580271,-0.634139319,-0.558751858,-0.652585344,0.157023334,0.131838877
0,-1.002417868,-0.237188369,-0.286079826,-0.278352893,-0.303174163,1.532324358,0.056359442,-0.166410059,-0.347570668,-0.238667185,-1.301459641,-0.614609633,-0.21675347,0.373670527,1.080161617,-0.357429843
1,-0.821733805,-0.237188369,-0.286079826,-0.278352893,-0.303174163,1.532324358,-0.840024064,-0.166410059,-0.347570668,-0.238667185,-1.039486364,-0.59867752,0.062245216,1.101981145,0.676288619,0.865741956
0,-1.002417868,-0.237188369,-0.286079826,-0.278352893,-0.303174163,1.532324358,0.056359442,-0.166410059,-0.347570668,-0.238667185,-1.144415101,-0.59302419,0.161244749,0.737825836,-0.477634235,-0.357429843
1,-0.821733805,-0.237188369,-0.286079826,-0.278352893,-0.303174163,1.532324358,-0.840024064,-0.166410059,-0.347570668,-0.238667185,-0.893786042,-0.585315103,0.296244113,-0.02358981,-0.246849664,-0.112795483
0,-1.002417868,-0.237188369,-0.286079826,-0.278352893,-0.303174163,1.532324358,0.056359442,-0.166410059,-0.347570668,-0.238667185,-0.997679645,-0.561673904,0.710242162,0.472985611,1.541730759,2.088913754
0,-1.18310193,-0.237188369,-0.286079826,-0.278352893,-0.303174163,1.532324358,-0.840024064,-0.166410059,-0.347570668,-0.238667185,-1.098214346,-0.539060583,1.106240296,1.565451538,1.426338474,1.110376315
0,-1.363785993,-0.237188369,-0.286079826,-0.278352893,-0.303174163,1.532324358,0.056359442,-0.166410059,-0.347570668,-0.238667185,-1.098214346,-0.531351496,-0.756750925,1.565451538,-0.246849664,-0.112795483
1,-1.18310193,-0.237188369,-0.286079826,-0.278352893,0.762722367,1.532324358,-0.840024064,-0.166410059,-0.347570668,-0.238667185,-1.098214346,-0.505140601,-0.297753088,1.730976679,1.830211472,2.578182474
1,-1.002417868,-0.237188369,-0.286079826,-0.278352893,1.828618897,1.532324358,0.056359442,-0.166410059,-0.347570668,-0.238667185,-1.098214346,-0.501029088,-0.225753427,0.539195667,-0.650722663,-0.846698562
1,-0.821733805,-0.237188369,-0.286079826,-0.278352893,2.894515427,1.532324358,0.952742947,-0.166410059,-0.347570668,-0.238667185,-1.098214346,-0.50000121,-0.207753512,0.108830302,-0.996899519,-0.846698562
1,-0.641049743,-0.237188369,-0.286079826,-0.278352893,3.960411957,1.532324358,1.849126453,-0.166410059,-0.347570668,-0.238667185,-1.098214346,-0.49434788,-0.108753979,-1.215370822,-0.477634235,-0.846698562
0,-0.821733805,-0.237188369,-0.286079826,-0.278352893,-0.303174163,2.086816595,0.056359442,-0.166410059,-0.347570668,-0.238667185,-1.195580271,-0.480985463,-0.756750925,-0.619480316,0.387807905,0.131838877
1,-0.641049743,-0.237188369,-0.286079826,-0.278352893,-0.303174163,2.086816595,-0.840024064,-0.166410059,-0.347570668,-0.238667185,-0.959802209,-0.474818193,-0.648751434,-0.288430035,-0.419938092,-1.091332922
0,-0.821733805,-0.237188369,-0.286079826,-0.278352893,-0.303174163,2.086816595,0.056359442,-0.166410059,-0.347570668,-0.238667185,-1.056280877,-0.472762437,-0.612751604,-0.520165232,-0.881507234,-0.846698562
1,-0.641049743,-0.237188369,-0.286079826,-0.278352893,-0.303174163,2.086816595,-0.840024064,-0.166410059,-0.347570668,-0.238667185,-0.829776766,-0.443467907,-0.099754021,0.506090639,2.176388329,0.865741956
0,-0.821733805,-0.237188369,-0.286079826,-0.278352893,-0.303174163,2.086816595,0.056359442,-0.166410059,-0.347570668,-0.238667185,-0.925325926,-0.433189125,0.080245131,0.770930864,0.041631049,-0.846698562
0,-1.002417868,-0.237188369,-0.286079826,-0.278352893,-0.303174163,2.086816595,-0.840024064,-0.166410059,-0.347570668,-0.238667185,-1.018044313,-0.428563673,0.161244749,0.936456004,-0.593026521,-0.846698562
0,-1.18310193,-0.237188369,-0.286079826,-0.278352893,-0.303174163,2.086816595,0.056359442,-0.166410059,-0.347570668,-0.238667185,-1.018044313,-0.419312769,-0.756750925,-0.354640091,-0.073761236,-0.112795483
0,-1.363785993,-0.237188369,-0.286079826,-0.278352893,-0.303174163,2.086816595,-0.840024064,-0.166410059,-0.347570668,-0.238667185,-1.108100927,-0.412117621,-0.630751519,-0.55327026,-0.304545807,-0.846698562
0,-1.544470056,-0.237188369,-0.286079826,-0.278352893,-0.303174163,2.086816595,-1.736407569,-0.166410059,-0.347570668,-0.238667185,-1.195580271,-0.408520047,-0.567751816,-0.619480316,-0.708418806,-0.846698562
1,-1.363785993,-0.237188369,-0.286079826,-0.278352893,0.762722367,2.086816595,-2.632791074,-0.166410059,-0.347570668,-0.238667185,-1.195580271,-0.40697823,-0.540751943,-1.116055738,-0.939203377,-0.846698562
1,-1.18310193,-0.237188369,-0.286079826,-0.278352893,1.828618897,2.086816595,-1.736407569,6.009252126,-0.347570668,-0.238667185,-1.195580271,-0.40697823,-0.540751943,-1.579526131,-1.112291805,-0.846698562
1,-1.002417868,-0.237188369,-0.286079826,-0.278352893,1.828618897,2.086816595,-0.840024064,-0.166410059,-0.347570668,-0.238667185,-0.9830399,-0.398241265,-0.387752664,-1.24847585,-0.131457379,-0.602064203
0,-1.18310193,-0.237188369,-0.286079826,-0.278352893,1.828618897,2.086816595,0.056359442,-0.166410059,-0.347570668,-0.238667185,-1.069822113,-0.385392787,-0.162753724,-0.520165232,0.330111763,0.131838877
1,-1.002417868,-0.237188369,-0.286079826,-0.278352893,2.894515427,2.086816595,-0.840024064,-0.166410059,2.87711275,-0.238667185,-1.069822113,-0.381795213,-0.099754021,-0.288430035,-0.708418806,-0.357429843
1,-0.821733805,-0.237188369,-0.286079826,-0.278352893,3.960411957,2.086816595,0.056359442,-0.166410059,2.87711275,-0.238667185,-1.069822113,-0.356612197,0.341243901,0.770930864,1.714819187,2.088913754
0,-1.002417868,-0.237188369,-0.286079826,-0.278352893,3.960411957,2.086816595,0.952742947,-0.166410059,-0.347570668,-0.238667185,-1.154238306,-0.346847353,0.512243095,0.572300695,-0.016065094,0.131838877
0,-1.18310193,-0.237188369,-0.286079826,-0.278352893,3.960411957,2.086816595,0.056359442,-0.166410059,-0.347570668,-0.238667185,-1.236351856,-0.318066763,1.01624072,2.194447072,2.118692186,3.067451193
1,-1.002417868,-0.237188369,-0.286079826,-0.278352893,5.026308487,2.086816595,-0.840024064,-0.166410059,-0.347570668,-0.238667185,-1.236351856,-0.306760102,1.214239787,1.300611313,0.157023334,-0.357429843
1,-0.821733805,-0.237188369,-0.286079826,-0.278352893,6.092205016,2.086816595,0.056359442,-0.166410059,-0.347570668,-0.238667185,-1.236351856,-0.301620711,1.304239363,1.002666061,-0.535330378,-0.357429843
1,-0.641049743,-0.237188369,-0.286079826,-0.278352893,6.092205016,2.086816595,0.952742947,-0.166410059,-0.347570668,4.18993503,-1.034627574,-0.299051016,1.349239151,-0.685690372,-0.823811091,-0.602064203
0,-0.46036568,-0.237188369,-0.286079826,-0.278352893,-0.303174163,-1.240136831,0.056359442,-0.166410059,-0.347570668,-0.238667185,-1.116149619,-0.291855868,-0.756750925,-0.950530597,-0.304545807,-0.602064203
0,-0.641049743,-0.237188369,-0.286079826,-0.278352893,-0.303174163,-1.240136831,0.952742947,-0.166410059,-0.347570668,-0.238667185,-1.195580271,-0.267186791,-0.324752961,0.307460471,1.657123044,2.088913754
0,-0.821733805,-0.237188369,-0.286079826,-0.278352893,-0.303174163,-1.240136831,0.056359442,-0.166410059,-0.347570668,-0.238667185,-1.272961782,-0.264103156,-0.270753215,0.340565499,-0.766114949,-0.846698562
1,-0.641049743,-0.237188369,-0.286079826,-0.278352893,-0.303174163,-1.240136831,-0.840024064,-0.166410059,-0.347570668,4.18993503,-1.080976205,-0.253310434,-0.081754106,0.572300695,0.099327192,0.376473236
1,-0.46036568,-0.237188369,-0.286079826,-0.278352893,-0.303174163,-1.240136831,0.056359442,-0.166410059,-0.347570668,-0.238667185,-0.893786042,-0.221960148,0.467243307,1.002666061,2.407172899,1.355010675
0,-0.641049743,-0.237188369,-0.286079826,-0.278352893,-0.303174163,-1.240136831,0.952742947,-0.166410059,-0.347570668,-0.238667185,-0.972033685,-0.218876514,0.521243053,1.002666061,-0.766114949,-0.846698562
1,-0.46036568,-0.237188369,-0.286079826,-0.278352893,-0.303174163,-1.240136831,0.056359442,-0.166410059,-0.347570668,4.18993503,-0.790737446,-0.198318949,0.881241356,1.631661594,1.195553903,1.844279395
1,-0.279681618,-0.237188369,-0.286079826,-0.278352893,-0.303174163,-1.240136831,0.952742947,-0.166410059,-0.347570668,-0.238667185,-0.613814117,-0.189581984,1.034240635,0.175040358,-0.131457379,-0.112795483
0,-0.46036568,-0.237188369,-0.286079826,-0.278352893,-0.303174163,-0.685644593,0.056359442,-0.166410059,-0.347570668,-0.238667185,-0.613814117,-0.147438977,-0.756750925,2.691022494,3.618791896,3.312085553
1,-0.279681618,1.286290769,-0.286079826,-0.278352893,-0.303174163,-0.685644593,-0.840024064,-0.166410059,-0.347570668,-0.238667185,-0.613814117,-0.144355342,-0.702751179,1.565451538,-0.766114949,-0.846698562
1,-0.098997555,2.809769906,-0.286079826,-0.278352893,-0.303174163,-0.685644593,0.056359442,-0.166410059,-0.347570668,-0.238667185,-0.613814117,-0.142299585,-0.666751349,1.135086173,-0.881507234,-0.846698562
1,0.081686507,4.333249043,-0.286079826,-0.278352893,-0.303174163,-0.685644593,0.952742947,-0.166410059,-0.347570668,-0.238667185,-0.613814117,-0.136132316,-0.558751858,-1.182265794,-0.419938092,-0.357429843
0,-0.098997555,4.333249043,-0.286079826,-0.278352893,-0.303174163,-0.685644593,1.849126453,-0.166410059,-0.347570668,-0.238667185,-0.613814117,-0.127395351,-0.405752579,-0.818110485,-0.131457379,-0.112795483
1,0.081686507,5.85672818,-0.286079826,-0.278352893,-0.303174163,-0.685644593,0.952742947,-0.166410059,-0.347570668,-0.238667185,-0.613814117,-0.124825656,-0.360752791,-0.785005457,-0.823811091,-0.846698562
0,-0.098997555,-0.237188369,-0.286079826,-0.278352893,-0.303174163,-0.131152356,0.056359442,-0.166410059,-0.347570668,-0.238667185,-0.692589889,-0.12225596,-0.756750925,-1.016740653,-0.823811091,-0.846698562
1,0.081686507,-0.237188369,-0.286079826,-0.278352893,-0.303174163,-0.131152356,-0.840024064,-0.166410059,2.87711275,-0.238667185,-0.520990105,-0.091933552,-0.225753427,0.373670527,2.291780614,2.822816834
1,0.26237057,-0.237188369,-0.286079826,-0.278352893,-0.303174163,-0.131152356,0.056359442,-0.166410059,-0.347570668,-0.238667185,-0.353382978,-0.080626892,-0.02775436,0.936456004,0.157023334,0.376473236
0,0.081686507,-0.237188369,-0.286079826,-0.278352893,-0.303174163,-0.131152356,0.952742947,-0.166410059,-0.347570668,-0.238667185,-0.432433377,-0.054929936,0.422243519,2.426182269,1.77251533,1.599645035
0,-0.098997555,-0.237188369,-0.286079826,-0.278352893,-0.303174163,-0.131152356,0.056359442,-0.166410059,-0.347570668,-0.238667185,-0.509688137,-0.049790545,0.512243095,0.804035892,-0.535330378,-0.846698562
0,-0.279681618,-0.237188369,-0.286079826,-0.278352893,-0.303174163,-0.131152356,-0.840024064,-0.166410059,-0.347570668,-0.238667185,-0.585210632,-0.04670691,0.566242841,0.274355442,-0.766114949,-0.846698562
0,-0.098997555,-0.237188369,-0.286079826,-0.278352893,-0.303174163,-0.131152356,0.056359442,-0.166410059,-0.347570668,-0.238667185,-0.585210632,-0.028205102,-0.756750925,-0.189114951,0.964769332,1.599645035
0,-0.279681618,-0.237188369,-0.286079826,-0.278352893,-0.303174163,-0.131152356,0.952742947,-0.166410059,-0.347570668,-0.238667185,-0.585210632,-0.02357965,-0.675751307,-0.222219979,-0.593026521,-0.602064203
0,-0.46036568,-0.237188369,-0.286079826,-0.278352893,-0.303174163,-0.131152356,0.056359442,-0.166410059,-0.347570668,-0.238667185,-0.585210632,-0.015870563,-0.540751943,0.075725274,-0.246849664,-0.112795483
0,-0.641049743,-0.237188369,-0.286079826,-0.278352893,-0.303174163,-0.131152356,-0.840024064,-0.166410059,-0.347570668,-0.238667185,-0.585210632,0.001089428,-0.243753342,-0.02358981,0.791680904,1.355010675
1,-0.46036568,-0.237188369,0.923422224,-0.278352893,-0.303174163,-0.131152356,-1.736407569,-0.166410059,-0.347570668,-0.238667185,-0.585210632,0.016507601,0.026245385,0.67161578,0.618592476,1.110376315
1,-0.279681618,-0.237188369,2.132924274,-0.278352893,-0.303174163,-0.131152356,-0.840024064,-0.166410059,-0.347570668,-0.238667185,-0.585210632,0.01702154,0.035245343,0.208145386,-1.054595662,-0.846698562
1,-0.098997555,-0.237188369,3.342426325,-0.278352893,-0.303174163,-0.131152356,0.056359442,-0.166410059,2.87711275,-0.238667185,-0.585210632,0.022674871,0.134244876,-0.520165232,-0.477634235,-0.357429843
1,0.081686507,-0.237188369,4.551928375,-0.278352893,-0.303174163,-0.131152356,0.952742947,-0.166410059,-0.347570668,-0.238667185,-0.585210632,0.026272444,0.197244579,-1.281580878,-0.708418806,-0.846698562
0,0.26237057,-0.237188369,-0.286079826,-0.278352893,-0.303174163,0.423339882,0.056359442,-0.166410059,-0.347570668,-0.238667185,-0.659064239,0.031925775,-0.756750925,-0.950530597,-0.477634235,-0.602064203
0,0.081686507,-0.237188369,-0.286079826,-0.278352893,-0.303174163,0.423339882,0.952742947,-0.166410059,-0.347570668,-0.238667185,-0.731291207,0.03449547,-0.711751137,-1.149160766,-0.823811091,-0.846698562
0,-0.098997555,-0.237188369,-0.286079826,-0.278352893,-0.303174163,0.423339882,0.056359442,-0.166410059,-0.347570668,-0.238667185,-0.801933788,0.040148801,-0.612751604,-1.016740653,-0.477634235,-0.357429843
0,-0.279681618,-0.237188369,-0.286079826,-0.278352893,-0.303174163,0.423339882,-0.840024064,-0.166410059,-0.347570668,-0.238667185,-0.87107648,0.051455461,-0.414752537,-0.652585344,0.157023334,0.131838877
1,-0.098997555,-0.237188369,-0.286079826,-0.278352893,-0.303174163,0.423339882,-1.736407569,-0.166410059,2.87711275,-0.238667185,-0.71398969,0.058650609,-0.28875313,-0.354640091,-0.304545807,-0.112795483
1,0.081686507,-0.237188369,-0.286079826,-0.278352893,-0.303174163,0.423339882,-0.840024064,-0.166410059,-0.347570668,-0.238667185,-0.560240677,0.06379,-0.198753554,-0.38774512,-0.535330378,-0.602064203
0,-0.098997555,-0.237188369,-0.286079826,-0.278352893,-0.303174163,0.423339882,0.056359442,-0.166410059,-0.347570668,-0.238667185,-0.629721373,0.067901513,-0.126753894,-0.851215513,-0.650722663,-0.357429843
1,0.081686507,-0.237188369,-0.286079826,-0.278352893,-0.303174163,0.423339882,-0.840024064,-0.166410059,-0.347570668,-0.238667185,-0.479986143,0.09308453,0.314244028,0.307460471,1.714819187,1.844279395
0,-0.098997555,-0.237188369,-0.286079826,-0.278352893,-0.303174163,0.423339882,0.056359442,-0.166410059,-0.347570668,-0.238667185,-0.548875334,0.108502703,0.584242756,0.969561033,0.618592476,1.110376315
1,0.081686507,-0.237188369,-0.286079826,-0.278352893,-0.303174163,0.423339882,-0.840024064,-0.166410059,-0.347570668,-0.238667185,-0.403006011,0.117239668,0.737242035,1.267506285,-0.131457379,-0.602064203
1,0.26237057,-0.237188369,-0.286079826,-0.278352893,-0.303174163,0.423339882,0.056359442,-0.166410059,-0.347570668,-0.238667185,-0.260030836,0.123406937,0.845241526,0.042620246,-0.419938092,-0.602064203
0,0.081686507,-0.237188369,-0.286079826,-0.278352893,-0.303174163,0.423339882,0.952742947,-0.166410059,-0.347570668,-0.238667185,-0.329046778,0.135227537,1.05224055,-0.189114951,0.214719477,0.131838877
0,-0.098997555,-0.237188369,-0.286079826,-0.278352893,-0.303174163,0.423339882,0.056359442,-0.166410059,-0.347570668,-0.238667185,-0.396731834,0.14499238,1.223239745,-0.122904895,-0.016065094,0.621107596
1,0.081686507,-0.237188369,-0.286079826,-0.278352893,-0.303174163,0.423339882,-0.840024064,-0.166410059,-0.347570668,-0.238667185,-0.257981694,0.153215406,1.367239066,0.009515218,-0.189153522,-0.112795483
1,0.26237057,-0.237188369,-0.286079826,-0.278352893,-0.303174163,0.423339882,0.056359442,-0.166410059,-0.347570668,-0.238667185,-0.121914452,0.155271163,1.403238896,-0.619480316,-0.881507234,-1.091332922
0,0.081686507,-0.237188369,-0.286079826,-0.278352893,-0.303174163,0.423339882,0.952742947,-0.166410059,-0.347570668,-0.238667185,-0.189620633,0.16863358,1.637237794,-0.38774512,0.387807905,0.621107596
0,-0.098997555,-0.237188369,-0.286079826,-0.278352893,-0.303174163,0.423339882,0.056359442,-0.166410059,-0.347570668,-0.238667185,-0.256038178,0.185079631,1.925236437,0.14193533,0.733984761,0.621107596
1,0.081686507,-0.237188369,-0.286079826,-0.278352893,-0.303174163,0.423339882,-0.840024064,-0.166410059,-0.347570668,-0.238667185,-0.123794592,0.189705083,2.006236055,0.307460471,-0.593026521,-0.602064203
1,0.26237057,-0.237188369,-0.286079826,-0.278352893,-0.303174163,0.423339882,0.056359442,-0.166410059,-0.347570668,-0.238667185,0.005998474,0.2148881,2.447233977,1.068876117,1.714819187,2.333548114
0,0.081686507,-0.237188369,-0.286079826,-0.278352893,-0.303174163,0.423339882,0.952742947,-0.166410059,-0.347570668,-0.238667185,-0.060397946,0.222597187,2.582233341,0.506090639,-0.246849664,-0.357429843
0,-0.098997555,-0.237188369,-0.286079826,-0.278352893,-0.303174163,0.423339882,0.056359442,-0.166410059,-0.347570668,-0.238667185,-0.125590232,0.233389908,2.77123245,0.903350976,0.099327192,0.131838877
1,0.081686507,-0.237188369,-0.286079826,-0.278352893,-0.303174163,0.423339882,-0.840024064,-0.166410059,-0.347570668,-0.238667185,0.000696055,0.253433534,3.122230796,0.572300695,1.13785776,1.355010675
1,0.26237057,-0.237188369,-0.286079826,-0.278352893,-0.303174163,0.423339882,0.056359442,-0.166410059,-0.347570668,-0.238667185,0.124743074,0.269879585,3.410229439,1.135086173,0.733984761,0.865741956
0,0.081686507,-0.237188369,-0.286079826,-0.278352893,-0.303174163,0.423339882,0.952742947,-0.166410059,-0.347570668,-0.238667185,0.059656415,0.279130489,3.572228675,1.035771089,-0.073761236,-0.357429843
1,0.26237057,-0.237188369,-0.286079826,-0.278352893,-0.303174163,0.423339882,0.056359442,-0.166410059,-0.347570668,-0.238667185,0.180999412,0.291465028,3.788227657,0.539195667,0.27241562,-0.112795483
0,0.081686507,-0.237188369,-0.286079826,-0.278352893,-0.303174163,0.423339882,0.952742947,-0.166410059,-0.347570668,-0.238667185,0.116546507,0.295576541,3.860227318,-0.255325007,-0.650722663,-0.846698562
1,0.26237057,-0.237188369,-0.286079826,-0.278352893,-0.303174163,0.423339882,0.056359442,-0.166410059,-0.347570668,-0.238667185,0.235312233,0.312536532,4.157225919,0.241250414,0.791680904,0.865741956
0,0.081686507,-0.237188369,-0.286079826,-0.278352893,-0.303174163,0.423339882,0.952742947,-0.166410059,-0.347570668,-0.238667185,0.171493083,0.318703801,4.26522541,-0.156009923,-0.419938092,-0.846698562
0,-0.098997555,-0.237188369,-0.286079826,-0.278352893,-0.303174163,0.423339882,0.056359442,-0.166410059,-0.347570668,-0.238667185,0.108772443,0.335663792,4.56222401,0.67161578,0.791680904,1.110376315
1,0.081686507,-0.237188369,-0.286079826,-0.278352893,-0.303174163,0.423339882,-0.840024064,-0.166410059,-0.347570668,4.18993503,0.22460177,0.356735296,4.931222271,0.936456004,1.253250046,1.355010675
1,0.26237057,-0.237188369,-0.286079826,-0.278352893,-0.303174163,0.423339882,0.056359442,-0.166410059,-0.347570668,-0.238667185,0.338508705,0.382946191,5.390220108,2.2275521,1.830211472,1.355010675
1,0.443054632,-0.237188369,-0.286079826,-0.278352893,-0.303174163,0.423339882,0.952742947,-0.166410059,-0.347570668,-0.238667185,0.450535501,0.387057704,5.462219769,1.399926398,-0.650722663,-0.602064203
0,0.623738695,-0.237188369,-0.286079826,-0.278352893,-0.303174163,0.97783212,0.056359442,-0.166410059,-0.347570668,-0.238667185,0.450535501,0.391169217,-0.756750925,0.307460471,-0.650722663,-0.846698562
1,0.804422757,-0.237188369,-0.286079826,0.977996649,-0.303174163,0.97783212,0.952742947,-0.166410059,-0.347570668,-0.238667185,0.450535501,0.402475877,-0.558751858,-0.652585344,0.157023334,0.131838877
1,0.98510682,-0.237188369,-0.286079826,2.234346191,-0.303174163,0.97783212,1.849126453,-0.166410059,-0.347570668,-0.238667185,0.450535501,0.404017695,-0.531751985,-0.818110485,-0.939203377,-0.846698562
0,0.804422757,-0.237188369,-0.286079826,2.234346191,-0.303174163,0.97783212,2.745509958,-0.166410059,-0.347570668,-0.238667185,0.450535501,0.407101329,-0.47775224,-0.884320541,-0.766114949,-0.602064203
1,0.98510682,-0.237188369,-0.286079826,3.490695733,-0.303174163,0.97783212,1.849126453,-0.166410059,-0.347570668,-0.238667185,0.450535501,0.41224072,-0.387752664,-1.281580878,-0.535330378,-0.846698562
0,1.165790883,-0.237188369,-0.286079826,-0.278352893,-0.303174163,1.532324358,0.056359442,-0.166410059,2.87711275,-0.238667185,0.387582483,0.417380112,-0.756750925,-1.049845681,-0.535330378,-0.112795483
1,1.346474945,-0.237188369,-0.286079826,-0.278352893,-0.303174163,1.532324358,0.952742947,-0.166410059,2.87711275,-0.238667185,0.497391135,0.419949807,-0.711751137,-1.08295071,-0.823811091,-0.602064203
1,1.527159008,-0.237188369,-0.286079826,-0.278352893,-0.303174163,1.532324358,1.849126453,-0.166410059,-0.347570668,-0.238667185,0.605425273,0.426117076,-0.603751646,-1.016740653,-0.419938092,-0.602064203
0,1.346474945,-0.237188369,-0.286079826,-0.278352893,-0.303174163,1.532324358,2.745509958,-0.166410059,-0.347570668,-0.238667185,0.542725758,0.428172833,-0.567751816,-1.215370822,-0.881507234,-0.846698562
1,1.527159008,-0.237188369,-0.286079826,-0.278352893,-0.303174163,1.532324358,1.849126453,-0.166410059,-0.347570668,4.18993503,0.648689628,0.433826163,-0.468752282,-1.016740653,-0.477634235,-0.112795483
0,1.346474945,-0.237188369,-0.286079826,-0.278352893,-0.303174163,-1.240136831,0.056359442,-0.166410059,-0.347570668,-0.238667185,0.648689628,0.442563128,-0.756750925,-0.851215513,-0.131457379,-0.112795483
0,1.165790883,-0.237188369,-0.286079826,-0.278352893,-0.303174163,-1.240136831,-0.840024064,-0.166410059,-0.347570668,-0.238667185,0.648689628,0.444104946,-0.729751052,-0.884320541,-0.939203377,-1.091332922
1,1.346474945,1.286290769,-0.286079826,-0.278352893,-0.303174163,-1.240136831,-1.736407569,-0.166410059,-0.347570668,-0.238667185,0.648689628,0.446674641,-0.684751264,-1.08295071,-0.823811091,-0.846698562
1,1.527159008,2.809769906,-0.286079826,-0.278352893,-0.303174163,-1.240136831,-0.840024064,-0.166410059,-0.347570668,-0.238667185,0.648689628,0.455925545,-0.522752028,-1.049845681,-0.073761236,0.131838877
1,1.70784307,4.333249043,-0.286079826,-0.278352893,-0.303174163,-1.240136831,0.056359442,-0.166410059,-0.347570668,-0.238667185,0.648689628,0.474427353,-0.198753554,0.042620246,0.964769332,0.131838877
1,1.888527133,5.85672818,-0.286079826,-0.278352893,-0.303174163,-1.240136831,0.952742947,-0.166410059,-0.347570668,-0.238667185,0.648689628,0.478538866,-0.126753894,0.14193533,-0.650722663,-0.846698562
0,2.069211195,-0.237188369,-0.286079826,-0.278352893,-0.303174163,-0.685644593,0.056359442,-0.166410059,-0.347570668,-0.238667185,0.586644994,0.540725499,-0.756750925,3.551753224,5.868941461,1.844279395
1,2.249895258,-0.237188369,-0.286079826,-0.278352893,-0.303174163,-0.685644593,0.952742947,-0.166410059,-0.347570668,4.18993503,0.690601973,0.547406708,-0.639751476,2.790337578,-0.36224195,-0.602064203
0,2.069211195,-0.237188369,-0.286079826,-0.278352893,-0.303174163,-0.685644593,1.849126453,-0.166410059,-0.347570668,-0.238667185,0.629191093,0.56333882,-0.360752791,3.551753224,0.676288619,-0.357429843
1,2.249895258,-0.237188369,-0.286079826,-0.278352893,-0.303174163,-0.685644593,0.952742947,-0.166410059,2.87711275,-0.238667185,0.731225681,0.568992151,-0.261753258,-0.089799867,-0.477634235,-0.112795483
0,2.069211195,-0.237188369,-0.286079826,-0.278352893,-0.303174163,-0.685644593,1.849126453,-0.166410059,-0.347570668,-0.238667185,0.670448557,0.584410324,0.00824547,0.472985611,0.618592476,0.131838877
0,1.888527133,-0.237188369,-0.286079826,-0.278352893,-0.303174163,-0.685644593,0.952742947,-0.166410059,-0.347570668,-0.238667185,0.610579815,0.606509706,0.395243646,0.870245948,1.368642331,0.131838877
0,1.70784307,-0.237188369,-0.286079826,-0.278352893,-0.303174163,-0.685644593,0.056359442,-0.166410059,-0.347570668,-0.238667185,0.551619456,0.62758121,0.764241908,1.863396791,1.253250046,0.131838877
0,1.527159008,-0.237188369,-0.286079826,-0.278352893,-0.303174163,-0.685644593,-0.840024064,-0.166410059,-0.347570668,-0.238667185,0.493546354,0.631692723,0.836241568,1.135086173,-0.650722663,-0.846698562
0,1.70784307,-0.237188369,-0.286079826,-0.278352893,-0.303174163,-0.685644593,0.056359442,-0.166410059,-0.347570668,-0.238667185,0.493546354,0.63323454,-0.756750925,-0.189114951,-0.939203377,-0.846698562
0,1.527159008,-0.237188369,-0.286079826,-0.278352893,-0.303174163,-0.685644593,0.952742947,-0.166410059,-0.347570668,-0.238667185,0.493546354,0.635804236,-0.711751137,-1.380895962,-0.823811091,-1.091332922
1,1.70784307,-0.237188369,0.923422224,-0.278352893,-0.303174163,-0.685644593,0.056359442,-0.166410059,-0.347570668,4.18993503,0.493546354,0.641971505,-0.603751646,-1.24847585,-0.419938092,0.131838877
1,1.888527133,-0.237188369,2.132924274,-0.278352893,-0.303174163,-0.685644593,0.952742947,6.009252126,-0.347570668,-0.238667185,0.493546354,0.642485444,-0.594751688,-1.314685906,-1.054595662,-0.846698562
0,1.70784307,-0.237188369,2.132924274,-0.278352893,-0.303174163,-0.685644593,1.849126453,-0.166410059,-0.347570668,-0.238667185,0.493546354,0.660987252,-0.270753215,-0.288430035,0.964769332,0.376473236
0,1.527159008,-0.237188369,2.132924274,-0.278352893,-0.303174163,-0.685644593,0.952742947,-0.166410059,-0.347570668,-0.238667185,0.493546354,0.668696339,-0.135753851,-0.189114951,-0.246849664,-0.112795483
1,1.70784307,-0.237188369,3.342426325,-0.278352893,-0.303174163,-0.685644593,0.056359442,-0.166410059,-0.347570668,4.18993503,0.493546354,0.676919365,0.00824547,0.307460471,-0.189153522,0.131838877
0,1.527159008,-0.237188369,3.342426325,-0.278352893,-0.303174163,-0.685644593,0.952742947,-0.166410059,-0.347570668,-0.238667185,0.493546354,0.677947243,0.026245385,-0.818110485,-0.996899519,-1.091332922
1,1.70784307,-0.237188369,4.551928375,-0.278352893,-0.303174163,-0.685644593,0.056359442,6.009252126,-0.347570668,-0.238667185,0.493546354,0.678461182,0.035245343,-1.281580878,-1.054595662,-0.846698562
0,1.527159008,-0.237188369,4.551928375,-0.278352893,-0.303174163,-0.685644593,0.952742947,-0.166410059,-0.347570668,-0.238667185,0.493546354,0.688739965,0.215244495,-1.149160766,0.041631049,0.376473236
1,1.70784307,-0.237188369,5.761430425,-0.278352893,-0.303174163,-0.685644593,0.056359442,-0.166410059,2.87711275,-0.238667185,0.493546354,0.713409042,0.647242459,0.373670527,1.657123044,2.578182474
1,1.888527133,-0.237188369,6.970932475,-0.278352893,-0.303174163,-0.685644593,0.952742947,-0.166410059,-0.347570668,-0.238667185,0.493546354,0.721632068,0.79124178,0.870245948,-0.189153522,-0.357429843
0,1.70784307,-0.237188369,-0.286079826,-0.278352893,-0.303174163,-0.131152356,0.056359442,-0.166410059,-0.347570668,-0.238667185,0.436318259,0.742703572,-0.756750925,1.565451538,1.253250046,1.599645035
0,1.527159008,-0.237188369,-0.286079826,-0.278352893,-0.303174163,-0.131152356,-0.840024064,-0.166410059,-0.347570668,-0.238667185,0.379935171,0.747842963,-0.666751349,0.307460471,-0.535330378,-0.846698562
1,1.70784307,-0.237188369,-0.286079826,-0.278352893,-0.303174163,-0.131152356,-1.736407569,-0.166410059,2.87711275,-0.238667185,0.478589731,0.765830832,-0.351752833,0.936456004,0.907073189,1.355010675
1,1.888527133,-0.237188369,-0.286079826,-0.278352893,-0.303174163,-0.131152356,-0.840024064,-0.166410059,-0.347570668,-0.238667185,0.575786654,0.787930214,0.035245343,1.002666061,1.368642331,0.376473236
0,1.70784307,-0.237188369,-0.286079826,-0.278352893,-0.303174163,-0.131152356,0.056359442,-0.166410059,-0.347570668,-0.238667185,0.519614818,0.793069605,0.125244919,1.002666061,-0.535330378,-0.357429843
1,1.888527133,-0.237188369,-0.286079826,-0.278352893,-0.303174163,-0.131152356,-0.840024064,-0.166410059,2.87711275,-0.238667185,0.615163978,0.810029596,0.422243519,0.936456004,0.791680904,0.376473236
0,1.70784307,-0.237188369,-0.286079826,-0.278352893,-0.303174163,-0.131152356,0.056359442,-0.166410059,-0.347570668,-0.238667185,0.559499146,0.822878074,0.647242459,0.340565499,0.330111763,0.131838877
0,1.527159008,-0.237188369,-0.286079826,-0.278352893,-0.303174163,-0.131152356,-0.840024064,-0.166410059,-0.347570668,-0.238667185,0.50463707,0.841379882,0.971240932,1.201296229,0.964769332,1.110376315
0,1.70784307,-0.237188369,-0.286079826,-0.278352893,-0.303174163,-0.131152356,0.056359442,-0.166410059,-0.347570668,-0.238667185,0.50463707,0.855256238,-0.756750925,1.002666061,0.445504048,0.131838877
0,1.527159008,-0.237188369,-0.286079826,-0.278352893,-0.303174163,-0.131152356,0.952742947,-0.166410059,-0.347570668,-0.238667185,0.50463707,0.868104716,-0.531751985,1.002666061,0.330111763,0.376473236
1,1.70784307,-0.237188369,-0.286079826,0.977996649,-0.303174163,-0.131152356,0.056359442,-0.166410059,-0.347570668,-0.238667185,0.50463707,0.873758046,-0.432752452,0.175040358,-0.477634235,-0.357429843
0,1.527159008,-0.237188369,-0.286079826,0.977996649,-0.303174163,-0.131152356,0.952742947,-0.166410059,-0.347570668,-0.238667185,0.50463707,0.878383498,-0.351752833,-0.420850148,-0.593026521,-0.602064203
0,1.346474945,-0.237188369,-0.286079826,0.977996649,-0.303174163,-0.131152356,0.056359442,-0.166410059,-0.347570668,-0.238667185,0.50463707,0.888662281,-0.171753682,-0.586375288,0.041631049,0.376473236
1,1.527159008,-0.237188369,-0.286079826,2.234346191,-0.303174163,-0.131152356,-0.840024064,-0.166410059,-0.347570668,-0.238667185,0.50463707,0.898427124,-0.000754487,-0.321535063,-0.016065094,-0.357429843
0,1.346474945,-0.237188369,-0.286079826,2.234346191,-0.303174163,-0.131152356,0.056359442,-0.166410059,-0.347570668,-0.238667185,0.50463707,0.900996819,0.0442453,-0.453955176,-0.823811091,-0.602064203
1,1.527159008,-0.237188369,-0.286079826,3.490695733,-0.303174163,-0.131152356,-0.840024064,-0.166410059,2.87711275,-0.238667185,0.50463707,0.906136211,0.134244876,-0.785005457,-0.535330378,-0.357429843
0,1.346474945,-0.237188369,-0.286079826,3.490695733,-0.303174163,-0.131152356,0.056359442,-0.166410059,-0.347570668,-0.238667185,0.50463707,0.912817419,0.251244325,-0.983635625,-0.36224195,-0.112795483
0,1.165790883,-0.237188369,-0.286079826,3.490695733,-0.303174163,-0.131152356,-0.840024064,-0.166410059,-0.347570668,-0.238667185,0.50463707,0.928235592,0.521243053,-0.156009923,0.618592476,0.865741956
0,0.98510682,-0.237188369,-0.286079826,-0.278352893,-0.303174163,-0.131152356,0.056359442,-0.166410059,-0.347570668,-0.238667185,0.450535501,0.940570131,-0.756750925,0.307460471,0.27241562,-0.357429843
1,1.165790883,-0.237188369,-0.286079826,-0.278352893,-0.303174163,-0.131152356,-0.840024064,-0.166410059,2.87711275,-0.238667185,0.543908768,0.955474366,-0.495752155,0.83714092,0.560896333,0.865741956
0,0.98510682,-0.237188369,-0.286079826,-0.278352893,-0.303174163,-0.131152356,0.056359442,-0.166410059,-0.347570668,-0.238667185,0.490271952,0.967294965,-0.28875313,0.605405723,0.214719477,-0.357429843
0,0.804422757,-0.237188369,-0.286079826,-0.278352893,-0.303174163,-0.131152356,-0.840024064,-0.166410059,-0.347570668,-0.238667185,0.437395643,0.990422225,0.116244961,1.300611313,1.484034616,1.599645035
1,0.98510682,-0.237188369,-0.286079826,-0.278352893,-0.303174163,-0.131152356,-1.736407569,-0.166410059,2.87711275,-0.238667185,0.52893102,0.99967313,0.278244198,0.936456004,-0.073761236,0.376473236
0,0.804422757,-0.237188369,-0.286079826,-0.278352893,-0.303174163,-0.131152356,-0.840024064,-0.166410059,-0.347570668,-0.238667185,0.476498339,1.006354338,0.395243646,0.605405723,-0.36224195,-0.846698562
0,0.98510682,-0.237188369,-0.286079826,-0.278352893,-0.303174163,-0.131152356,0.056359442,-0.166410059,-0.347570668,4.18993503,0.476498339,1.01097979,-0.756750925,-0.586375288,-0.593026521,-0.357429843
0,0.804422757,-0.237188369,-0.286079826,-0.278352893,-0.303174163,-0.131152356,0.952742947,-0.166410059,-0.347570668,-0.238667185,0.476498339,1.019716755,-0.603751646,-0.619480316,-0.131457379,0.376473236
1,0.98510682,-0.237188369,-0.286079826,-0.278352893,0.762722367,-0.131152356,0.056359442,-0.166410059,-0.347570668,-0.238667185,0.476498339,1.021258572,-0.576751773,-0.950530597,-0.939203377,-0.846698562
1,1.165790883,-0.237188369,-0.286079826,-0.278352893,1.828618897,-0.131152356,0.952742947,-0.166410059,-0.347570668,-0.238667185,0.476498339,1.032051294,-0.387752664,-0.55327026,0.099327192,0.621107596
1,1.346474945,-0.237188369,-0.286079826,-0.278352893,2.894515427,-0.131152356,1.849126453,6.009252126,-0.347570668,-0.238667185,0.476498339,1.032051294,-0.387752664,-1.116055738,-1.112291805,-0.846698562
0,1.165790883,-0.237188369,-0.286079826,-0.278352893,-0.303174163,0.423339882,0.056359442,-0.166410059,-0.347570668,-0.238667185,0.424762789,1.039246441,-0.756750925,-0.751900429,-0.304545807,-0.357429843
0,0.98510682,-0.237188369,-0.286079826,-0.278352893,-0.303174163,0.423339882,-0.840024064,-0.166410059,-0.347570668,-0.238667185,0.37372437,1.062373702,-0.351752833,0.042620246,1.484034616,1.110376315
0,0.804422757,-0.237188369,-0.286079826,-0.278352893,-0.303174163,0.423339882,-1.736407569,-0.166410059,-0.347570668,-0.238667185,0.323361956,1.070082788,-0.21675347,0.539195667,-0.246849664,-0.357429843
0,0.623738695,-0.237188369,-0.286079826,-0.278352893,-0.303174163,0.423339882,-2.632791074,-0.166410059,-0.347570668,-0.238667185,0.273654423,1.074194301,-0.144753809,0.340565499,-0.650722663,-0.846698562
0,0.443054632,-0.237188369,-0.286079826,-0.278352893,-0.303174163,0.423339882,0.056359442,-0.166410059,-0.347570668,-0.238667185,0.273654423,1.083445205,-0.756750925,-0.55327026,-0.073761236,-0.112795483
0,0.26237057,-0.237188369,-0.286079826,-0.278352893,-0.303174163,0.423339882,-0.840024064,-0.166410059,-0.347570668,-0.238667185,0.273654423,1.083959145,-0.747750967,-1.016740653,-1.054595662,-1.091332922
0,0.081686507,-0.237188369,-0.286079826,-0.278352893,-0.303174163,0.423339882,-1.736407569,-0.166410059,-0.347570668,-0.238667185,0.273654423,1.088070657,-0.675751307,-1.016740653,-0.650722663,-0.602064203
1,0.26237057,-0.237188369,-0.286079826,-0.278352893,0.762722367,0.423339882,-2.632791074,-0.166410059,-0.347570668,-0.238667185,0.273654423,1.090640353,-0.630751519,-1.447106019,-0.823811091,-0.846698562
0,0.081686507,-0.237188369,-0.286079826,-0.278352893,0.762722367,0.423339882,-1.736407569,-0.166410059,-0.347570668,-0.238667185,0.273654423,1.09218217,-0.603751646,-1.380895962,-0.939203377,-1.091332922
0,-0.098997555,-0.237188369,-0.286079826,-0.278352893,-0.303174163,-1.240136831,0.056359442,-0.166410059,-0.347570668,-0.238667185,0.22460177,1.104516709,-0.756750925,-0.851215513,0.27241562,0.131838877
0,-0.279681618,-0.237188369,-0.286079826,-0.278352893,-0.303174163,-1.240136831,-0.840024064,-0.166410059,-0.347570668,-0.238667185,0.176182872,1.118907004,-0.504752112,-0.089799867,0.503200191,0.621107596
1,-0.098997555,-0.237188369,-0.286079826,-0.278352893,-0.303174163,-1.240136831,-1.736407569,-0.166410059,2.87711275,-0.238667185,0.264697349,1.122504578,-0.441752409,0.042620246,-0.708418806,-0.602064203
1,0.081686507,-0.237188369,-0.286079826,-0.278352893,-0.303174163,-1.240136831,-0.840024064,-0.166410059,2.87711275,-0.238667185,0.352049942,1.131755482,-0.279753173,-0.156009923,-0.073761236,0.376473236
1,0.26237057,-0.237188369,-0.286079826,-0.278352893,-0.303174163,-1.240136831,0.056359442,-0.166410059,-0.347570668,4.18993503,0.438304025,1.137922752,-0.171753682,-0.685690372,-0.419938092,-0.112795483
0,0.081686507,-0.237188369,-0.286079826,-0.278352893,-0.303174163,-1.240136831,0.952742947,-0.166410059,-0.347570668,-0.238667185,0.389758376,1.142034265,-0.099754021,-0.652585344,-0.650722663,-0.846698562
0,-0.098997555,-0.237188369,-0.286079826,-0.278352893,-0.303174163,-1.240136831,0.056359442,-0.166410059,-0.347570668,-0.238667185,0.341846483,1.145631838,-0.036754318,-1.016740653,-0.708418806,-0.846698562
1,0.081686507,-0.237188369,-0.286079826,-0.278352893,-0.303174163,-1.240136831,-0.840024064,-0.166410059,2.87711275,-0.238667185,0.426537303,1.174926368,0.476243265,0.472985611,2.176388329,2.333548114
0,-0.098997555,-0.237188369,-0.286079826,-0.278352893,-0.303174163,-1.240136831,0.056359442,-0.166410059,-0.347570668,-0.238667185,0.378963413,1.175954246,0.49424318,0.274355442,-0.996899519,-0.846698562
0,-0.279681618,-0.237188369,-0.286079826,-0.278352893,-0.303174163,-1.240136831,-0.840024064,-0.166410059,-0.347570668,-0.238667185,0.332002152,1.183663333,0.629242544,0.539195667,-0.246849664,-0.357429843
0,-0.46036568,-0.237188369,-0.286079826,-0.278352893,-0.303174163,-1.240136831,0.056359442,-0.166410059,-0.347570668,-0.238667185,0.332002152,1.207304532,-0.756750925,0.175040358,1.541730759,0.865741956
1,-0.279681618,1.286290769,-0.286079826,-0.278352893,-0.303174163,-1.240136831,-0.840024064,-0.166410059,2.87711275,-0.238667185,0.332002152,1.217069375,-0.585751731,0.737825836,-0.016065094,0.131838877
0,-0.46036568,1.286290769,-0.286079826,-0.278352893,-0.303174163,-1.240136831,0.056359442,-0.166410059,-0.347570668,-0.238667185,0.332002152,1.22015301,-0.531751985,0.439880583,-0.766114949,-0.602064203
1,-0.279681618,2.809769906,-0.286079826,-0.278352893,-0.303174163,-1.240136831,-0.840024064,-0.166410059,-0.347570668,-0.238667185,0.332002152,1.22580634,-0.432752452,-0.718795401,-0.477634235,-0.357429843
0,-0.46036568,2.809769906,-0.286079826,-0.278352893,-0.303174163,-1.240136831,0.056359442,-0.166410059,-0.347570668,-0.238667185,0.332002152,1.234029366,-0.28875313,-0.818110485,-0.189153522,-0.112795483
1,-0.279681618,4.333249043,-0.286079826,-0.278352893,-0.303174163,-1.240136831,-0.840024064,-0.166410059,-0.347570668,-0.238667185,0.332002152,1.270005104,0.341243901,1.300611313,2.926438184,3.067451193
1,-0.098997555,5.85672818,-0.286079826,-0.278352893,-0.303174163,-1.240136831,0.056359442,-0.166410059,2.87711275,-0.238667185,0.332002152,1.274630556,0.422243519,1.234401257,-0.593026521,-0.357429843
1,0.081686507,7.380207318,-0.286079826,-0.278352893,-0.303174163,-1.240136831,0.952742947,-0.166410059,2.87711275,-0.238667185,0.332002152,1.286965095,0.638242501,1.499241482,0.27241562,0.621107596
0,0.26237057,-0.237188369,-0.286079826,-0.278352893,-0.303174163,-0.685644593,0.056359442,-0.166410059,-0.347570668,4.18993503,0.285590146,1.302383269,-0.756750925,0.175040358,0.618592476,0.865741956
0,0.081686507,-0.237188369,-0.286079826,-0.278352893,-0.303174163,-0.685644593,0.952742947,-0.166410059,-0.347570668,-0.238667185,0.239769644,1.309578416,-0.630751519,0.340565499,-0.304545807,-0.357429843
1,0.26237057,-0.237188369,-0.286079826,-0.278352893,-0.303174163,-0.685644593,0.056359442,-0.166410059,2.87711275,-0.238667185,0.322516949,1.322940833,-0.396752621,0.406775555,0.387807905,0.865741956
0,0.081686507,-0.237188369,-0.286079826,-0.278352893,-0.303174163,-0.685644593,0.952742947,-0.166410059,-0.347570668,-0.238667185,0.277013325,1.331677798,-0.243753342,-0.02358981,-0.131457379,-0.357429843
1,0.26237057,-0.237188369,-0.286079826,-0.278352893,-0.303174163,-0.685644593,0.056359442,-0.166410059,-0.347570668,-0.238667185,0.35853537,1.335789311,-0.171753682,-0.222219979,-0.650722663,-0.602064203
1,0.443054632,-0.237188369,-0.286079826,-0.278352893,-0.303174163,-0.685644593,0.952742947,-0.166410059,-0.347570668,4.18993503,0.439106782,1.366111719,0.359243816,0.870245948,2.291780614,2.333548114
0,0.623738695,-0.237188369,-0.286079826,-0.278352893,-0.303174163,-0.131152356,0.056359442,-0.166410059,-0.347570668,-0.238667185,0.439106782,1.368167475,-0.756750925,0.439880583,-0.881507234,-0.846698562
1,0.804422757,-0.237188369,0.923422224,-0.278352893,-0.303174163,-0.131152356,0.952742947,-0.166410059,-0.347570668,-0.238667185,0.439106782,1.370223232,-0.720751095,0.307460471,-0.881507234,-0.846698562
1,0.98510682,-0.237188369,2.132924274,-0.278352893,-0.303174163,-0.131152356,1.849126453,-0.166410059,-0.347570668,-0.238667185,0.439106782,1.373820806,-0.657751391,-1.414000991,-0.708418806,-0.846698562
1,1.165790883,-0.237188369,3.342426325,-0.278352893,-0.303174163,-0.131152356,2.745509958,6.009252126,-0.347570668,-0.238667185,0.439106782,1.373820806,-0.657751391,-1.546421103,-1.112291805,-0.846698562
0,0.98510682,-0.237188369,-0.286079826,-0.278352893,-0.303174163,0.423339882,0.056359442,-0.166410059,-0.347570668,-0.238667185,0.393729909,1.375362623,-0.756750925,-1.579526131,-0.939203377,-0.846698562
0,0.804422757,-0.237188369,-0.286079826,-0.278352893,-0.303174163,0.423339882,-0.840024064,-0.166410059,-0.347570668,-0.238667185,0.348881166,1.379474136,-0.684751264,-1.546421103,-0.650722663,-0.846698562
0,0.623738695,-0.237188369,-0.286079826,-0.278352893,-0.303174163,0.423339882,-1.736407569,-0.166410059,-0.347570668,-0.238667185,0.304539426,1.384613527,-0.594751688,-1.215370822,-0.535330378,-0.846698562
1,0.804422757,-0.237188369,-0.286079826,-0.278352893,-0.303174163,0.423339882,-2.632791074,-0.166410059,-0.347570668,-0.238667185,0.383547575,1.389752918,-0.504752112,-0.983635625,-0.535330378,-0.602064203
0,0.623738695,-0.237188369,-0.286079826,-0.278352893,-0.303174163,0.423339882,-1.736407569,-0.166410059,-0.347570668,-0.238667185,0.339543839,1.400031701,-0.324752961,-0.586375288,0.041631049,-0.357429843
0,0.443054632,-0.237188369,-0.286079826,-0.278352893,-0.303174163,0.423339882,0.056359442,-0.166410059,-0.347570668,-0.238667185,0.339543839,1.410310483,-0.756750925,-0.255325007,0.041631049,-0.112795483
1,0.623738695,-0.237188369,-0.286079826,0.977996649,-0.303174163,0.423339882,-0.840024064,-0.166410059,-0.347570668,-0.238667185,0.339543839,1.415449874,-0.666751349,-0.255325007,-0.535330378,-0.357429843
0,0.443054632,-0.237188369,-0.286079826,0.977996649,-0.303174163,0.423339882,0.056359442,-0.166410059,-0.347570668,-0.238667185,0.339543839,1.422131083,-0.5497519,-0.487060204,-0.36224195,-0.602064203
1,0.623738695,-0.237188369,-0.286079826,2.234346191,-0.303174163,0.423339882,-0.840024064,-0.166410059,-0.347570668,-0.238667185,0.339543839,1.424186839,-0.51375207,-1.016740653,-0.881507234,-0.846698562
1,0.804422757,-0.237188369,-0.286079826,3.490695733,-0.303174163,0.423339882,0.056359442,-0.166410059,-0.347570668,-0.238667185,0.339543839,1.431381987,-0.387752664,-0.884320541,-0.304545807,-0.357429843
1,0.98510682,-0.237188369,-0.286079826,4.747045276,-0.303174163,0.423339882,0.952742947,6.009252126,-0.347570668,-0.238667185,0.339543839,1.431381987,-0.387752664,-1.314685906,-1.112291805,-0.846698562
0,0.804422757,-0.237188369,-0.286079826,-0.278352893,-0.303174163,0.97783212,0.056359442,-0.166410059,-0.347570668,-0.238667185,0.296025981,1.433951682,-0.756750925,-1.281580878,-0.823811091,-0.846698562
1,0.98510682,-0.237188369,-0.286079826,-0.278352893,-0.303174163,0.97783212,-0.840024064,-0.166410059,2.87711275,-0.238667185,0.37372437,1.438063195,-0.684751264,-1.480211047,-0.650722663,-0.112795483
0,0.804422757,-0.237188369,-0.286079826,-0.278352893,-0.303174163,0.97783212,0.056359442,-0.166410059,-0.347570668,-0.238667185,0.33052339,1.462732273,-0.2527533,0.108830302,1.657123044,1.110376315
1,0.98510682,-0.237188369,-0.286079826,-0.278352893,-0.303174163,0.97783212,-0.840024064,-0.166410059,2.87711275,-0.238667185,0.407144394,1.46992742,-0.126753894,0.406775555,-0.304545807,-0.112795483
0,0.804422757,-0.237188369,-0.286079826,-0.278352893,-0.303174163,0.97783212,0.056359442,-0.166410059,-0.347570668,-0.238667185,0.364239167,1.477122568,-0.000754487,0.605405723,-0.304545807,-0.357429843
0,0.623738695,-0.237188369,-0.286079826,-0.278352893,-0.303174163,0.97783212,-0.840024064,-0.166410059,-0.347570668,-0.238667185,0.321798693,1.484831655,0.134244876,-0.487060204,-0.246849664,-0.357429843
0,0.443054632,-0.237188369,-0.286079826,-0.278352893,-0.303174163,0.97783212,0.056359442,-0.166410059,-0.347570668,-0.238667185,0.321798693,1.492540741,-0.756750925,-0.453955176,-0.246849664,-0.112795483
1,0.623738695,-0.237188369,-0.286079826,-0.278352893,0.762722367,0.97783212,-0.840024064,-0.166410059,-0.347570668,-0.238667185,0.321798693,1.495110437,-0.711751137,-0.751900429,-0.823811091,-0.846698562
1,0.804422757,-0.237188369,-0.286079826,-0.278352893,1.828618897,0.97783212,0.056359442,-0.166410059,-0.347570668,-0.238667185,0.321798693,1.504361341,-0.5497519,-0.652585344,-0.073761236,0.131838877
1,0.98510682,-0.237188369,-0.286079826,-0.278352893,2.894515427,0.97783212,0.952742947,-0.166410059,2.87711275,-0.238667185,0.321798693,1.508986793,-0.468752282,-0.851215513,-0.593026521,-0.357429843
1,1.165790883,-0.237188369,-0.286079826,-0.278352893,3.960411957,0.97783212,1.849126453,6.009252126,-0.347570668,-0.238667185,0.321798693,1.512070428,-0.414752537,-0.818110485,-0.766114949,-0.846698562
0,0.98510682,-0.237188369,-0.286079826,-0.278352893,-0.303174163,1.532324358,0.056359442,-0.166410059,-0.347570668,-0.238667185,0.279844098,1.520807393,-0.756750925,-0.851215513,-0.131457379,0.131838877
0,0.804422757,-0.237188369,-0.286079826,-0.278352893,-0.303174163,1.532324358,-0.840024064,-0.166410059,-0.347570668,-0.238667185,0.238333133,1.532114053,-0.558751858,-0.420850148,0.157023334,-0.846698562
0,0.623738695,-0.237188369,-0.286079826,-0.278352893,-0.303174163,1.532324358,-1.736407569,-0.166410059,-0.347570668,-0.238667185,0.19728692,1.536225566,-0.486752197,-0.354640091,-0.650722663,-0.846698562
1,0.804422757,-0.237188369,-0.286079826,-0.278352893,-0.303174163,1.532324358,-2.632791074,-0.166410059,-0.347570668,-0.238667185,0.27213341,1.544448592,-0.342752876,-0.38774512,-0.189153522,-0.602064203
0,0.623738695,-0.237188369,-0.286079826,-0.278352893,-0.303174163,1.532324358,-1.736407569,-0.166410059,-0.347570668,-0.238667185,0.231361825,1.546504349,-0.306753045,-0.983635625,-0.881507234,-0.846698562
0,0.443054632,-0.237188369,-0.286079826,-0.278352893,-0.303174163,1.532324358,0.056359442,-0.166410059,-0.347570668,-0.238667185,0.231361825,1.549587983,-0.756750925,-1.049845681,-0.766114949,-0.602064203
1,0.623738695,-0.237188369,-0.286079826,-0.278352893,0.762722367,1.532324358,-0.840024064,-0.166410059,2.87711275,-0.238667185,0.231361825,1.56911767,-0.414752537,-0.321535063,1.080161617,1.599645035
1,0.804422757,-0.237188369,-0.286079826,-0.278352893,1.828618897,1.532324358,0.056359442,-0.166410059,-0.347570668,4.18993503,0.231361825,1.577854635,-0.261753258,0.108830302,-0.131457379,0.131838877
0,0.623738695,-0.237188369,-0.286079826,-0.278352893,1.828618897,1.532324358,0.952742947,-0.166410059,-0.347570668,-0.238667185,0.231361825,1.582994026,-0.171753682,0.241250414,-0.535330378,-0.112795483
1,0.804422757,-0.237188369,-0.286079826,-0.278352893,2.894515427,1.532324358,0.056359442,-0.166410059,-0.347570668,-0.238667185,0.231361825,1.5865916,-0.108753979,-0.785005457,-0.708418806,-0.846698562
1,0.98510682,-0.237188369,-0.286079826,-0.278352893,3.960411957,1.532324358,0.952742947,-0.166410059,-0.347570668,-0.238667185,0.231361825,1.595328565,0.0442453,-0.785005457,-0.131457379,-0.357429843
