0,-0.443054632,-0.313691991,-0.245496075,-0.316833392,-0.335546726,-1.088177322,-0.056359442,-0.077615053,-0.265542502,-0.15665209,-3.773303853,-1.785680735,-0.812401815,-1.808960727,-0.861007189,-0.846698562
0,-0.623738695,-0.313691991,-0.245496075,-0.316833392,-0.335546726,-1.088177322,0.840024064,-0.077615053,-0.265542502,-0.15665209,-3.773303853,-1.773246082,-0.576573247,-1.011872491,0.243168413,-0.112795483
0,-0.804422757,-0.313691991,-0.245496075,-0.316833392,-0.335546726,-1.088177322,-0.056359442,-0.077615053,-0.265542502,-0.15665209,-3.773303853,-1.77211566,-0.555134286,-0.939409924,-0.983693367,-0.602064203
1,-0.623738695,0.777694727,-0.245496075,-0.316833392,-0.335546726,-1.088177322,-0.952742947,-0.077615053,-0.265542502,-0.15665209,-3.773303853,-1.769854814,-0.512256365,-0.939409924,-0.861007189,-0.846698562
0,-0.804422757,0.777694727,-0.245496075,-0.316833392,-0.335546726,-1.088177322,-0.056359442,-0.077615053,-0.265542502,-0.15665209,-3.773303853,-1.765333122,-0.426500522,-1.446647892,-0.615634833,-0.602064203
1,-0.623738695,1.869081445,-0.245496075,-0.316833392,-0.335546726,-1.088177322,-0.952742947,-0.077615053,-0.265542502,-0.15665209,-3.773303853,-1.761376642,-0.35146416,-1.265491475,-0.676977922,-0.846698562
1,-0.443054632,2.960468163,-0.245496075,-0.316833392,-0.335546726,-1.088177322,-0.056359442,-0.077615053,3.765875487,-0.15665209,-3.773303853,-1.750637623,-0.147794033,-0.722022223,0.059139146,0.131838877
0,-0.623738695,2.960468163,-0.245496075,-0.316833392,-0.335546726,-1.088177322,0.840024064,-0.077615053,-0.265542502,-0.15665209,-3.773303853,-1.737072548,0.109473495,-0.142321688,0.365854591,0.376473236
1,-0.443054632,4.051854881,-0.245496075,-0.316833392,-0.335546726,-1.088177322,-0.056359442,-0.077615053,-0.265542502,-0.15665209,-3.773303853,-1.721246627,0.409618945,0.618535264,0.611226946,0.621107596
1,-0.26237057,5.143241599,-0.245496075,-0.316833392,-0.335546726,-1.088177322,0.840024064,-0.077615053,-0.265542502,-0.15665209,-3.773303853,-1.717290146,0.484655308,0.183759863,-0.676977922,-0.846698562
0,-0.081686507,-0.313691991,-0.245496075,-0.316833392,-0.335546726,-0.520284782,-0.056359442,-0.077615053,-0.265542502,-0.15665209,-3.773303853,-1.711638032,-0.812401815,-0.323478106,-0.492948655,-0.602064203
1,0.098997555,-0.313691991,-0.245496075,-0.316833392,-0.335546726,-0.520284782,0.840024064,-0.077615053,3.765875487,-0.15665209,0.343801521,-1.700333802,-0.598012208,-0.613328373,0.120482235,0.376473236
1,0.279681618,-0.313691991,-0.245496075,-0.316833392,-0.335546726,-0.520284782,1.736407569,-0.077615053,-0.265542502,-0.15665209,2.402360383,-1.687333938,-0.35146416,-0.033627838,0.304511502,0.376473236
0,0.098997555,-0.313691991,-0.245496075,-0.316833392,-0.335546726,-0.520284782,2.632791074,-0.077615053,-0.265542502,-0.15665209,1.167227536,-1.678855766,-0.190671954,0.147528579,-0.18623321,-0.357429843
0,-0.081686507,-0.313691991,-0.245496075,-0.316833392,-0.335546726,-0.520284782,1.736407569,-0.077615053,-0.265542502,-0.15665209,0.343801521,-1.674899286,-0.115635592,-0.323478106,-0.676977922,-0.357429843
1,0.098997555,-0.313691991,-0.245496075,-0.316833392,-0.335546726,-0.520284782,0.840024064,-0.077615053,-0.265542502,-0.15665209,1.520117342,-1.664725479,0.077315054,-0.504634523,-0.002203943,-0.112795483
0,0.279681618,-0.313691991,-0.245496075,-0.316833392,-0.335546726,0.047607758,-0.056359442,-0.077615053,-0.265542502,-0.15665209,1.520117342,-1.654551673,-0.812401815,-0.395940672,-0.002203943,0.131838877
0,0.098997555,-0.313691991,-0.245496075,-0.316833392,-0.335546726,0.047607758,0.840024064,-0.077615053,-0.265542502,-0.15665209,1.520117342,-1.635334483,-0.447939483,0.582303981,0.97928548,0.865741956
0,-0.081686507,-0.313691991,-0.245496075,-0.316833392,-0.335546726,0.047607758,-0.056359442,-0.077615053,-0.265542502,-0.15665209,1.520117342,-1.61894335,-0.137074553,0.980848099,0.672570035,0.865741956
1,0.098997555,-0.313691991,1.362262532,-0.316833392,-0.335546726,0.047607758,-0.952742947,-0.077615053,-0.265542502,-0.15665209,1.520117342,-1.568639529,0.816959199,3.553269223,4.353155374,4.045988632
1,0.279681618,-0.313691991,2.970021138,-0.316833392,-0.335546726,0.047607758,-0.056359442,-0.077615053,-0.265542502,-0.15665209,1.520117342,-1.550552761,1.15998257,3.480806656,0.856599302,0.131838877
1,0.46036568,-0.313691991,4.577779744,-0.316833392,-0.335546726,0.047607758,0.840024064,12.88409873,-0.265542502,-0.15665209,1.520117342,-1.550552761,1.15998257,2.430099436,-1.106379545,-0.846698562
0,0.641049743,-0.313691991,-0.245496075,-0.316833392,-0.335546726,0.615500298,-0.056359442,-0.077615053,-0.265542502,-0.15665209,0.858444324,-1.542639801,-0.812401815,-0.287246822,-0.247576299,-0.602064203
0,0.46036568,-0.313691991,-0.245496075,-0.316833392,-0.335546726,0.615500298,0.840024064,-0.077615053,-0.265542502,-0.15665209,0.343801521,-1.53868332,-0.737365453,-1.193028908,-0.676977922,-0.846698562
1,0.641049743,-0.313691991,-0.245496075,-0.316833392,-0.335546726,0.615500298,-0.056359442,-0.077615053,-0.265542502,-0.15665209,1.167227536,-1.523987822,-0.458658963,-0.251015539,0.488540768,0.376473236
1,0.821733805,-0.313691991,-0.245496075,-0.316833392,-0.335546726,0.615500298,0.840024064,-0.077615053,-0.265542502,-0.15665209,1.840930748,-1.502509786,-0.05131871,0.618535264,1.224657836,0.865741956
0,0.641049743,-0.313691991,-0.245496075,-0.316833392,-0.335546726,0.615500298,1.736407569,-0.077615053,-0.265542502,-0.15665209,1.373087128,-1.495727248,0.077315054,0.799691681,-0.370262477,-0.357429843
0,0.46036568,-0.313691991,-0.245496075,-0.316833392,-0.335546726,0.615500298,0.840024064,-0.077615053,-0.265542502,-0.15665209,0.977202348,-1.492901191,0.130912456,0.038834729,-0.7996641,-0.846698562
1,0.641049743,-0.313691991,-0.245496075,-0.316833392,-0.335546726,0.615500298,-0.056359442,-0.077615053,-0.265542502,-0.15665209,1.520117342,-1.469727521,0.570411151,0.147528579,1.408687103,1.355010675
1,0.821733805,-0.313691991,-0.245496075,-0.316833392,-0.335546726,0.615500298,0.840024064,-0.077615053,-0.265542502,-0.15665209,1.990653551,-1.464075406,0.677605954,0.075066012,-0.492948655,-0.602064203
0,1.002417868,-0.313691991,-0.245496075,-0.316833392,-0.335546726,1.183392838,-0.056359442,-0.077615053,-0.265542502,-0.15665209,1.990653551,-1.462379771,-0.812401815,0.002603446,-0.922350278,-0.846698562
1,1.18310193,-0.313691991,-0.245496075,0.039470827,-0.335546726,1.183392838,0.840024064,-0.077615053,-0.265542502,-0.15665209,1.990653551,-1.455597234,-0.683768051,-1.048103774,-0.370262477,-0.357429843
0,1.002417868,-0.313691991,-0.245496075,0.039470827,-0.335546726,1.183392838,1.736407569,-0.077615053,-0.265542502,-0.15665209,1.990653551,-1.44655385,-0.512256365,-0.830716074,-0.124890121,-0.112795483
1,1.18310193,-0.313691991,-0.245496075,0.395775045,-0.335546726,1.183392838,0.840024064,-0.077615053,-0.265542502,-0.15665209,1.990653551,-1.43129314,-0.222830396,0.038834729,0.549883857,0.131838877
1,1.363785993,-0.313691991,-0.245496075,0.752079263,-0.335546726,1.183392838,1.736407569,-0.077615053,3.765875487,-0.15665209,1.990653551,-1.425641026,-0.115635592,-0.033627838,-0.492948655,-0.357429843
0,1.18310193,-0.313691991,-0.245496075,-0.316833392,-0.335546726,1.751285378,-0.056359442,-0.077615053,-0.265542502,-0.15665209,1.630402354,-1.418858488,-0.812401815,-0.178552972,-0.370262477,-0.357429843
0,1.002417868,-0.313691991,-0.245496075,-0.316833392,-0.335546726,1.751285378,-0.952742947,-0.077615053,-0.265542502,-0.15665209,1.312540916,-1.413206373,-0.705207011,-0.79448479,-0.492948655,-0.846698562
1,1.18310193,-0.313691991,-0.245496075,-0.316833392,-0.335546726,1.751285378,-1.849126453,-0.077615053,-0.265542502,-0.15665209,1.716169979,-1.407554258,-0.598012208,-0.79448479,-0.492948655,-0.602064203
1,1.363785993,-0.313691991,-0.245496075,-0.316833392,-0.335546726,1.751285378,-0.952742947,-0.077615053,-0.265542502,-0.15665209,2.077322823,-1.406423835,-0.576573247,-1.156797625,-0.983693367,-1.091332922
0,1.18310193,-0.313691991,-0.245496075,-0.316833392,-0.335546726,1.751285378,-0.056359442,-0.077615053,-0.265542502,-0.15665209,1.78479396,-1.374206781,0.034437133,0.546072697,2.390176527,1.110376315
0,1.002417868,-0.313691991,-0.245496075,-0.316833392,-0.335546726,1.751285378,-0.952742947,-0.077615053,-0.265542502,-0.15665209,1.520117342,-1.364598186,0.216668299,0.799691681,-0.063547032,0.131838877
0,1.18310193,-0.313691991,-0.245496075,-0.316833392,-0.335546726,1.751285378,-0.056359442,-0.077615053,-0.265542502,-0.15665209,1.520117342,-1.344250573,-0.812401815,2.031555319,1.101971658,1.110376315
1,1.363785993,-0.313691991,-0.245496075,-0.316833392,0.742074491,1.751285378,0.840024064,-0.077615053,-0.265542502,-0.15665209,1.520117342,-1.338598458,-0.705207011,0.328684997,-0.492948655,-0.357429843
1,1.544470056,-0.313691991,-0.245496075,-0.316833392,1.819695709,1.751285378,1.736407569,-0.077615053,-0.265542502,-0.15665209,1.520117342,-1.336902824,-0.67304857,-0.178552972,-0.922350278,-0.846698562
1,1.725154118,-0.313691991,-0.245496075,-0.316833392,2.897316926,1.751285378,2.632791074,-0.077615053,3.765875487,-0.15665209,1.520117342,-1.328989863,-0.522975845,-0.975641208,-0.247576299,0.131838877
0,1.544470056,-0.313691991,-0.245496075,-0.316833392,-0.335546726,-1.088177322,-0.056359442,-0.077615053,-0.265542502,-0.15665209,1.279513463,-1.319381268,-0.812401815,-0.722022223,-0.063547032,-0.357429843
1,1.725154118,-0.313691991,-0.245496075,-0.316833392,-0.335546726,-1.088177322,-0.952742947,-0.077615053,-0.265542502,-0.15665209,1.596843794,-1.295642386,-0.36218364,0.690997831,1.470030192,0.376473236
0,1.544470056,-0.313691991,-0.245496075,-0.316833392,-0.335546726,-1.088177322,-0.056359442,-0.077615053,-0.265542502,-0.15665209,1.373087128,-1.28546858,-0.169232994,0.835922965,-0.002203943,0.131838877
0,1.363785993,-0.313691991,-0.245496075,-0.316833392,-0.335546726,-1.088177322,-0.952742947,-0.077615053,-0.265542502,-0.15665209,1.167227536,-1.282642522,-0.115635592,0.401147563,-0.7996641,-0.846698562
0,1.18310193,-0.313691991,-0.245496075,-0.316833392,-0.335546726,-1.088177322,-1.849126453,-0.077615053,-0.265542502,-0.15665209,0.977202348,-1.278120831,-0.029879749,-0.830716074,-0.615634833,-0.846698562
0,1.002417868,-0.313691991,-0.245496075,-0.316833392,-0.335546726,-1.088177322,-0.056359442,-0.077615053,-0.265542502,-0.15665209,0.977202348,-1.278120831,-0.812401815,-1.482879176,-1.106379545,-1.091332922
0,0.821733805,-0.313691991,-0.245496075,-0.316833392,-0.335546726,-1.088177322,-0.952742947,-0.077615053,-0.265542502,-0.15665209,0.977202348,-1.263990544,-0.544414806,-0.758253507,0.427197679,0.376473236
1,1.002417868,0.777694727,-0.245496075,-0.316833392,-0.335546726,-1.088177322,-1.849126453,-0.077615053,-0.265542502,6.383572667,0.977202348,-1.253816737,-0.35146416,-0.395940672,-0.002203943,0.131838877
1,1.18310193,1.869081445,-0.245496075,-0.316833392,-0.335546726,-1.088177322,-0.952742947,-0.077615053,3.765875487,-0.15665209,0.977202348,-1.236860393,-0.029879749,0.690997831,0.733913124,1.110376315
1,1.363785993,2.960468163,-0.245496075,-0.316833392,-0.335546726,-1.088177322,-0.056359442,-0.077615053,-0.265542502,-0.15665209,0.977202348,-1.235164759,0.002278692,-0.106090405,-0.922350278,-0.846698562
0,1.18310193,2.960468163,-0.245496075,-0.316833392,-0.335546726,-1.088177322,0.840024064,-0.077615053,-0.265542502,-0.15665209,0.977202348,-1.210860665,0.463216347,0.799691681,1.531373281,1.355010675
0,1.002417868,2.960468163,-0.245496075,-0.316833392,-0.335546726,-1.088177322,-0.056359442,-0.077615053,-0.265542502,-0.15665209,0.977202348,-1.202382493,0.624008552,0.25622243,-0.18623321,-0.602064203
1,1.18310193,4.051854881,-0.245496075,-0.316833392,-0.335546726,-1.088177322,-0.952742947,-0.077615053,-0.265542502,-0.15665209,0.977202348,-1.198991224,0.688325435,0.36491628,-0.738321011,-0.846698562
0,1.002417868,4.051854881,-0.245496075,-0.316833392,-0.335546726,-1.088177322,-0.056359442,-0.077615053,-0.265542502,-0.15665209,0.977202348,-1.181469668,1.020629326,-0.069859121,0.795256213,0.865741956
0,0.821733805,4.051854881,-0.245496075,-0.316833392,-0.335546726,-1.088177322,-0.952742947,-0.077615053,-0.265542502,-0.15665209,0.977202348,-1.173556708,1.170702051,-0.106090405,-0.247576299,-0.112795483
0,1.002417868,-0.313691991,-0.245496075,-0.316833392,-0.335546726,-1.088177322,-0.056359442,-0.077615053,-0.265542502,-0.15665209,0.801257673,-1.17073065,-0.812401815,-0.142321688,-0.7996641,-1.091332922
0,0.821733805,-0.313691991,-0.245496075,-0.316833392,-0.335546726,-1.088177322,0.840024064,-0.077615053,-0.265542502,-0.15665209,0.637886652,-1.157730786,-0.565853767,-0.432171956,0.304511502,0.621107596
0,0.641049743,-0.313691991,-0.245496075,-0.316833392,-0.335546726,-1.088177322,-0.056359442,-0.077615053,-0.265542502,-0.15665209,0.485780042,-1.120992041,0.130912456,1.4156235,2.880921238,3.556719913
1,0.821733805,-0.313691991,-0.245496075,-0.316833392,-0.335546726,-1.088177322,-0.952742947,-0.077615053,3.765875487,-0.15665209,0.755520704,-1.111383446,0.313143622,1.850398901,-0.063547032,-0.112795483
0,0.641049743,-0.313691991,-0.245496075,-0.316833392,-0.335546726,-1.088177322,-0.056359442,-0.077615053,-0.265542502,-0.15665209,0.609429191,-1.106861754,0.398899465,1.30692965,-0.615634833,-0.846698562
1,0.821733805,-0.313691991,-0.245496075,-0.316833392,-0.335546726,-1.088177322,-0.952742947,-0.077615053,-0.265542502,-0.15665209,0.858444324,-1.087079352,0.774081277,0.219991146,1.040628569,0.865741956
1,1.002417868,-0.313691991,-0.245496075,-0.316833392,-0.335546726,-1.088177322,-0.056359442,-0.077615053,-0.265542502,-0.15665209,1.092366134,-1.070688219,1.084946208,0.654766548,0.672570035,-0.112795483
1,1.18310193,-0.313691991,-0.245496075,-0.316833392,-0.335546726,-1.088177322,0.840024064,-0.077615053,-0.265542502,-0.15665209,1.312540916,-1.041862434,1.631639706,2.212711736,2.022117993,2.333548114
0,1.002417868,-0.313691991,-0.245496075,-0.316833392,-0.335546726,-0.520284782,-0.056359442,-0.077615053,-0.265542502,-0.15665209,1.312540916,-1.032819051,-0.812401815,1.52431735,-0.124890121,-0.112795483
0,0.821733805,-0.313691991,-0.245496075,-0.316833392,-0.335546726,-0.520284782,-0.952742947,-0.077615053,-0.265542502,-0.15665209,1.312540916,-1.018688764,-0.544414806,1.379392216,0.427197679,0.376473236
1,1.002417868,-0.313691991,1.362262532,-0.316833392,-0.335546726,-0.520284782,-1.849126453,-0.077615053,-0.265542502,-0.15665209,1.312540916,-1.010210592,-0.383622601,0.075066012,-0.18623321,-0.357429843
1,1.18310193,-0.313691991,2.970021138,-0.316833392,-0.335546726,-0.520284782,-0.952742947,-0.077615053,-0.265542502,-0.15665209,1.312540916,-1.007949746,-0.340744679,-0.359709389,-0.861007189,-0.846698562
0,1.002417868,-0.313691991,2.970021138,-0.316833392,-0.335546726,-0.520284782,-0.056359442,-0.077615053,-0.265542502,-0.15665209,1.312540916,-1.004558477,-0.276427797,-1.048103774,-0.738321011,-0.602064203
1,1.18310193,-0.313691991,4.577779744,-0.316833392,-0.335546726,-0.520284782,-0.952742947,-0.077615053,-0.265542502,-0.15665209,1.312540916,-0.95199381,0.720483876,1.777936334,4.59852773,6.00306351
1,1.363785993,-0.313691991,6.18553835,-0.316833392,-0.335546726,-0.520284782,-0.056359442,-0.077615053,3.765875487,-0.15665209,1.312540916,-0.937298311,0.999190365,2.57502457,0.488540768,0.131838877
1,1.544470056,-0.313691991,7.793296956,-0.316833392,-0.335546726,-0.520284782,0.840024064,-0.077615053,-0.265542502,-0.15665209,1.312540916,-0.935037465,1.042068286,2.502562003,-0.861007189,-0.846698562
0,1.725154118,-0.313691991,-0.245496075,-0.316833392,-0.335546726,0.047607758,-0.056359442,-0.077615053,-0.265542502,-0.15665209,1.167227536,-0.913559429,-0.812401815,0.509841414,1.224657836,1.355010675
0,1.544470056,-0.313691991,-0.245496075,-0.316833392,-0.335546726,0.047607758,0.840024064,-0.077615053,-0.265542502,-0.15665209,1.029991925,-0.911298584,-0.769523894,-0.287246822,-0.861007189,-0.846698562
0,1.363785993,-0.313691991,-0.245496075,-0.316833392,-0.335546726,0.047607758,-0.056359442,-0.077615053,-0.265542502,-0.15665209,0.900167112,-0.900559565,-0.565853767,0.25622243,0.059139146,-0.357429843
0,1.18310193,-0.313691991,-0.245496075,-0.316833392,-0.335546726,0.047607758,-0.952742947,-0.077615053,-0.265542502,-0.15665209,0.777184934,-0.88699449,-0.308586238,-0.251015539,0.365854591,0.621107596
1,1.363785993,-0.313691991,-0.245496075,-0.316833392,-0.335546726,0.047607758,-1.849126453,-0.077615053,-0.265542502,-0.15665209,0.977202348,-0.883603221,-0.244269356,-0.178552972,-0.738321011,-0.602064203
1,1.544470056,-0.313691991,-0.245496075,-0.316833392,-0.335546726,0.047607758,-0.952742947,-0.077615053,-0.265542502,-0.15665209,1.167227536,-0.857603493,0.24882674,0.799691681,1.715402548,1.355010675
0,1.363785993,-0.313691991,-0.245496075,-0.316833392,-0.335546726,0.047607758,-0.056359442,-0.077615053,-0.265542502,-0.15665209,1.046727976,-0.8332994,0.709764395,1.488086067,1.531373281,0.131838877
1,1.544470056,-0.313691991,-0.245496075,-0.316833392,-0.335546726,0.047607758,-0.952742947,-0.077615053,3.765875487,-0.15665209,1.226044562,-0.827082074,0.827678679,1.669242484,-0.431605566,-0.112795483
0,1.363785993,-0.313691991,-0.245496075,-0.316833392,-0.335546726,0.047607758,-0.056359442,-0.077615053,-0.265542502,-0.15665209,1.109781507,-0.825386439,0.85983712,0.111297296,-0.922350278,-0.846698562
0,1.18310193,-0.313691991,-0.245496075,-0.316833392,-0.335546726,0.047607758,-0.952742947,-0.077615053,-0.265542502,-0.15665209,0.998804821,-0.817473479,1.009909845,-0.939409924,-0.247576299,-0.357429843
0,1.002417868,-0.313691991,-0.245496075,-0.316833392,-0.335546726,0.047607758,-0.056359442,-0.077615053,-0.265542502,-0.15665209,0.998804821,-0.772821772,-0.812401815,1.52431735,3.739724484,3.312085553
0,0.821733805,-0.313691991,-0.245496075,-0.316833392,-0.335546726,0.047607758,-0.952742947,-0.077615053,-0.265542502,-0.15665209,0.998804821,-0.754735005,-0.469378444,2.57502457,0.856599302,1.355010675
1,1.002417868,-0.313691991,-0.245496075,0.039470827,-0.335546726,0.047607758,-1.849126453,-0.077615053,-0.265542502,-0.15665209,0.998804821,-0.752474159,-0.426500522,2.212711736,-0.861007189,-0.846698562
1,1.18310193,-0.313691991,-0.245496075,0.395775045,-0.335546726,0.047607758,-0.952742947,-0.077615053,3.765875487,-0.15665209,0.998804821,-0.748517679,-0.35146416,-0.395940672,-0.676977922,-0.357429843
1,1.363785993,-0.313691991,-0.245496075,0.752079263,-0.335546726,0.047607758,-0.056359442,-0.077615053,-0.265542502,-0.15665209,0.998804821,-0.743995987,-0.265708317,-1.265491475,-0.615634833,-0.846698562
1,1.544470056,-0.313691991,-0.245496075,1.108383482,-0.335546726,0.047607758,0.840024064,-0.077615053,-0.265542502,-0.15665209,0.998804821,-0.74116993,-0.212110915,-1.229260192,-0.7996641,-0.846698562
0,1.363785993,-0.313691991,-0.245496075,-0.316833392,-0.335546726,0.615500298,-0.056359442,-0.077615053,-0.265542502,-0.15665209,0.892756315,-0.727604854,-0.812401815,-0.613328373,0.365854591,0.621107596
0,1.18310193,-0.313691991,-0.245496075,-0.316833392,-0.335546726,0.615500298,-0.952742947,-0.077615053,-0.265542502,-0.15665209,0.791314854,-0.688040051,-0.06203819,1.633011201,3.187636683,1.599645035
0,1.002417868,-0.313691991,-0.245496075,-0.316833392,-0.335546726,0.615500298,-1.849126453,-0.077615053,-0.265542502,-0.15665209,0.694196358,-0.684083571,0.012998172,1.705473767,-0.676977922,-0.357429843
0,0.821733805,-0.313691991,-0.245496075,-0.316833392,-0.335546726,0.615500298,-2.745509958,-0.077615053,-0.265542502,-0.15665209,0.601129098,-0.684083571,0.012998172,0.835922965,-1.106379545,-0.846698562
0,1.002417868,-0.313691991,-0.245496075,-0.316833392,-0.335546726,0.615500298,-0.056359442,-0.077615053,3.765875487,-0.15665209,0.601129098,-0.679561879,-0.812401815,-1.410416609,-0.615634833,-0.357429843
0,0.821733805,-0.313691991,-0.245496075,-0.316833392,-0.335546726,0.615500298,0.840024064,-0.077615053,-0.265542502,-0.15665209,0.601129098,-0.65695342,-0.383622601,-0.214784255,1.347344014,1.844279395
1,1.002417868,-0.313691991,-0.245496075,-0.316833392,0.742074491,0.615500298,-0.056359442,-0.077615053,-0.265542502,-0.15665209,0.601129098,-0.638866653,-0.040599229,0.944616815,0.856599302,1.110376315
1,1.18310193,-0.313691991,-0.245496075,-0.316833392,1.819695709,0.615500298,0.840024064,-0.077615053,-0.265542502,-0.15665209,0.601129098,-0.634344961,0.045156613,0.944616815,-0.615634833,-0.357429843
1,1.363785993,-0.313691991,-0.245496075,-0.316833392,2.897316926,0.615500298,1.736407569,-0.077615053,-0.265542502,-0.15665209,0.601129098,-0.632649326,0.077315054,-0.395940672,-0.922350278,-0.846698562
0,1.544470056,-0.313691991,-0.245496075,-0.316833392,-0.335546726,1.183392838,-0.056359442,-0.077615053,-0.265542502,-0.15665209,0.511853696,-0.628692846,-0.812401815,-1.301722759,-0.676977922,-0.602064203
0,1.363785993,-0.313691991,-0.245496075,-0.316833392,-0.335546726,1.183392838,0.840024064,-0.077615053,-0.265542502,-0.15665209,0.426147828,-0.615127771,-0.555134286,-0.722022223,0.365854591,0.621107596
0,1.18310193,-0.313691991,-0.245496075,-0.316833392,-0.335546726,1.183392838,-0.056359442,-0.077615053,-0.265542502,-0.15665209,0.343801521,-0.612866925,-0.512256365,-0.68579094,-0.861007189,-0.846698562
0,1.002417868,-0.313691991,-0.245496075,-0.316833392,-0.335546726,1.183392838,-0.952742947,-0.077615053,-0.265542502,-0.15665209,0.264629505,-0.597606215,-0.222830396,0.038834729,0.549883857,0.131838877
0,0.821733805,-0.313691991,-0.245496075,-0.316833392,-0.335546726,1.183392838,-1.849126453,-0.077615053,-0.265542502,-0.15665209,0.188446511,-0.594780158,-0.169232994,-0.649559657,-0.7996641,-0.846698562
0,0.641049743,-0.313691991,-0.245496075,-0.316833392,-0.335546726,1.183392838,-0.056359442,-0.077615053,-0.265542502,-0.15665209,0.188446511,-0.590258466,-0.812401815,-0.504634523,-0.615634833,-0.602064203
1,0.821733805,-0.313691991,-0.245496075,-0.316833392,0.742074491,1.183392838,-0.952742947,-0.077615053,-0.265542502,-0.15665209,0.188446511,-0.578389025,-0.587292728,-0.722022223,0.181825324,0.131838877
1,1.002417868,-0.313691991,-0.245496075,-0.316833392,1.819695709,1.183392838,-0.056359442,-0.077615053,-0.265542502,-0.15665209,0.188446511,-0.573302122,-0.490817404,-0.57709709,-0.554291744,-0.357429843
0,0.821733805,-0.313691991,-0.245496075,-0.316833392,1.819695709,1.183392838,0.840024064,-0.077615053,-0.265542502,-0.15665209,0.188446511,-0.560302258,-0.244269356,-0.033627838,0.304511502,0.865741956
1,1.002417868,-0.313691991,-0.245496075,-0.316833392,2.897316926,1.183392838,-0.056359442,-0.077615053,-0.265542502,-0.15665209,0.188446511,-0.555780566,-0.158513513,-0.504634523,-0.615634833,-0.357429843
0,0.821733805,-0.313691991,-0.245496075,-0.316833392,2.897316926,1.183392838,0.840024064,-0.077615053,-0.265542502,-0.15665209,0.188446511,-0.54956324,-0.040599229,-0.432171956,-0.431605566,-0.112795483
1,1.002417868,-0.313691991,-0.245496075,-0.316833392,3.974938143,1.183392838,-0.056359442,-0.077615053,-0.265542502,-0.15665209,0.188446511,-0.526389569,0.398899465,0.219991146,1.408687103,2.088913754
1,1.18310193,-0.313691991,-0.245496075,-0.316833392,5.052559361,1.183392838,0.840024064,-0.077615053,-0.265542502,-0.15665209,0.188446511,-0.497563784,0.945592963,1.777936334,2.022117993,1.110376315
0,1.363785993,-0.313691991,-0.245496075,-0.316833392,-0.335546726,1.751285378,-0.056359442,-0.077615053,-0.265542502,-0.15665209,0.11507962,-0.490781246,-0.812401815,1.814167618,-0.370262477,-0.112795483
0,1.18310193,-0.313691991,-0.245496075,-0.316833392,-0.335546726,1.751285378,0.840024064,-0.077615053,-0.265542502,-0.15665209,0.044380616,-0.447259963,0.012998172,3.118493822,3.617038306,2.578182474
0,1.002417868,-0.313691991,-0.245496075,-0.316833392,-0.335546726,1.751285378,-0.056359442,-0.077615053,-0.265542502,-0.15665209,-0.023798717,-0.444433905,0.066595574,1.451854783,-0.7996641,-0.846698562
0,0.821733805,-0.313691991,-0.245496075,-0.316833392,-0.335546726,1.751285378,-0.952742947,-0.077615053,-0.265542502,-0.15665209,-0.089569541,-0.443303482,0.088034535,1.089541949,-0.983693367,-0.846698562
0,0.641049743,-0.313691991,-0.245496075,-0.316833392,-0.335546726,1.751285378,-1.849126453,-0.077615053,-0.265542502,-0.15665209,-0.153092424,-0.437086156,0.205948819,-1.301722759,-0.431605566,-0.846698562
0,0.821733805,-0.313691991,-0.245496075,-0.316833392,-0.335546726,1.751285378,-0.056359442,-0.077615053,-0.265542502,6.383572667,-0.153092424,-0.428607984,-0.812401815,-0.939409924,-0.18623321,0.131838877
0,0.641049743,-0.313691991,-0.245496075,-0.316833392,-0.335546726,1.751285378,0.840024064,-0.077615053,-0.265542502,-0.15665209,-0.153092424,-0.424651504,-0.737365453,-0.758253507,-0.676977922,-1.091332922
1,0.821733805,-0.313691991,-0.245496075,-0.316833392,0.742074491,1.751285378,-0.056359442,-0.077615053,-0.265542502,-0.15665209,-0.153092424,-0.422955869,-0.705207011,-1.048103774,-0.922350278,-0.846698562
0,0.641049743,-0.313691991,-0.245496075,-0.316833392,0.742074491,1.751285378,0.840024064,-0.077615053,-0.265542502,-0.15665209,-0.153092424,-0.408260371,-0.426500522,-0.649559657,0.488540768,0.865741956
1,0.821733805,-0.313691991,-0.245496075,-0.316833392,1.819695709,1.751285378,-0.056359442,-0.077615053,-0.265542502,-0.15665209,-0.153092424,-0.403738679,-0.340744679,-0.613328373,-0.615634833,-0.846698562
1,1.002417868,-0.313691991,-0.245496075,-0.316833392,2.897316926,1.751285378,0.840024064,-0.077615053,-0.265542502,-0.15665209,-0.153092424,-0.401477833,-0.297866758,-0.57709709,-0.861007189,-0.846698562
0,1.18310193,-0.313691991,-0.245496075,-0.316833392,-0.335546726,2.319177918,-0.056359442,-0.077615053,-0.265542502,-0.15665209,-0.214441472,-0.390738815,-0.812401815,-0.830716074,0.059139146,-0.112795483
1,1.363785993,-0.313691991,-0.245496075,-0.316833392,0.742074491,2.319177918,0.840024064,-0.077615053,-0.265542502,-0.15665209,-0.214441472,-0.385651912,-0.715926492,-0.79448479,-0.554291744,-0.846698562
1,1.544470056,-0.313691991,-0.245496075,-0.316833392,1.819695709,2.319177918,1.736407569,-0.077615053,-0.265542502,-0.15665209,-0.214441472,-0.382825855,-0.66232909,-0.758253507,-0.7996641,-0.846698562
0,1.363785993,-0.313691991,-0.245496075,-0.316833392,1.819695709,2.319177918,2.632791074,-0.077615053,-0.265542502,-0.15665209,-0.273764903,-0.378869374,-0.587292728,-1.193028908,-0.676977922,-0.846698562
0,1.18310193,-0.313691991,-0.245496075,-0.316833392,1.819695709,2.319177918,1.736407569,-0.077615053,-0.265542502,-0.15665209,-0.331124472,-0.378869374,-0.587292728,-1.519110459,-1.106379545,-0.846698562
0,1.002417868,-0.313691991,-0.245496075,-0.316833392,1.819695709,2.319177918,0.840024064,-0.077615053,-0.265542502,-0.15665209,-0.331124472,-0.374912894,-0.512256365,-1.446647892,-0.676977922,-0.602064203
1,1.18310193,-0.313691991,-0.245496075,-0.316833392,2.897316926,2.319177918,-0.056359442,-0.077615053,-0.265542502,-0.15665209,-0.331124472,-0.367565145,-0.37290312,-1.229260192,-0.308919388,0.131838877
0,1.002417868,-0.313691991,-0.245496075,-0.316833392,2.897316926,2.319177918,0.840024064,-0.077615053,-0.265542502,-0.15665209,-0.386643694,-0.362478242,-0.276427797,-0.903178641,-0.554291744,-0.357429843
0,0.821733805,-0.313691991,-0.245496075,-0.316833392,2.897316926,2.319177918,-0.056359442,-0.077615053,-0.265542502,-0.15665209,-0.440409027,-0.330261187,0.334582583,0.908385532,2.390176527,2.088913754
1,1.002417868,-0.313691991,-0.245496075,-0.316833392,3.974938143,2.319177918,-0.952742947,-0.077615053,-0.265542502,-0.15665209,-0.440409027,-0.318391747,0.55969167,1.198235799,0.181825324,0.131838877
1,1.18310193,-0.313691991,-0.245496075,-0.316833392,5.052559361,2.319177918,-0.056359442,-0.077615053,-0.265542502,6.383572667,-0.440409027,-0.286739904,1.15998257,2.901106121,2.328833438,3.067451193
0,1.002417868,-0.313691991,-0.245496075,-0.316833392,5.052559361,2.319177918,0.840024064,-0.077615053,-0.265542502,-0.15665209,-0.492482227,-0.281087789,1.267177374,1.198235799,-0.492948655,-0.357429843
0,0.821733805,-0.313691991,-0.245496075,-0.316833392,5.052559361,2.319177918,-0.056359442,-0.077615053,-0.265542502,-0.15665209,-0.542962107,-0.274870463,1.385091658,0.835922965,-0.431605566,-0.357429843
0,0.641049743,-0.313691991,-0.245496075,-0.316833392,5.052559361,2.319177918,-0.952742947,-0.077615053,-0.265542502,-0.15665209,-0.542962107,-0.272044406,1.438689059,-1.011872491,-0.7996641,-0.602064203
0,0.46036568,-0.313691991,-0.245496075,-0.316833392,-0.335546726,-1.088177322,-0.056359442,-0.077615053,-0.265542502,-0.15665209,-0.542962107,-0.268087925,-0.812401815,-1.120566341,-0.676977922,-0.602064203
1,0.641049743,0.777694727,-0.245496075,-0.316833392,-0.335546726,-1.088177322,-0.952742947,-0.077615053,-0.265542502,-0.15665209,-0.542962107,-0.238696929,-0.254988837,0.36491628,2.083461082,2.088913754
1,0.821733805,1.869081445,-0.245496075,-0.316833392,-0.335546726,-1.088177322,-0.056359442,12.88409873,-0.265542502,-0.15665209,-0.542962107,-0.236436083,-0.212110915,0.328684997,-0.861007189,-0.846698562
0,0.641049743,1.869081445,-0.245496075,-0.316833392,-0.335546726,-1.088177322,0.840024064,-0.077615053,-0.265542502,-0.15665209,-0.542962107,-0.227392699,-0.040599229,0.654766548,-0.124890121,0.376473236
0,0.46036568,1.869081445,-0.245496075,-0.316833392,-0.335546726,-1.088177322,-0.056359442,-0.077615053,-0.265542502,-0.15665209,-0.542962107,-0.20478424,0.388179985,0.219991146,1.347344014,1.355010675
1,0.641049743,2.960468163,-0.245496075,-0.316833392,-0.335546726,-1.088177322,-0.952742947,-0.077615053,-0.265542502,-0.15665209,-0.542962107,-0.201958183,0.441777386,0.25622243,-0.7996641,-0.846698562
0,0.46036568,2.960468163,-0.245496075,-0.316833392,-0.335546726,-1.088177322,-0.056359442,-0.077615053,-0.265542502,-0.15665209,-0.542962107,-0.179914935,0.85983712,1.089541949,1.286000925,1.844279395
0,0.279681618,2.960468163,-0.245496075,-0.316833392,-0.335546726,-1.088177322,-0.952742947,-0.077615053,-0.265542502,-0.15665209,-0.542962107,-0.170871552,1.031348806,0.219991146,-0.124890121,-0.112795483
0,0.46036568,-0.313691991,-0.245496075,-0.316833392,-0.335546726,-1.088177322,-0.056359442,-0.077615053,-0.265542502,-0.15665209,-0.59189807,-0.125089422,-0.812401815,2.973568688,3.862410662,3.312085553
0,0.279681618,-0.313691991,-0.245496075,-0.316833392,-0.335546726,-1.088177322,0.840024064,-0.077615053,-0.265542502,-0.15665209,-0.639388928,-0.12056773,-0.726645972,1.850398901,-0.615634833,-0.846698562
0,0.098997555,-0.313691991,-0.245496075,-0.316833392,-0.335546726,-1.088177322,-0.056359442,-0.077615053,-0.265542502,-0.15665209,-0.685471735,-0.11661125,-0.65160961,1.52431735,-0.676977922,-0.846698562
0,-0.081686507,-0.313691991,-0.245496075,-0.316833392,-0.335546726,-1.088177322,-0.952742947,-0.077615053,-0.265542502,-0.15665209,-0.730220598,-0.111524347,-0.555134286,-1.084335058,-0.554291744,-0.357429843
1,0.098997555,-0.313691991,-0.245496075,-0.316833392,-0.335546726,-1.088177322,-1.849126453,-0.077615053,-0.265542502,-0.15665209,-0.597246196,-0.100220117,-0.340744679,-0.649559657,0.120482235,-0.112795483
0,-0.081686507,-0.313691991,-0.245496075,-0.316833392,-0.335546726,-1.088177322,-0.952742947,-0.077615053,-0.265542502,-0.15665209,-0.641982707,-0.095133214,-0.244269356,-0.57709709,-0.554291744,-0.846698562
0,0.098997555,-0.313691991,-0.245496075,-0.316833392,-0.335546726,-1.088177322,-0.056359442,-0.077615053,-0.265542502,-0.15665209,-0.641982707,-0.092872368,-0.812401815,-0.758253507,-0.861007189,-0.846698562
0,-0.081686507,-0.313691991,-0.245496075,-0.316833392,-0.335546726,-1.088177322,0.840024064,-0.077615053,-0.265542502,-0.15665209,-0.641982707,-0.066307429,-0.308586238,0.219991146,1.776745637,2.822816834
0,-0.26237057,-0.313691991,-0.245496075,-0.316833392,-0.335546726,-1.088177322,-0.056359442,-0.077615053,-0.265542502,-0.15665209,-0.641982707,-0.054437988,-0.083477151,0.654766548,0.181825324,0.376473236
1,-0.081686507,-0.313691991,1.362262532,-0.316833392,-0.335546726,-1.088177322,-0.952742947,-0.077615053,-0.265542502,-0.15665209,-0.641982707,-0.034090375,0.302424142,1.814167618,1.101971658,1.599645035
1,0.098997555,-0.313691991,2.970021138,-0.316833392,-0.335546726,-1.088177322,-0.056359442,-0.077615053,-0.265542502,-0.15665209,-0.641982707,-0.031264317,0.356021544,0.292453713,-0.7996641,-0.846698562
1,0.279681618,-0.313691991,4.577779744,-0.316833392,-0.335546726,-1.088177322,0.840024064,-0.077615053,-0.265542502,-0.15665209,-0.641982707,-0.029003471,0.398899465,-0.323478106,-0.861007189,-0.846698562
0,0.098997555,-0.313691991,-0.245496075,-0.316833392,-0.335546726,-0.520284782,-0.056359442,-0.077615053,-0.265542502,-0.15665209,-0.685471735,0.014517812,-0.812401815,1.162004516,3.617038306,1.599645035
1,0.279681618,-0.313691991,-0.245496075,-0.316833392,-0.335546726,-0.520284782,-0.952742947,-0.077615053,-0.265542502,-0.15665209,-0.558574186,0.02130035,-0.683768051,1.4156235,-0.370262477,-0.602064203
1,0.46036568,-0.313691991,-0.245496075,-0.316833392,-0.335546726,-0.520284782,-0.056359442,-0.077615053,-0.265542502,-0.15665209,-0.435110307,0.030343733,-0.512256365,1.850398901,-0.124890121,-0.112795483
1,0.641049743,-0.313691991,-0.245496075,-0.316833392,-0.335546726,-0.520284782,0.840024064,-0.077615053,-0.265542502,-0.15665209,-0.314931881,0.048995712,-0.158513513,0.25622243,0.917942391,1.355010675
0,0.46036568,-0.313691991,-0.245496075,-0.316833392,-0.335546726,-0.520284782,1.736407569,-0.077615053,-0.265542502,-0.15665209,-0.360434175,0.068212902,0.205948819,1.053310665,0.97928548,1.110376315
0,0.279681618,-0.313691991,-0.245496075,-0.316833392,-0.335546726,-0.520284782,0.840024064,-0.077615053,-0.265542502,-0.15665209,-0.404763093,0.068778114,0.216668299,0.509841414,-1.045036456,-0.846698562
0,0.098997555,-0.313691991,-0.245496075,-0.316833392,-0.335546726,-0.520284782,-0.056359442,-0.077615053,-0.265542502,-0.15665209,-0.447943337,0.074430228,0.323863103,-0.323478106,-0.492948655,-0.357429843
0,-0.081686507,-0.313691991,-0.245496075,-0.316833392,-0.335546726,-0.520284782,-0.952742947,-0.077615053,-0.265542502,-0.15665209,-0.490036664,0.077821497,0.388179985,-1.337954042,-0.738321011,-0.846698562
0,-0.26237057,-0.313691991,-0.245496075,-0.316833392,-0.335546726,-0.520284782,-0.056359442,-0.077615053,-0.265542502,-0.15665209,-0.490036664,0.084038823,-0.812401815,-0.975641208,-0.431605566,-0.602064203
1,-0.081686507,-0.313691991,-0.245496075,0.039470827,-0.335546726,-0.520284782,-0.952742947,-0.077615053,-0.265542502,-0.15665209,-0.490036664,0.086864881,-0.758804413,-1.156797625,-0.7996641,-0.846698562
1,0.098997555,-0.313691991,-0.245496075,0.395775045,-0.335546726,-0.520284782,-0.056359442,-0.077615053,-0.265542502,-0.15665209,-0.490036664,0.092516996,-0.65160961,-1.011872491,-0.492948655,-0.357429843
1,0.279681618,-0.313691991,-0.245496075,0.752079263,-0.335546726,-0.520284782,0.840024064,-0.077615053,-0.265542502,6.383572667,-0.490036664,0.103821225,-0.437220003,-0.68579094,0.120482235,0.131838877
0,0.098997555,-0.313691991,-0.245496075,0.752079263,-0.335546726,-0.520284782,1.736407569,-0.077615053,-0.265542502,-0.15665209,-0.490036664,0.10947334,-0.330025199,-0.504634523,-0.492948655,-0.112795483
0,-0.081686507,-0.313691991,-0.245496075,0.752079263,-0.335546726,-0.520284782,0.840024064,-0.077615053,-0.265542502,-0.15665209,-0.490036664,0.114560243,-0.233549876,-0.540865806,-0.554291744,-0.602064203
1,0.098997555,-0.313691991,-0.245496075,1.108383482,-0.335546726,-0.520284782,-0.056359442,-0.077615053,3.765875487,-0.15665209,-0.490036664,0.117386301,-0.179952474,-1.084335058,-0.7996641,-0.357429843
0,-0.081686507,-0.313691991,-0.245496075,1.108383482,-0.335546726,-0.520284782,0.840024064,-0.077615053,-0.265542502,-0.15665209,-0.490036664,0.140559971,0.25954622,0.038834729,1.408687103,1.844279395
1,0.098997555,-0.313691991,-0.245496075,1.4646877,-0.335546726,-0.520284782,-0.056359442,-0.077615053,-0.265542502,6.383572667,-0.490036664,0.152994623,0.495374788,0.509841414,0.243168413,1.110376315
0,-0.081686507,-0.313691991,-0.245496075,1.4646877,-0.335546726,-0.520284782,0.840024064,-0.077615053,-0.265542502,-0.15665209,-0.490036664,0.158081527,0.591850111,0.654766548,-0.554291744,-0.602064203
0,-0.26237057,-0.313691991,-0.245496075,1.4646877,-0.335546726,-0.520284782,-0.056359442,-0.077615053,-0.265542502,-0.15665209,-0.490036664,0.162603218,0.677605954,-0.540865806,-0.615634833,-0.602064203
1,-0.081686507,-0.313691991,-0.245496075,1.820991918,-0.335546726,-0.520284782,-0.952742947,-0.077615053,-0.265542502,-0.15665209,-0.490036664,0.172211814,0.85983712,-0.722022223,-0.063547032,0.131838877
1,0.098997555,-0.313691991,-0.245496075,2.177296137,-0.335546726,-0.520284782,-0.056359442,-0.077615053,3.765875487,-0.15665209,-0.490036664,0.182950832,1.063507247,-0.359709389,0.059139146,0.621107596
0,-0.081686507,-0.313691991,-0.245496075,2.177296137,-0.335546726,-0.520284782,0.840024064,-0.077615053,-0.265542502,-0.15665209,-0.490036664,0.190298581,1.202860492,-0.178552972,-0.308919388,-0.112795483
0,-0.26237057,-0.313691991,-0.245496075,2.177296137,-0.335546726,-0.520284782,-0.056359442,-0.077615053,-0.265542502,-0.15665209,-0.490036664,0.191994215,1.235018933,-0.68579094,-0.922350278,-1.091332922
1,-0.081686507,-0.313691991,-0.245496075,2.533600355,-0.335546726,-0.520284782,-0.952742947,-0.077615053,-0.265542502,-0.15665209,-0.490036664,0.207820136,1.535164383,-0.359709389,0.611226946,0.621107596
1,0.098997555,-0.313691991,-0.245496075,2.889904573,-0.335546726,-0.520284782,-0.056359442,-0.077615053,3.765875487,-0.15665209,-0.490036664,0.217993943,1.728115029,-0.178552972,-0.002203943,0.621107596
0,-0.081686507,-0.313691991,-0.245496075,2.889904573,-0.335546726,-0.520284782,0.840024064,-0.077615053,-0.265542502,-0.15665209,-0.490036664,0.221950423,1.803151391,-0.033627838,-0.676977922,-0.602064203
0,-0.26237057,-0.313691991,-0.245496075,2.889904573,-0.335546726,-0.520284782,-0.056359442,-0.077615053,-0.265542502,-0.15665209,-0.490036664,0.249645786,2.328405929,0.727229114,1.899431815,2.333548114
1,-0.081686507,-0.313691991,-0.245496075,3.246208792,-0.335546726,-0.520284782,-0.952742947,-0.077615053,-0.265542502,-0.15665209,-0.490036664,0.256428323,2.457039693,0.509841414,-0.370262477,-0.357429843
1,0.098997555,-0.313691991,-0.245496075,3.60251301,-0.335546726,-0.520284782,-0.056359442,-0.077615053,-0.265542502,-0.15665209,-0.490036664,0.267167341,2.66070982,0.944616815,0.059139146,0.131838877
0,-0.081686507,-0.313691991,-0.245496075,3.60251301,-0.335546726,-0.520284782,0.840024064,-0.077615053,-0.265542502,-0.15665209,-0.490036664,0.28581932,3.014452671,0.36491628,0.917942391,1.355010675
0,-0.26237057,-0.313691991,-0.245496075,3.60251301,-0.335546726,-0.520284782,-0.056359442,-0.077615053,-0.265542502,-0.15665209,-0.490036664,0.30503651,3.378915004,1.162004516,0.97928548,0.865741956
1,-0.081686507,-0.313691991,-0.245496075,3.958817229,-0.335546726,-0.520284782,-0.952742947,-0.077615053,-0.265542502,-0.15665209,-0.490036664,0.313514682,3.539707209,1.017079382,-0.18623321,-0.357429843
0,-0.26237057,-0.313691991,-0.245496075,3.958817229,-0.335546726,-0.520284782,-0.056359442,-0.077615053,-0.265542502,-0.15665209,-0.490036664,0.321427643,3.689779934,0.328684997,-0.247576299,-0.112795483
1,-0.081686507,-0.313691991,-0.245496075,4.315121447,-0.335546726,-0.520284782,-0.952742947,-0.077615053,-0.265542502,-0.15665209,-0.490036664,0.3242537,3.743377336,-0.722022223,-0.7996641,-0.846698562
0,-0.26237057,-0.313691991,-0.245496075,4.315121447,-0.335546726,-0.520284782,-0.056359442,-0.077615053,-0.265542502,-0.15665209,-0.490036664,0.342340467,4.086400707,-0.106090405,0.856599302,0.865741956
1,-0.081686507,-0.313691991,-0.245496075,4.671425665,-0.335546726,-0.520284782,-0.952742947,-0.077615053,-0.265542502,-0.15665209,-0.490036664,0.349688217,4.225753951,-0.142321688,-0.308919388,-0.846698562
1,0.098997555,-0.313691991,-0.245496075,5.027729884,-0.335546726,-0.520284782,-0.056359442,-0.077615053,-0.265542502,-0.15665209,-0.490036664,0.363818503,4.49374096,0.582303981,0.427197679,1.110376315
0,-0.081686507,-0.313691991,-0.245496075,5.027729884,-0.335546726,-0.520284782,0.840024064,-0.077615053,-0.265542502,-0.15665209,-0.490036664,0.380209636,4.804605891,0.47361013,0.672570035,1.355010675
0,-0.26237057,-0.313691991,-0.245496075,5.027729884,-0.335546726,-0.520284782,-0.056359442,-0.077615053,-0.265542502,-0.15665209,-0.490036664,0.401687672,5.211946144,1.379392216,1.224657836,1.355010675
0,-0.443054632,-0.313691991,-0.245496075,5.027729884,-0.335546726,-0.520284782,-0.952742947,-0.077615053,-0.265542502,-0.15665209,-0.490036664,0.405078941,5.276263026,0.690997831,-0.738321011,-0.602064203
0,-0.623738695,-0.313691991,-0.245496075,-0.316833392,-0.335546726,-0.520284782,-0.056359442,-0.077615053,-0.265542502,-0.15665209,-0.531080129,0.410165844,-0.812401815,-0.033627838,-0.554291744,-0.846698562
0,-0.804422757,-0.313691991,-0.245496075,-0.316833392,-0.335546726,-0.520284782,-0.952742947,-0.077615053,-0.265542502,-0.15665209,-0.571110784,0.42373092,-0.555134286,-0.540865806,0.365854591,0.131838877
0,-0.98510682,-0.313691991,-0.245496075,-0.316833392,-0.335546726,-0.520284782,-1.849126453,-0.077615053,-0.265542502,-0.15665209,-0.610153334,0.425426554,-0.522975845,-0.649559657,-0.922350278,-0.846698562
1,-0.804422757,-0.313691991,-0.245496075,-0.316833392,-0.335546726,-0.520284782,-2.745509958,-0.077615053,-0.265542502,-0.15665209,-0.499460728,0.430513458,-0.426500522,-0.649559657,-0.554291744,-0.602064203
0,-0.98510682,-0.313691991,-0.245496075,-0.316833392,-0.335546726,-0.520284782,-1.849126453,-0.077615053,-0.265542502,-0.15665209,-0.538429169,0.435035149,-0.340744679,-1.229260192,-0.615634833,-0.846698562
0,-1.165790883,-0.313691991,-0.245496075,-0.316833392,-0.335546726,-0.520284782,-0.056359442,-0.077615053,-0.265542502,-0.15665209,-0.538429169,0.440687264,-0.812401815,-0.975641208,-0.492948655,-0.112795483
0,-1.346474945,-0.313691991,-0.245496075,-0.316833392,-0.335546726,-0.520284782,-0.952742947,-0.077615053,-0.265542502,-0.15665209,-0.538429169,0.442382898,-0.780243374,-1.193028908,-0.922350278,-0.602064203
0,-1.527159008,-0.313691991,-0.245496075,-0.316833392,-0.335546726,-0.520284782,-1.849126453,-0.077615053,-0.265542502,-0.15665209,-0.538429169,0.447469802,-0.683768051,-1.156797625,-0.554291744,-0.602064203
1,-1.346474945,-0.313691991,-0.245496075,-0.316833392,0.742074491,-0.520284782,-2.745509958,-0.077615053,-0.265542502,-0.15665209,-0.538429169,0.450295859,-0.630170649,-1.337954042,-0.7996641,-0.846698562
0,-1.527159008,-0.313691991,-0.245496075,-0.316833392,0.742074491,-0.520284782,-1.849126453,-0.077615053,-0.265542502,-0.15665209,-0.538429169,0.456513185,-0.512256365,-1.048103774,-0.431605566,-0.112795483
0,-1.346474945,-0.313691991,-0.245496075,-0.316833392,-0.335546726,-1.088177322,-0.056359442,-0.077615053,-0.265542502,-0.15665209,-0.576483612,0.466686992,-0.812401815,-0.722022223,-0.002203943,-0.112795483
1,-1.165790883,-0.313691991,-0.245496075,-0.316833392,-0.335546726,-1.088177322,0.840024064,-0.077615053,-0.265542502,-0.15665209,-0.470039864,0.468382626,-0.780243374,-0.79448479,-0.922350278,-1.091332922
0,-1.346474945,-0.313691991,-0.245496075,-0.316833392,-0.335546726,-1.088177322,1.736407569,-0.077615053,-0.265542502,-0.15665209,-0.508007847,0.471773895,-0.715926492,-0.975641208,-0.738321011,-0.846698562
0,-1.527159008,-0.313691991,-0.245496075,-0.316833392,-0.335546726,-1.088177322,0.840024064,-0.077615053,-0.265542502,-0.15665209,-0.545111238,0.489295451,-0.383622601,-0.504634523,0.795256213,0.131838877
0,-1.70784307,-0.313691991,-0.245496075,-0.316833392,-0.335546726,-1.088177322,-0.056359442,-0.077615053,-0.265542502,-0.15665209,-0.58138709,0.505121372,-0.083477151,0.401147563,0.611226946,0.131838877
0,-1.888527133,-0.313691991,-0.245496075,-0.316833392,-0.335546726,-1.088177322,-0.952742947,-0.077615053,-0.265542502,-0.15665209,-0.616847754,0.516990813,0.141631937,0.944616815,0.181825324,-0.846698562
0,-2.069211195,-0.313691991,-0.245496075,-0.316833392,-0.335546726,-1.088177322,-0.056359442,-0.077615053,-0.265542502,-0.15665209,-0.616847754,0.537338426,-0.812401815,1.125773232,1.101971658,1.844279395
0,-2.249895258,-0.313691991,-0.245496075,-0.316833392,-0.335546726,-1.088177322,-0.952742947,-0.077615053,-0.265542502,-0.15665209,-0.616847754,0.544120964,-0.683768051,0.546072697,-0.370262477,-0.602064203
1,-2.069211195,0.777694727,-0.245496075,-0.316833392,-0.335546726,-1.088177322,-1.849126453,-0.077615053,-0.265542502,-0.15665209,-0.616847754,0.553729559,-0.501536885,0.401147563,-0.063547032,-0.357429843
0,-2.249895258,0.777694727,-0.245496075,-0.316833392,-0.335546726,-1.088177322,-0.952742947,-0.077615053,-0.265542502,-0.15665209,-0.616847754,0.559381674,-0.394342081,-0.540865806,-0.492948655,-0.112795483
1,-2.069211195,1.869081445,-0.245496075,-0.316833392,-0.335546726,-1.088177322,-1.849126453,-0.077615053,-0.265542502,-0.15665209,-0.616847754,0.56955548,-0.201391435,-0.323478106,-0.002203943,0.131838877
1,-1.888527133,2.960468163,-0.245496075,-0.316833392,-0.335546726,-1.088177322,-0.952742947,-0.077615053,-0.265542502,-0.15665209,-0.616847754,0.58085971,0.012998172,-0.214784255,0.120482235,0.131838877
1,-1.70784307,4.051854881,-0.245496075,-0.316833392,-0.335546726,-1.088177322,-0.056359442,-0.077615053,3.765875487,-0.15665209,-0.616847754,0.589337882,0.173790378,-0.033627838,-0.18623321,0.131838877
1,-1.527159008,5.143241599,-0.245496075,-0.316833392,-0.335546726,-1.088177322,0.840024064,-0.077615053,-0.265542502,-0.15665209,-0.616847754,0.592729151,0.23810726,-0.468403239,-0.738321011,-0.846698562
0,-1.70784307,-0.313691991,-0.245496075,-0.316833392,-0.335546726,-0.520284782,-0.056359442,-0.077615053,-0.265542502,-0.15665209,-0.651542636,0.594989997,-0.812401815,-1.048103774,-0.861007189,-0.846698562
1,-1.527159008,-0.313691991,-0.245496075,-0.316833392,-0.335546726,-0.520284782,-0.952742947,-0.077615053,-0.265542502,-0.15665209,-0.551212794,0.597816054,-0.758804413,-1.410416609,-0.7996641,-1.091332922
0,-1.70784307,-0.313691991,-0.245496075,-0.316833392,-0.335546726,-0.520284782,-0.056359442,-0.077615053,-0.265542502,-0.15665209,-0.585858271,0.605163803,-0.619451169,-1.156797625,-0.308919388,0.131838877
0,-1.888527133,-0.313691991,-0.245496075,-0.316833392,-0.335546726,-0.520284782,-0.952742947,-0.077615053,-0.265542502,-0.15665209,-0.619775019,0.605729015,-0.608731688,-1.265491475,-1.045036456,-0.846698562
1,-1.70784307,-0.313691991,-0.245496075,-0.316833392,-0.335546726,-0.520284782,-1.849126453,-0.077615053,-0.265542502,-0.15665209,-0.522952955,0.618163667,-0.37290312,-0.649559657,0.243168413,0.376473236
1,-1.527159008,-0.313691991,-0.245496075,-0.316833392,-0.335546726,-0.520284782,-0.952742947,-0.077615053,-0.265542502,-0.15665209,-0.428156509,0.626076628,-0.222830396,-0.613328373,-0.247576299,-0.112795483
0,-1.70784307,-0.313691991,-0.245496075,-0.316833392,-0.335546726,-0.520284782,-0.056359442,-0.077615053,-0.265542502,-0.15665209,-0.462641418,0.6345548,-0.06203819,-0.106090405,-0.18623321,0.131838877
1,-1.527159008,-0.313691991,-0.245496075,-0.316833392,-0.335546726,-0.520284782,-0.952742947,-0.077615053,-0.265542502,-0.15665209,-0.370389345,0.635685223,-0.040599229,-0.830716074,-0.983693367,-1.091332922
0,-1.70784307,-0.313691991,-0.245496075,-0.316833392,-0.335546726,-0.520284782,-0.056359442,-0.077615053,-0.265542502,-0.15665209,-0.404763093,0.635685223,-0.040599229,-1.337954042,-1.106379545,-0.846698562
1,-1.527159008,-0.313691991,-0.245496075,-0.316833392,-0.335546726,-0.520284782,-0.952742947,-0.077615053,3.765875487,-0.15665209,-0.314931881,0.647554664,0.184509858,-1.120566341,0.181825324,0.376473236
0,-1.70784307,-0.313691991,-0.245496075,-0.316833392,-0.335546726,-0.520284782,-0.056359442,-0.077615053,-0.265542502,-0.15665209,-0.349169763,0.67694566,0.741922836,0.690997831,2.083461082,2.578182474
0,-1.888527133,-0.313691991,-0.245496075,-0.316833392,-0.335546726,-0.520284782,-0.952742947,-0.077615053,-0.265542502,-0.15665209,-0.382740674,0.68429341,0.881276081,1.162004516,-0.308919388,-0.357429843
0,-1.70784307,-0.313691991,-0.245496075,-0.316833392,-0.335546726,-0.520284782,-0.056359442,-0.077615053,3.765875487,-0.15665209,-0.382740674,0.705206234,-0.812401815,1.741705051,1.163314747,1.599645035
1,-1.527159008,-0.313691991,1.362262532,-0.316833392,-0.335546726,-0.520284782,0.840024064,-0.077615053,-0.265542502,-0.15665209,-0.382740674,0.710293137,-0.715926492,0.183759863,-0.554291744,-0.846698562
0,-1.70784307,-0.313691991,1.362262532,-0.316833392,-0.335546726,-0.520284782,1.736407569,-0.077615053,-0.265542502,-0.15665209,-0.382740674,0.729510328,-0.35146416,0.944616815,0.97928548,1.355010675
0,-1.888527133,-0.313691991,1.362262532,-0.316833392,-0.335546726,-0.520284782,0.840024064,-0.077615053,-0.265542502,-0.15665209,-0.382740674,0.740249346,-0.147794033,0.292453713,0.059139146,0.376473236
1,-1.70784307,-0.313691991,2.970021138,-0.316833392,-0.335546726,-0.520284782,-0.056359442,-0.077615053,-0.265542502,-0.15665209,-0.382740674,0.743640615,-0.083477151,0.183759863,-0.738321011,-0.357429843
0,-1.888527133,-0.313691991,2.970021138,-0.316833392,-0.335546726,-0.520284782,0.840024064,-0.077615053,-0.265542502,-0.15665209,-0.382740674,0.754944844,0.130912456,-0.323478106,0.120482235,0.376473236
1,-1.70784307,-0.313691991,4.577779744,-0.316833392,-0.335546726,-0.520284782,-0.056359442,-0.077615053,-0.265542502,-0.15665209,-0.382740674,0.770205554,0.420338426,-0.033627838,0.549883857,0.131838877
1,-1.527159008,-0.313691991,6.18553835,-0.316833392,-0.335546726,-0.520284782,0.840024064,-0.077615053,3.765875487,-0.15665209,-0.382740674,0.788292321,0.763361797,0.908385532,0.856599302,1.110376315
0,-1.70784307,-0.313691991,-0.245496075,-0.316833392,-0.335546726,0.047607758,-0.056359442,-0.077615053,-0.265542502,-0.15665209,-0.415656964,0.804683454,-0.812401815,1.234467083,0.672570035,0.131838877
1,-1.527159008,-0.313691991,-0.245496075,-0.316833392,-0.335546726,0.047607758,-0.952742947,-0.077615053,-0.265542502,6.383572667,-0.329185314,0.818248529,-0.555134286,1.125773232,0.365854591,0.376473236
0,-1.70784307,-0.313691991,-0.245496075,-0.316833392,-0.335546726,0.047607758,-0.056359442,-0.077615053,-0.265542502,-0.15665209,-0.361990442,0.825031067,-0.426500522,0.401147563,-0.370262477,-0.357429843
1,-1.527159008,-0.313691991,-0.245496075,-0.316833392,-0.335546726,0.047607758,-0.952742947,-0.077615053,-0.265542502,-0.15665209,-0.27764322,0.828422336,-0.36218364,-0.432171956,-0.738321011,-0.602064203
1,-1.346474945,-0.313691991,-0.245496075,-0.316833392,-0.335546726,0.047607758,-0.056359442,-0.077615053,-0.265542502,-0.15665209,-0.194876968,0.847639526,0.002278692,-0.069859121,0.97928548,0.376473236
0,-1.527159008,-0.313691991,-0.245496075,-0.316833392,-0.335546726,0.047607758,0.840024064,-0.077615053,-0.265542502,-0.15665209,-0.228015582,0.856117698,0.163070897,0.038834729,-0.18623321,-0.357429843
1,-1.346474945,-0.313691991,-0.245496075,-0.316833392,-0.335546726,0.047607758,-0.056359442,-0.077615053,-0.265542502,-0.15665209,-0.147225543,0.859508967,0.227387779,0.038834729,-0.738321011,-0.602064203
0,-1.527159008,-0.313691991,-0.245496075,-0.316833392,-0.335546726,0.047607758,0.840024064,-0.077615053,-0.265542502,-0.15665209,-0.180191238,0.871943619,0.463216347,-0.395940672,0.243168413,-0.357429843
1,-1.346474945,-0.313691991,-0.245496075,-0.316833392,-0.335546726,0.047607758,-0.056359442,-0.077615053,-0.265542502,-0.15665209,-0.101290952,0.882682637,0.666886474,-0.251015539,0.059139146,-0.112795483
1,-1.165790883,-0.313691991,-0.245496075,-0.316833392,-0.335546726,0.047607758,0.840024064,-0.077615053,-0.265542502,-0.15665209,-0.023798717,0.90303025,1.052787767,0.835922965,1.101971658,0.865741956
0,-0.98510682,-0.313691991,-0.245496075,-0.316833392,-0.335546726,0.615500298,-0.056359442,-0.077615053,-0.265542502,-0.15665209,-0.023798717,0.908117154,-0.812401815,0.36491628,-0.554291744,-0.357429843
0,-1.165790883,-0.313691991,-0.245496075,-0.316833392,-0.335546726,0.615500298,0.840024064,-0.077615053,-0.265542502,-0.15665209,-0.023798717,0.920551806,-0.576573247,0.47361013,0.243168413,0.865741956
1,-0.98510682,-0.313691991,-0.245496075,0.039470827,-0.335546726,0.615500298,-0.056359442,-0.077615053,3.765875487,-0.15665209,-0.023798717,0.925638709,-0.480097924,-0.504634523,-0.554291744,-0.357429843
1,-0.804422757,-0.313691991,-0.245496075,0.395775045,-0.335546726,0.615500298,0.840024064,-0.077615053,-0.265542502,-0.15665209,-0.023798717,0.95276886,0.034437133,0.908385532,1.838088726,1.599645035
0,-0.98510682,-0.313691991,-0.245496075,0.395775045,-0.335546726,0.615500298,1.736407569,-0.077615053,-0.265542502,-0.15665209,-0.023798717,0.964638301,0.25954622,0.872154248,0.181825324,0.376473236
1,-0.804422757,-0.313691991,-0.245496075,0.752079263,-0.335546726,0.615500298,0.840024064,-0.077615053,-0.265542502,-0.15665209,-0.023798717,0.967464358,0.313143622,0.727229114,-0.7996641,-0.846698562
0,-0.98510682,-0.313691991,-0.245496075,-0.316833392,-0.335546726,1.183392838,-0.056359442,-0.077615053,-0.265542502,-0.15665209,-0.056974385,0.978768588,-0.812401815,-0.287246822,0.120482235,-0.357429843
1,-0.804422757,-0.313691991,-0.245496075,-0.316833392,-0.335546726,1.183392838,-0.952742947,-0.077615053,3.765875487,-0.15665209,0.018776312,0.988942395,-0.619451169,-0.395940672,-0.002203943,0.376473236
0,-0.98510682,-0.313691991,-0.245496075,-0.316833392,-0.335546726,1.183392838,-0.056359442,-0.077615053,-0.265542502,-0.15665209,-0.014201735,0.99120324,-0.576573247,-0.432171956,-0.861007189,-0.846698562
0,-1.165790883,-0.313691991,-0.245496075,-0.316833392,-0.335546726,1.183392838,-0.952742947,-0.077615053,-0.265542502,-0.15665209,-0.046611621,1.005333527,-0.308586238,-0.251015539,0.427197679,0.621107596
0,-1.346474945,-0.313691991,-0.245496075,-0.316833392,-0.335546726,1.183392838,-1.849126453,-0.077615053,-0.265542502,-0.15665209,-0.078465697,1.005333527,-0.308586238,-0.903178641,-1.106379545,-0.846698562
0,-1.165790883,-0.313691991,-0.245496075,-0.316833392,-0.335546726,1.183392838,-0.056359442,-0.077615053,-0.265542502,-0.15665209,-0.078465697,1.011550854,-0.812401815,-0.649559657,-0.431605566,-0.357429843
1,-0.98510682,-0.313691991,-0.245496075,-0.316833392,0.742074491,1.183392838,0.840024064,-0.077615053,-0.265542502,-0.15665209,-0.078465697,1.031898467,-0.426500522,-0.251015539,1.101971658,1.110376315
1,-0.804422757,-0.313691991,-0.245496075,-0.316833392,1.819695709,1.183392838,1.736407569,-0.077615053,3.765875487,-0.15665209,-0.078465697,1.03698537,-0.330025199,0.075066012,-0.554291744,-0.357429843
1,-0.623738695,-0.313691991,-0.245496075,-0.316833392,2.897316926,1.183392838,2.632791074,-0.077615053,-0.265542502,-0.15665209,-0.078465697,1.039246216,-0.287147278,-0.178552972,-0.861007189,-0.846698562
0,-0.443054632,-0.313691991,-0.245496075,-0.316833392,-0.335546726,1.751285378,-0.056359442,-0.077615053,-0.265542502,6.383572667,-0.109776315,1.059028617,-0.812401815,-0.214784255,1.040628569,-0.112795483
1,-0.26237057,-0.313691991,-0.245496075,-0.316833392,-0.335546726,1.751285378,0.840024064,-0.077615053,-0.265542502,-0.15665209,-0.036767612,1.059028617,-0.812401815,-0.540865806,-1.106379545,-1.091332922
1,-0.081686507,-0.313691991,-0.245496075,-0.316833392,-0.335546726,1.751285378,1.736407569,-0.077615053,-0.265542502,-0.15665209,0.035018309,1.066376367,-0.67304857,-0.214784255,-0.308919388,-0.602064203
0,-0.26237057,-0.313691991,-0.245496075,-0.316833392,-0.335546726,1.751285378,2.632791074,-0.077615053,-0.265542502,-0.15665209,0.003547124,1.070332847,-0.598012208,-1.229260192,-0.676977922,-0.846698562
1,-0.081686507,-0.313691991,-0.245496075,-0.316833392,-0.335546726,1.751285378,1.736407569,-0.077615053,-0.265542502,-0.15665209,0.073826183,1.072593693,-0.555134286,-1.084335058,-0.861007189,-1.091332922
0,0.098997555,-0.313691991,-0.245496075,-0.316833392,-0.335546726,-1.088177322,-0.056359442,-0.077615053,-0.265542502,-0.15665209,0.073826183,1.081071865,-0.812401815,-1.011872491,-0.18623321,0.131838877
1,0.279681618,0.777694727,-0.245496075,-0.316833392,-0.335546726,-1.088177322,0.840024064,-0.077615053,-0.265542502,-0.15665209,0.073826183,1.093506517,-0.576573247,-0.468403239,0.243168413,0.621107596
0,0.098997555,0.777694727,-0.245496075,-0.316833392,-0.335546726,-1.088177322,1.736407569,-0.077615053,-0.265542502,-0.15665209,0.073826183,1.095767363,-0.533695326,-0.468403239,-0.861007189,-0.602064203
0,-0.081686507,0.777694727,-0.245496075,-0.316833392,-0.335546726,-1.088177322,0.840024064,-0.077615053,-0.265542502,-0.15665209,0.073826183,1.105375958,-0.35146416,-0.395940672,-0.063547032,0.376473236
0,-0.26237057,0.777694727,-0.245496075,-0.316833392,-0.335546726,-1.088177322,-0.056359442,-0.077615053,-0.265542502,-0.15665209,0.073826183,1.112158496,-0.222830396,-0.758253507,-0.370262477,-0.112795483
1,-0.081686507,1.869081445,-0.245496075,-0.316833392,-0.335546726,-1.088177322,-0.952742947,-0.077615053,-0.265542502,-0.15665209,0.073826183,1.115549765,-0.158513513,-0.68579094,-0.738321011,-0.846698562
1,0.098997555,2.960468163,-0.245496075,-0.316833392,-0.335546726,-1.088177322,-0.056359442,-0.077615053,-0.265542502,-0.15665209,0.073826183,1.117810611,-0.115635592,-1.156797625,-0.861007189,-0.846698562
0,-0.081686507,2.960468163,-0.245496075,-0.316833392,-0.335546726,-1.088177322,0.840024064,-0.077615053,-0.265542502,-0.15665209,0.073826183,1.147201607,0.441777386,0.292453713,2.083461082,2.333548114
1,0.098997555,4.051854881,-0.245496075,-0.316833392,-0.335546726,-1.088177322,-0.056359442,-0.077615053,-0.265542502,-0.15665209,0.073826183,1.147766819,0.452496867,0.111297296,-1.045036456,-0.846698562
1,0.279681618,5.143241599,-0.245496075,-0.316833392,-0.335546726,-1.088177322,0.840024064,-0.077615053,-0.265542502,-0.15665209,0.073826183,1.153984145,0.570411151,0.36491628,-0.431605566,-0.357429843
0,0.46036568,-0.313691991,-0.245496075,-0.316833392,-0.335546726,-0.520284782,-0.056359442,-0.077615053,-0.265542502,-0.15665209,0.042552619,1.181679507,-0.812401815,0.25622243,1.899431815,0.865741956
0,0.279681618,-0.313691991,-0.245496075,-0.316833392,-0.335546726,-0.520284782,0.840024064,-0.077615053,-0.265542502,-0.15665209,0.01178546,1.205983601,-0.35146416,1.777936334,1.531373281,0.131838877
1,0.46036568,-0.313691991,-0.245496075,-0.316833392,-0.335546726,-0.520284782,-0.056359442,-0.077615053,-0.265542502,-0.15665209,0.08031063,1.210505293,-0.265708317,1.669242484,-0.615634833,-0.602064203
0,0.279681618,-0.313691991,-0.245496075,-0.316833392,-0.335546726,-0.520284782,0.840024064,-0.077615053,-0.265542502,-0.15665209,0.049728741,1.221244311,-0.06203819,0.582303981,0.059139146,-0.357429843
1,0.46036568,-0.313691991,-0.245496075,-0.316833392,-0.335546726,-0.520284782,-0.056359442,-0.077615053,-0.265542502,-0.15665209,0.116882914,1.229157271,0.088034535,-0.468403239,-0.247576299,-0.112795483
0,0.279681618,-0.313691991,-0.245496075,-0.316833392,-0.335546726,-0.520284782,0.840024064,-0.077615053,-0.265542502,-0.15665209,0.086486295,1.265896017,0.784800758,1.596779917,2.880921238,3.067451193
0,0.098997555,-0.313691991,-0.245496075,-0.316833392,-0.335546726,-0.520284782,-0.056359442,-0.077615053,-0.265542502,-0.15665209,0.056571377,1.271548132,0.891995561,1.270698366,-0.492948655,-0.357429843
0,-0.081686507,-0.313691991,-0.245496075,-0.316833392,-0.335546726,-0.520284782,-0.952742947,-0.077615053,-0.265542502,-0.15665209,0.027101107,1.28624363,1.170702051,1.705473767,0.488540768,0.621107596
0,-0.26237057,-0.313691991,-0.245496075,-0.316833392,-0.335546726,-0.520284782,-0.056359442,-0.077615053,-0.265542502,-0.15665209,0.027101107,1.30150434,-0.812401815,0.328684997,0.549883857,0.865741956
1,-0.081686507,-0.313691991,1.362262532,-0.316833392,-0.335546726,-0.520284782,-0.952742947,-0.077615053,-0.265542502,-0.15665209,0.027101107,1.307156455,-0.705207011,0.328684997,-0.492948655,-0.357429843
0,-0.26237057,-0.313691991,1.362262532,-0.316833392,-0.335546726,-0.520284782,-0.056359442,-0.077615053,-0.265542502,-0.15665209,0.027101107,1.319025896,-0.480097924,0.147528579,0.181825324,0.865741956
1,-0.081686507,-0.313691991,2.970021138,-0.316833392,-0.335546726,-0.520284782,-0.952742947,-0.077615053,-0.265542502,-0.15665209,0.027101107,1.324112799,-0.383622601,-0.504634523,-0.554291744,-0.357429843
0,-0.26237057,-0.313691991,2.970021138,-0.316833392,-0.335546726,-0.520284782,-0.056359442,-0.077615053,-0.265542502,-0.15665209,0.027101107,1.326938856,-0.330025199,-0.68579094,-0.7996641,-0.602064203
0,-0.443054632,-0.313691991,2.970021138,-0.316833392,-0.335546726,-0.520284782,-0.952742947,-0.077615053,-0.265542502,-0.15665209,0.027101107,1.352373373,0.152351417,0.183759863,1.654059459,2.333548114
0,-0.623738695,-0.313691991,-0.245496075,-0.316833392,-0.335546726,-0.520284782,-0.056359442,-0.077615053,-0.265542502,-0.15665209,-0.001899812,1.35519943,-0.812401815,0.038834729,-0.7996641,-0.846698562
0,-0.804422757,-0.313691991,-0.245496075,-0.316833392,-0.335546726,-0.520284782,-0.952742947,-0.077615053,-0.265542502,-0.15665209,-0.030480786,1.358025488,-0.758804413,0.038834729,-0.7996641,-0.846698562
0,-0.98510682,-0.313691991,-0.245496075,-0.316833392,-0.335546726,-0.520284782,-1.849126453,-0.077615053,-0.265542502,-0.15665209,-0.058617112,1.363677602,-0.65160961,-1.229260192,-0.492948655,-0.846698562
0,-1.165790883,-0.313691991,-0.245496075,-0.316833392,-0.335546726,-0.520284782,-2.745509958,-0.077615053,-0.265542502,-0.15665209,-0.086345845,1.363677602,-0.65160961,-1.410416609,-1.106379545,-0.846698562
0,-0.98510682,-0.313691991,-0.245496075,-0.316833392,-0.335546726,-0.520284782,-0.056359442,-0.077615053,-0.265542502,-0.15665209,-0.086345845,1.365373237,-0.812401815,-1.482879176,-0.922350278,-0.846698562
1,-0.804422757,-0.313691991,-0.245496075,0.039470827,-0.335546726,-0.520284782,0.840024064,-0.077615053,-0.265542502,-0.15665209,-0.086345845,1.368199294,-0.758804413,-1.664035593,-0.7996641,-0.846698562
1,-0.623738695,-0.313691991,-0.245496075,0.395775045,-0.335546726,-0.520284782,1.736407569,-0.077615053,-0.265542502,-0.15665209,-0.086345845,1.369329717,-0.737365453,-1.591573026,-0.983693367,-0.846698562
0,-0.804422757,-0.313691991,-0.245496075,0.395775045,-0.335546726,-0.520284782,2.632791074,-0.077615053,-0.265542502,-0.15665209,-0.086345845,1.373851409,-0.65160961,-1.410416609,-0.615634833,-0.602064203
1,-0.623738695,-0.313691991,-0.245496075,0.752079263,-0.335546726,-0.520284782,1.736407569,-0.077615053,-0.265542502,-0.15665209,-0.086345845,1.379503524,-0.544414806,-1.229260192,-0.492948655,-0.357429843
0,-0.443054632,-0.313691991,-0.245496075,-0.316833392,-0.335546726,0.047607758,-0.056359442,-0.077615053,-0.265542502,-0.15665209,-0.113654632,1.390242542,-0.812401815,-0.613328373,0.059139146,-0.112795483
0,-0.623738695,-0.313691991,-0.245496075,-0.316833392,-0.335546726,0.047607758,0.840024064,-0.077615053,-0.265542502,-0.15665209,-0.140555825,1.397025079,-0.683768051,-0.468403239,-0.370262477,-0.357429843
1,-0.443054632,-0.313691991,-0.245496075,-0.316833392,-0.335546726,0.047607758,-0.056359442,-0.077615053,-0.265542502,-0.15665209,-0.076921781,1.409459732,-0.447939483,-0.033627838,0.243168413,-0.602064203
0,-0.623738695,-0.313691991,-0.245496075,-0.316833392,-0.335546726,0.047607758,0.840024064,-0.077615053,-0.265542502,-0.15665209,-0.103711812,1.412851001,-0.383622601,-0.504634523,-0.738321011,-0.846698562
0,-0.804422757,-0.313691991,-0.245496075,-0.316833392,-0.335546726,0.047607758,-0.056359442,-0.077615053,-0.265542502,-0.15665209,-0.130106601,1.42019875,-0.244269356,-0.468403239,-0.308919388,-0.357429843
0,-0.98510682,-0.313691991,-0.245496075,-0.316833392,-0.335546726,0.047607758,-0.952742947,-0.077615053,-0.265542502,-0.15665209,-0.15613085,1.42019875,-0.244269356,-1.265491475,-1.106379545,-0.846698562
0,-0.804422757,-0.313691991,-0.245496075,-0.316833392,-0.335546726,0.047607758,-0.056359442,-0.077615053,-0.265542502,-0.15665209,-0.15613085,1.421329173,-0.812401815,-1.410416609,-0.983693367,-0.846698562
0,-0.98510682,-0.313691991,-0.245496075,-0.316833392,-0.335546726,0.047607758,0.840024064,-0.077615053,-0.265542502,-0.15665209,-0.15613085,1.426416076,-0.715926492,-1.555341743,-0.554291744,-0.112795483
1,-0.804422757,-0.313691991,-0.245496075,-0.316833392,0.742074491,0.047607758,-0.056359442,-0.077615053,-0.265542502,-0.15665209,-0.15613085,1.446198478,-0.340744679,-0.287246822,1.040628569,1.110376315
0,-0.98510682,-0.313691991,-0.245496075,-0.316833392,0.742074491,0.047607758,0.840024064,-0.077615053,-0.265542502,-0.15665209,-0.15613085,1.451285381,-0.244269356,-0.033627838,-0.554291744,-0.112795483
1,-0.804422757,-0.313691991,-0.245496075,-0.316833392,1.819695709,0.047607758,-0.056359442,-0.077615053,-0.265542502,6.383572667,-0.15613085,1.455241861,-0.169232994,-0.106090405,-0.676977922,-0.357429843
1,-0.623738695,-0.313691991,-0.245496075,-0.316833392,2.897316926,0.047607758,0.840024064,-0.077615053,-0.265542502,-0.15665209,-0.15613085,1.46258961,-0.029879749,-0.903178641,-0.308919388,-0.357429843
0,-0.443054632,-0.313691991,-0.245496075,-0.316833392,-0.335546726,0.615500298,-0.056359442,-0.077615053,-0.265542502,-0.15665209,-0.18178456,1.491415396,-0.812401815,0.618535264,2.022117993,-0.112795483
0,-0.623738695,-0.313691991,-0.245496075,-0.316833392,-0.335546726,0.615500298,0.840024064,-0.077615053,-0.265542502,-0.15665209,-0.20708008,1.494241453,-0.758804413,0.546072697,-0.7996641,-0.846698562
0,-0.804422757,-0.313691991,-0.245496075,-0.316833392,-0.335546726,0.615500298,-0.056359442,-0.077615053,-0.265542502,-0.15665209,-0.232017413,1.503284837,-0.587292728,0.654766548,-0.124890121,0.131838877
0,-0.98510682,-0.313691991,-0.245496075,-0.316833392,-0.335546726,0.615500298,-0.952742947,-0.077615053,-0.265542502,-0.15665209,-0.256608908,1.510632586,-0.447939483,-0.722022223,-0.308919388,-0.357429843
0,-1.165790883,-0.313691991,-0.245496075,-0.316833392,-0.335546726,0.615500298,-1.849126453,-0.077615053,-0.265542502,-0.15665209,-0.280854565,1.514589066,-0.37290312,-0.649559657,-0.676977922,-0.846698562
0,-0.98510682,-0.313691991,-0.245496075,-0.316833392,-0.335546726,0.615500298,-0.056359442,-0.077615053,3.765875487,-0.15665209,-0.280854565,1.522502027,-0.812401815,-0.722022223,-0.247576299,0.131838877
1,-0.804422757,-0.313691991,-0.245496075,-0.316833392,0.742074491,0.615500298,0.840024064,-0.077615053,-0.265542502,-0.15665209,-0.280854565,1.528719353,-0.694487531,-0.79448479,-0.431605566,-0.846698562
1,-0.623738695,-0.313691991,-0.245496075,-0.316833392,1.819695709,0.615500298,1.736407569,-0.077615053,-0.265542502,-0.15665209,-0.280854565,1.532675833,-0.619451169,-0.79448479,-0.676977922,-0.846698562
0,-0.804422757,-0.313691991,-0.245496075,-0.316833392,1.819695709,0.615500298,2.632791074,-0.077615053,-0.265542502,-0.15665209,-0.280854565,1.536067102,-0.555134286,-1.084335058,-0.738321011,-0.602064203
1,-0.623738695,-0.313691991,-0.245496075,-0.316833392,2.897316926,0.615500298,1.736407569,-0.077615053,-0.265542502,-0.15665209,-0.280854565,1.537762736,-0.522975845,-1.374185325,-0.922350278,-0.846698562
0,-0.443054632,-0.313691991,-0.245496075,-0.316833392,-0.335546726,1.183392838,-0.056359442,-0.077615053,-0.265542502,-0.15665209,-0.304779089,1.543414851,-0.812401815,-1.265491475,-0.492948655,-0.602064203
0,-0.623738695,-0.313691991,-0.245496075,-0.316833392,-0.335546726,1.183392838,0.840024064,-0.077615053,-0.265542502,-0.15665209,-0.328370126,1.571675425,-0.276427797,0.328684997,1.960774904,1.599645035
0,-0.804422757,-0.313691991,-0.245496075,-0.316833392,-0.335546726,1.183392838,-0.056359442,-0.077615053,-0.265542502,-0.15665209,-0.35165238,1.586936135,0.012998172,1.198235799,0.549883857,0.131838877
1,-0.623738695,-0.313691991,-0.245496075,-0.316833392,-0.335546726,1.183392838,-0.952742947,-0.077615053,3.765875487,-0.15665209,-0.291723734,1.597109941,0.205948819,1.488086067,-0.002203943,-0.112795483
0,-0.804422757,-0.313691991,-0.245496075,-0.316833392,-0.335546726,1.183392838,-0.056359442,-0.077615053,-0.265542502,-0.15665209,-0.314931881,1.602762056,0.313143622,0.038834729,-0.492948655,-0.846698562
0,-0.98510682,-0.313691991,-0.245496075,-0.316833392,-0.335546726,1.183392838,-0.952742947,-0.077615053,-0.265542502,-0.15665209,-0.337831244,1.616892343,0.581130631,-0.033627838,0.427197679,-0.357429843
