isWon,        total_diff,        break_pos1,        break_pos2,        break_pos3,        break_pos4,        win_in_set,        cur_diff,         ace,        utc_fore,        utc_back,        break_racial,        dis_total,        dis_lstgame,        dis_lst3pts,        dis_lstpt,        rallycnt,        double_fault,        unf_err
0,1.2955414853865734,-0.24270463942969261,-0.22272471621398107,-0.2582755225478712,-0.29709391508940314,-1.2034991164502618,0.12935842095105549,-0.1686298281958028,-0.3186264939385831,-0.1370377419655063,-4.953529620421092,-1.682705861412415,-0.8042889027180358,-1.4479839116272457,-0.530832582468957,-0.781244916515584,-0.4423121322763594,-1.695248444997371
1,1.4334867760288141,-0.24270463942969261,-0.22272471621398107,-0.2582755225478712,-0.29709391508940314,-1.2034991164502618,-0.6726637889454885,-0.1686298281958028,3.1384709652950433,-0.1370377419655063,5.482402662298104,-1.6698639084965803,-0.6123311930426966,-0.9865852202570368,-0.19236832077719304,-0.10221896103942214,-0.4423121322763594,-1.695248444997371
0,1.2955414853865734,-0.24270463942969261,-0.22272471621398107,-0.2582755225478712,-0.29709391508940314,-1.2034991164502618,0.12935842095105549,-0.1686298281958028,-0.3186264939385831,-0.1370377419655063,2.0037516107701836,-1.6698639084965803,-0.6123311930426966,-0.9865852202570368,-0.9821182647246425,-0.781244916515584,-0.4423121322763594,-1.695248444997371
1,1.4334867760288141,-0.24270463942969261,-0.22272471621398107,-0.2582755225478712,-0.29709391508940314,-1.2034991164502618,-0.6726637889454885,-0.1686298281958028,-0.3186264939385831,-0.1370377419655063,5.482402662298104,-1.6386763085581244,-0.14614818383115855,-0.12970193628379154,0.9358458848620205,0.35046500927801916,-0.4423121322763594,-1.695248444997371
0,1.2955414853865734,-0.24270463942969261,-0.22272471621398107,-0.2582755225478712,-0.29709391508940314,-1.2034991164502618,0.12935842095105549,-0.1686298281958028,-0.3186264939385831,-0.1370377419655063,3.395216205754265,-1.6359244615047313,-0.10501438890072871,-0.4922294795032415,-0.8128861338787605,-0.781244916515584,-0.4423121322763594,-1.695248444997371
0,1.157596194744333,-0.24270463942969261,-0.22272471621398107,-0.2582755225478712,-0.29709391508940314,-1.2034991164502618,-0.6726637889454885,-0.1686298281958028,-0.3186264939385831,-0.1370377419655063,2.0037516107701836,-1.5689628498721644,0.8959079544063969,1.9136351254985626,3.1358635858584867,3.2929108163413874,-0.4423121322763594,-1.695248444997371
0,1.2955414853865734,-0.24270463942969261,-0.22272471621398107,-0.2582755225478712,-0.29709391508940314,-1.2034991164502618,0.12935842095105549,-0.1686298281958028,-0.3186264939385831,-0.1370377419655063,2.0037516107701836,-1.5662110028187712,-0.8042889027180358,0.8919665946073855,-0.8128861338787605,-0.781244916515584,-0.4423121322763594,-1.695248444997371
0,1.157596194744333,-0.24270463942969261,-0.22272471621398107,-0.2582755225478712,-0.29709391508940314,-1.2034991164502618,0.9313806308475996,-0.1686298281958028,-0.3186264939385831,-0.1370377419655063,2.0037516107701836,-1.5313542734757912,-0.28326083359925797,2.045463323032908,1.1614887259898632,1.708516920230343,-0.4423121322763594,-1.1994682393849323
0,1.0196509041020922,-0.24270463942969261,-0.22272471621398107,-0.2582755225478712,-0.29709391508940314,-1.2034991164502618,0.12935842095105549,-0.1686298281958028,-0.3186264939385831,-0.1370377419655063,2.0037516107701836,-1.5029185205907285,0.14178838068185023,0.6612672489222811,0.7666137540161385,1.2558329499129017,-0.4423121322763594,-1.1994682393849323
1,1.157596194744333,1.782945620425819,-0.22272471621398107,-0.2582755225478712,-0.29709391508940314,-1.2034991164502618,-0.6726637889454885,-0.1686298281958028,3.1384709652950433,-0.1370377419655063,2.0037516107701836,-1.4653099441943553,0.7039502447310578,1.9136351254985626,1.3307208568357451,1.4821749350716225,-0.4423121322763594,-1.1994682393849323
1,1.2955414853865734,3.808595880281331,-0.22272471621398107,-0.2582755225478712,-0.29709391508940314,-1.2034991164502618,0.12935842095105549,5.930148958219065,-0.3186264939385831,-0.1370377419655063,2.0037516107701836,-1.4643926618432244,0.7176615097078678,0.6942242983058674,-0.9257075544426818,-0.781244916515584,-0.4423121322763594,-1.1994682393849323
1,1.4334867760288141,5.834246140136842,-0.22272471621398107,-0.2582755225478712,-0.29709391508940314,-1.2034991164502618,0.9313806308475996,-0.1686298281958028,-0.3186264939385831,-0.1370377419655063,2.0037516107701836,-1.459806250087569,0.7862178345919175,-0.16265898566737788,-0.7000647133148391,-0.781244916515584,-0.4423121322763594,-1.1994682393849323
0,1.2955414853865734,-0.24270463942969261,-0.22272471621398107,-0.2582755225478712,-0.29709391508940314,-0.501457965187609,0.12935842095105549,-0.1686298281958028,-0.3186264939385831,-0.1370377419655063,1.0098542920285734,-1.4350396266070307,-0.8042889027180358,-0.6240576770375869,0.5409709128882958,0.12412302411929851,-0.4423121322763594,-1.1994682393849323
1,1.4334867760288141,-0.24270463942969261,-0.22272471621398107,-0.2582755225478712,-0.29709391508940314,-0.501457965187609,-0.6726637889454885,-0.1686298281958028,-0.3186264939385831,-0.1370377419655063,2.873419591618305,-1.4267840854468512,-0.6808875179267463,-0.36040128196889604,-0.47442187218699644,-1.0075869016743046,-0.4423121322763594,-1.1994682393849323
0,1.2955414853865734,-0.24270463942969261,-0.22272471621398107,-0.2582755225478712,-0.29709391508940314,-0.501457965187609,0.12935842095105549,-0.1686298281958028,-0.3186264939385831,-0.1370377419655063,2.0037516107701836,-1.42586680309572,-0.6671762529499363,-0.4922294795032415,-0.9257075544426818,-0.781244916515584,-0.4423121322763594,-1.1994682393849323
0,1.157596194744333,-0.24270463942969261,-0.22272471621398107,-0.2582755225478712,-0.29709391508940314,-0.501457965187609,-0.6726637889454885,-0.1686298281958028,-0.3186264939385831,-0.1370377419655063,1.3080297492104256,-1.4212803913400647,-0.5986199280658866,-1.2172845659421412,-0.7000647133148391,-0.781244916515584,-0.4423121322763594,-1.1994682393849323
0,1.0196509041020922,-0.24270463942969261,-0.22272471621398107,-0.2582755225478712,-0.29709391508940314,-0.501457965187609,-1.4746859988420324,-0.1686298281958028,-0.3186264939385831,-0.1370377419655063,0.7387913869172245,-1.372664426730119,0.1280771157050403,0.2328256069356584,2.007649380219273,1.9348589053890637,-0.4423121322763594,-1.1994682393849323
0,1.157596194744333,-0.24270463942969261,-0.22272471621398107,-0.2582755225478712,-0.29709391508940314,-0.501457965187609,0.12935842095105549,-0.1686298281958028,3.1384709652950433,-0.1370377419655063,0.7387913869172245,-1.3543187797074978,-0.8042889027180358,0.8590095452237991,0.14609594091457104,0.5768069944367398,-0.4423121322763594,-1.1994682393849323
1,1.2955414853865734,-0.24270463942969261,2.0787640179971567,-0.2582755225478712,-0.29709391508940314,-0.501457965187609,0.9313806308475996,-0.1686298281958028,3.1384709652950433,-0.1370377419655063,0.7387913869172245,-1.3506496503029737,-0.749443842810796,0.8260524958402128,-0.7564754235967998,-0.3285609461981428,-0.4423121322763594,-1.1994682393849323
1,1.4334867760288141,-0.24270463942969261,4.380252752208295,-0.2582755225478712,-0.29709391508940314,-0.501457965187609,1.7334028407441433,-0.1686298281958028,-0.3186264939385831,-0.1370377419655063,0.7387913869172245,-1.3414768267916632,-0.6123311930426966,-0.5911006276540005,-0.41801116190503573,-0.3285609461981428,-0.4423121322763594,-1.1994682393849323
0,1.2955414853865734,-0.24270463942969261,4.380252752208295,-0.2582755225478712,-0.29709391508940314,-0.501457965187609,2.5354250506406872,-0.1686298281958028,-0.3186264939385831,-0.1370377419655063,0.7387913869172245,-1.304785532746421,-0.06388059397029888,0.0680403600177266,1.2743101465537845,1.708516920230343,-0.4423121322763594,-1.1994682393849323
1,1.4334867760288141,-0.24270463942969261,6.681741486419433,-0.2582755225478712,-0.29709391508940314,-0.501457965187609,1.7334028407441433,-0.1686298281958028,-0.3186264939385831,-0.1370377419655063,0.7387913869172245,-1.2946954268839794,0.08694332077461046,0.2987397057028311,-0.3616004516230751,-0.781244916515584,-0.4423121322763594,-1.1994682393849323
0,1.5714320666710548,-0.24270463942969261,-0.22272471621398107,-0.2582755225478712,-0.29709391508940314,0.20058318607504372,0.12935842095105549,-0.1686298281958028,-0.3186264939385831,7.297259759663211,0.2644365209385062,-1.2827707563192758,-0.8042889027180358,0.3976108538535902,-0.24877903105915372,-0.10221896103942214,-0.4423121322763594,-1.1994682393849323
0,1.4334867760288141,-0.24270463942969261,-0.22272471621398107,-0.2582755225478712,-0.29709391508940314,0.20058318607504372,0.9313806308475996,-0.1686298281958028,-0.3186264939385831,-0.1370377419655063,-0.13695030651943943,-1.2745152151590962,-0.6808875179267463,-0.6240576770375869,-0.47442187218699644,-0.3285609461981428,-0.4423121322763594,-1.1994682393849323
0,1.2955414853865734,-0.24270463942969261,-0.22272471621398107,-0.2582755225478712,-0.29709391508940314,0.20058318607504372,0.12935842095105549,-0.1686298281958028,-0.3186264939385831,-0.1370377419655063,-0.4809812501515604,-1.2506658740296888,-0.32439462852968776,-0.12970193628379154,0.4845602026063351,0.12412302411929851,-0.4423121322763594,-1.1994682393849323
0,1.157596194744333,-0.24270463942969261,-0.22272471621398107,-0.2582755225478712,-0.29709391508940314,0.20058318607504372,-0.6726637889454885,-0.1686298281958028,-0.3186264939385831,-0.1370377419655063,-0.7791567073334131,-1.2469967446251646,-0.269549568622448,-0.4263153807360687,-0.7564754235967998,-0.781244916515584,-0.4423121322763594,-0.7036880337724937
0,1.0196509041020922,-0.24270463942969261,-0.22272471621398107,-0.2582755225478712,-0.29709391508940314,0.20058318607504372,-1.4746859988420324,-0.1686298281958028,-0.3186264939385831,-0.1370377419655063,-1.0400550144013931,-1.236906638762723,-0.11872565387753865,-0.36040128196889604,-0.3616004516230751,-0.3285609461981428,-0.4423121322763594,-0.20790782816005496
0,0.8817056134598515,-0.24270463942969261,-0.22272471621398107,-0.2582755225478712,-0.29709391508940314,0.20058318607504372,0.12935842095105549,-0.1686298281958028,-0.3186264939385831,-0.1370377419655063,-1.0400550144013931,-1.2314029446559367,-0.8042889027180358,-1.0195422696406231,-0.6436540030328785,-0.5549029313568634,-0.4423121322763594,0.2878723774523837
0,0.7437603228176108,-0.24270463942969261,-0.22272471621398107,-0.2582755225478712,-0.29709391508940314,0.20058318607504372,-0.6726637889454885,-0.1686298281958028,-0.3186264939385831,-0.1370377419655063,-1.0400550144013931,-1.1800351329925978,-0.036458064016679004,0.6942242983058674,2.1768815110651554,2.6138848608652254,-0.4423121322763594,0.2878723774523837
1,0.8817056134598515,-0.24270463942969261,-0.22272471621398107,0.7991921829783185,-0.29709391508940314,0.20058318607504372,-1.4746859988420324,-0.1686298281958028,-0.3186264939385831,-0.1370377419655063,-1.0400550144013931,-1.1754487212369424,0.032098260867370706,0.4964820020043492,-0.7000647133148391,-0.781244916515584,-0.4423121322763594,0.2878723774523837
0,0.7437603228176108,-0.24270463942969261,-0.22272471621398107,0.7991921829783185,-0.29709391508940314,0.20058318607504372,-0.6726637889454885,-0.1686298281958028,-0.3186264939385831,-0.1370377419655063,-1.0400550144013931,-1.1561857918631904,0.3200348253803795,0.9908377427581446,0.2025066511965317,0.35046500927801916,-0.4423121322763594,0.2878723774523837
1,0.8817056134598515,-0.24270463942969261,-0.22272471621398107,1.856659888504508,-0.29709391508940314,0.20058318607504372,-1.4746859988420324,-0.1686298281958028,-0.3186264939385831,-0.1370377419655063,-1.0400550144013931,-1.1525166624586662,0.37487988528761923,-0.7229288251883459,-0.7564754235967998,-0.781244916515584,-0.4423121322763594,0.2878723774523837
1,1.0196509041020922,-0.24270463942969261,-0.22272471621398107,2.9141275940306977,-0.29709391508940314,0.20058318607504372,-0.6726637889454885,-0.1686298281958028,-0.3186264939385831,-0.1370377419655063,-1.0400550144013931,-1.14701296835188,0.4571474751484789,-0.6899717758047595,-0.6436540030328785,-0.781244916515584,-0.4423121322763594,0.2878723774523837
0,0.8817056134598515,-0.24270463942969261,-0.22272471621398107,2.9141275940306977,-0.29709391508940314,0.20058318607504372,0.12935842095105549,-0.1686298281958028,-0.3186264939385831,-0.1370377419655063,-1.0400550144013931,-1.1415092742450936,0.5394150650093386,-1.184327516558555,-0.6436540030328785,-0.5549029313568634,-0.4423121322763594,0.7836525830648224
1,1.0196509041020922,-0.24270463942969261,-0.22272471621398107,3.971595299556887,-0.29709391508940314,0.20058318607504372,-0.6726637889454885,-0.1686298281958028,-0.3186264939385831,-0.1370377419655063,-1.0400550144013931,-1.1286673213292588,0.7313727746846778,-0.8547570227226914,-0.19236832077719304,-0.3285609461981428,-0.4423121322763594,0.7836525830648224
1,1.157596194744333,-0.24270463942969261,-0.22272471621398107,5.029063005083077,-0.29709391508940314,0.20058318607504372,0.12935842095105549,-0.1686298281958028,-0.3186264939385831,-0.1370377419655063,-1.0400550144013931,-1.1057352625509824,1.0741543991049263,-0.2285730844345506,0.4281494923243744,-0.3285609461981428,-0.4423121322763594,0.7836525830648224
0,1.0196509041020922,-0.24270463942969261,-0.22272471621398107,5.029063005083077,-0.29709391508940314,0.20058318607504372,0.9313806308475996,-0.1686298281958028,-0.3186264939385831,-0.1370377419655063,-1.0400550144013931,-1.0360218038650224,2.1162105373424818,2.0784203724164945,3.305095716704369,3.5192528015001083,-0.4423121322763594,0.7836525830648224
1,1.157596194744333,-0.24270463942969261,-0.22272471621398107,6.086530710609266,-0.29709391508940314,0.20058318607504372,0.12935842095105549,-0.1686298281958028,-0.3186264939385831,-0.1370377419655063,-1.0400550144013931,-1.0296008274071051,2.2121893921801514,1.84772102673139,-0.5872432927509178,-0.781244916515584,-0.4423121322763594,0.7836525830648224
1,1.2955414853865734,-0.24270463942969261,-0.22272471621398107,7.143998416135456,-0.29709391508940314,0.20058318607504372,0.9313806308475996,-0.1686298281958028,3.1384709652950433,-0.1370377419655063,-1.0400550144013931,-1.0222625685980566,2.3218795119946307,1.2874511872104217,-0.530832582468957,-0.3285609461981428,-0.4423121322763594,0.7836525830648224
0,1.157596194744333,-0.24270463942969261,-0.22272471621398107,-0.2582755225478712,-0.29709391508940314,0.9026243373376964,0.12935842095105549,-0.1686298281958028,-0.3186264939385831,-0.1370377419655063,-1.2702508086936135,-1.0103378980333528,-0.8042889027180358,-0.7888429239555187,-0.24877903105915372,-0.3285609461981428,-0.4423121322763594,0.7836525830648224
0,1.0196509041020922,-0.24270463942969261,-0.22272471621398107,-0.2582755225478712,-0.29709391508940314,0.9026243373376964,-0.6726637889454885,-0.1686298281958028,-0.3186264939385831,-0.1370377419655063,-1.474878568893171,-0.9993305098197802,-0.6397537229963164,-0.6240576770375869,-0.3051897413411144,-0.3285609461981428,-0.4423121322763594,0.7836525830648224
0,0.8817056134598515,-0.24270463942969261,-0.22272471621398107,-0.2582755225478712,-0.29709391508940314,0.9026243373376964,-1.4746859988420324,-0.1686298281958028,-0.3186264939385831,-0.1370377419655063,-1.6579665648611965,-0.9919922510107319,-0.5300636031818369,-0.6240576770375869,-0.530832582468957,-0.3285609461981428,-0.4423121322763594,0.7836525830648224
0,0.7437603228176108,-0.24270463942969261,-0.22272471621398107,-0.2582755225478712,-0.29709391508940314,0.9026243373376964,-2.276708208738577,-0.1686298281958028,-0.3186264939385831,-0.1370377419655063,-1.822749935605333,-0.9837367098505524,-0.40666221839054745,-0.7558858745719323,-0.47442187218699644,-0.3285609461981428,-0.4423121322763594,0.7836525830648224
0,0.8817056134598515,-0.24270463942969261,-0.22272471621398107,-0.2582755225478712,-0.29709391508940314,0.9026243373376964,0.12935842095105549,-0.1686298281958028,-0.3186264939385831,-0.1370377419655063,-1.822749935605333,-0.9819021451482902,-0.8042889027180358,-1.0854563684077958,-0.8692968441607212,-0.781244916515584,-0.4423121322763594,0.7836525830648224
1,1.0196509041020922,-0.24270463942969261,-0.22272471621398107,-0.2582755225478712,1.1681192570560621,0.9026243373376964,0.9313806308475996,-0.1686298281958028,-0.3186264939385831,-0.1370377419655063,-1.822749935605333,-0.9791502980948971,-0.7631551077876059,-1.2502416153257276,-0.8128861338787605,-0.781244916515584,-0.4423121322763594,0.7836525830648224
1,1.157596194744333,-0.24270463942969261,-0.22272471621398107,-0.2582755225478712,2.6333324292015274,0.9026243373376964,1.7334028407441433,-0.1686298281958028,3.1384709652950433,-0.1370377419655063,-1.822749935605333,-0.9736466039881108,-0.6808875179267463,-1.3491127634764868,-0.6436540030328785,-0.3285609461981428,-0.4423121322763594,0.7836525830648224
0,1.0196509041020922,-0.24270463942969261,-0.22272471621398107,-0.2582755225478712,2.6333324292015274,0.9026243373376964,2.5354250506406872,-0.1686298281958028,-0.3186264939385831,-0.1370377419655063,-1.822749935605333,-0.9699774745835865,-0.6260424580195065,-1.283198664709314,-0.7564754235967998,-0.5549029313568634,-0.4423121322763594,0.7836525830648224
1,1.157596194744333,-0.24270463942969261,-0.22272471621398107,-0.2582755225478712,4.098545601346993,0.9026243373376964,1.7334028407441433,-0.1686298281958028,3.1384709652950433,-0.1370377419655063,-1.822749935605333,-0.9626392157745381,-0.516352338205027,-1.1184134177913823,-0.530832582468957,-0.3285609461981428,-0.4423121322763594,0.7836525830648224
0,1.2955414853865734,-0.24270463942969261,-0.22272471621398107,-0.2582755225478712,-0.29709391508940314,1.604665488600349,0.12935842095105549,-0.1686298281958028,-0.3186264939385831,-0.1370377419655063,-1.971837664196259,-0.9534663922632276,-0.8042889027180358,-0.9865852202570368,-0.41801116190503573,-0.5549029313568634,-0.4423121322763594,0.7836525830648224
0,1.157596194744333,-0.24270463942969261,-0.22272471621398107,-0.2582755225478712,-0.29709391508940314,1.604665488600349,0.9313806308475996,-0.1686298281958028,-0.3186264939385831,-0.1370377419655063,-2.1073586808196505,-0.9452108511030481,-0.6808875179267463,-0.821799973339105,-0.47442187218699644,-0.3285609461981428,-0.4423121322763594,0.7836525830648224
1,1.2955414853865734,-0.24270463942969261,-0.22272471621398107,-0.2582755225478712,-0.29709391508940314,1.604665488600349,0.12935842095105549,-0.1686298281958028,-0.3186264939385831,-0.1370377419655063,-1.3236410382520043,-0.9332861805383444,-0.502641073228217,-0.6570147264211732,-0.24877903105915372,-0.5549029313568634,-0.4423121322763594,0.7836525830648224
0,1.157596194744333,-0.24270463942969261,-0.22272471621398107,-0.2582755225478712,-0.29709391508940314,1.604665488600349,0.9313806308475996,-0.1686298281958028,-0.3186264939385831,-0.1370377419655063,-1.474878568893171,-0.9241133570270339,-0.3655284234601176,-0.6570147264211732,-0.41801116190503573,-0.781244916515584,-0.4423121322763594,0.7836525830648224
0,1.0196509041020922,-0.24270463942969261,-0.22272471621398107,-0.2582755225478712,-0.29709391508940314,1.604665488600349,0.12935842095105549,-0.1686298281958028,-0.3186264939385831,-0.1370377419655063,-1.6140312899509488,-0.8993467335464954,0.00467573091375082,-0.06378783751661882,0.5409709128882958,0.5768069944367398,-0.4423121322763594,0.7836525830648224
1,1.157596194744333,-0.24270463942969261,-0.22272471621398107,-0.2582755225478712,-0.29709391508940314,1.604665488600349,-0.6726637889454885,-0.1686298281958028,-0.3186264939385831,-0.1370377419655063,-0.9397030895707653,-0.8681591336080396,0.47085874012528883,0.6283101995386947,0.9358458848620205,0.8031489795954605,-0.4423121322763594,0.7836525830648224
1,1.2955414853865734,-0.24270463942969261,-0.22272471621398107,-0.2582755225478712,-0.29709391508940314,1.604665488600349,0.12935842095105549,-0.1686298281958028,-0.3186264939385831,-0.1370377419655063,-0.31534213296024133,-0.8608208747989912,0.5805488599397683,0.5623961007715219,-0.530832582468957,-0.5549029313568634,-0.4423121322763594,0.7836525830648224
1,1.4334867760288141,-0.24270463942969261,-0.22272471621398107,-0.2582755225478712,-0.29709391508940314,1.604665488600349,0.9313806308475996,-0.1686298281958028,3.1384709652950433,-0.1370377419655063,0.2644365209385062,-0.840640663074108,0.882196689429587,0.3976108538535902,0.25891736147849237,0.35046500927801916,-0.4423121322763594,0.7836525830648224
0,1.5714320666710548,-0.24270463942969261,-0.22272471621398107,-0.2582755225478712,-0.29709391508940314,2.306706639863002,0.12935842095105549,-0.1686298281958028,-0.3186264939385831,-0.1370377419655063,0.2644365209385062,-0.840640663074108,-0.8042889027180358,-0.7229288251883459,-0.9821182647246425,-0.781244916515584,-0.4423121322763594,0.7836525830648224
0,1.4334867760288141,-0.24270463942969261,-0.22272471621398107,-0.2582755225478712,-0.29709391508940314,2.306706639863002,0.9313806308475996,-0.1686298281958028,-0.3186264939385831,-0.1370377419655063,0.2644365209385062,-0.8287159925094043,-0.6260424580195065,-0.5581435782704142,-0.24877903105915372,-0.10221896103942214,-0.4423121322763594,0.7836525830648224
1,1.5714320666710548,-0.24270463942969261,-0.22272471621398107,-0.2582755225478712,1.1681192570560621,2.306706639863002,0.12935842095105549,-0.1686298281958028,-0.3186264939385831,-0.1370377419655063,0.2644365209385062,-0.823212298402618,-0.5437748681586468,-1.0854563684077958,-0.6436540030328785,-0.781244916515584,-0.4423121322763594,0.7836525830648224
0,1.4334867760288141,-0.24270463942969261,-0.22272471621398107,-0.2582755225478712,1.1681192570560621,2.306706639863002,0.9313806308475996,-0.1686298281958028,-0.3186264939385831,-0.1370377419655063,0.2644365209385062,-0.7947765455175554,-0.11872565387753865,-0.06378783751661882,0.7666137540161385,1.2558329499129017,-0.4423121322763594,1.2794327886772612
1,1.5714320666710548,-0.24270463942969261,-0.22272471621398107,-0.2582755225478712,2.6333324292015274,2.306706639863002,0.12935842095105549,-0.1686298281958028,-0.3186264939385831,-0.1370377419655063,0.2644365209385062,-0.7846864396551138,0.032098260867370706,-0.12970193628379154,-0.3616004516230751,-0.3285609461981428,-0.4423121322763594,1.2794327886772612
1,1.7093773573132955,-0.24270463942969261,-0.22272471621398107,-0.2582755225478712,4.098545601346993,2.306706639863002,0.9313806308475996,-0.1686298281958028,-0.3186264939385831,-0.1370377419655063,0.2644365209385062,-0.7828518749528517,0.059520790820990585,-0.26153013381813695,-0.8692968441607212,-0.781244916515584,-0.4423121322763594,1.2794327886772612
0,1.5714320666710548,-0.24270463942969261,-0.22272471621398107,-0.2582755225478712,-0.29709391508940314,-1.2034991164502618,0.12935842095105549,-0.1686298281958028,-0.3186264939385831,-0.1370377419655063,0.08450017651986208,-0.7635889455790995,-0.8042889027180358,-0.5911006276540005,0.2025066511965317,0.12412302411929851,-0.4423121322763594,-1.695248444997371
0,1.4334867760288141,-0.24270463942969261,-0.22272471621398107,-0.2582755225478712,-0.29709391508940314,-1.2034991164502618,-0.6726637889454885,-0.1686298281958028,-0.3186264939385831,-0.1370377419655063,-0.08343484577365516,-0.7562506867700511,-0.6945987829035563,-0.6899717758047595,-0.530832582468957,-0.3285609461981428,-0.4423121322763594,-1.695248444997371
0,1.2955414853865734,-0.24270463942969261,-0.22272471621398107,-0.2582755225478712,-0.29709391508940314,-1.2034991164502618,-1.4746859988420324,-0.1686298281958028,-0.3186264939385831,-0.1370377419655063,-0.24053737035771006,-0.73790503974743,-0.42037348336735736,-0.09674488690020518,0.14609594091457104,-0.3285609461981428,-0.4423121322763594,-1.695248444997371
0,1.157596194744333,-0.24270463942969261,-0.22272471621398107,-0.2582755225478712,-0.29709391508940314,-1.2034991164502618,-2.276708208738577,-0.1686298281958028,-0.3186264939385831,-0.1370377419655063,-0.3878092467314435,-0.7324013456406437,-0.3381058935064977,-0.5911006276540005,-0.6436540030328785,-0.781244916515584,-0.4423121322763594,-1.695248444997371
0,1.0196509041020922,-0.24270463942969261,-0.22272471621398107,-0.2582755225478712,-0.29709391508940314,-1.2034991164502618,0.12935842095105549,-0.1686298281958028,-0.3186264939385831,-0.1370377419655063,-0.3878092467314435,-0.6700261457637321,-0.8042889027180358,1.3863223353611809,2.853810034448683,2.6138848608652254,-0.4423121322763594,-1.695248444997371
0,0.8817056134598515,-0.24270463942969261,-0.22272471621398107,-0.2582755225478712,-0.29709391508940314,-1.2034991164502618,-0.6726637889454885,-0.1686298281958028,-0.3186264939385831,-0.1370377419655063,-0.3878092467314435,-0.6654397340080769,-0.735732577833986,0.8919665946073855,-0.7000647133148391,-1.0075869016743046,0.9288554777803549,-1.1994682393849323
1,1.0196509041020922,1.782945620425819,-0.22272471621398107,-0.2582755225478712,-0.29709391508940314,-1.2034991164502618,-1.4746859988420324,-0.1686298281958028,-0.3186264939385831,-0.1370377419655063,-0.3878092467314435,-0.6590187575501595,-0.6397537229963164,0.9249236439909719,-0.5872432927509178,-0.781244916515584,0.9288554777803549,-1.1994682393849323
0,0.8817056134598515,1.782945620425819,-0.22272471621398107,-0.2582755225478712,-0.29709391508940314,-1.2034991164502618,-0.6726637889454885,-0.1686298281958028,-0.3186264939385831,-0.1370377419655063,-0.3878092467314435,-0.6562669104967663,-0.5986199280658866,-1.2172845659421412,-0.8128861338787605,-1.0075869016743046,2.300023087837069,-0.7036880337724937
1,1.0196509041020922,3.808595880281331,-0.22272471621398107,-0.2582755225478712,-0.29709391508940314,-1.2034991164502618,-1.4746859988420324,-0.1686298281958028,3.1384709652950433,-0.1370377419655063,-0.3878092467314435,-0.65076321638998,-0.516352338205027,-1.184327516558555,-0.6436540030328785,-0.3285609461981428,2.300023087837069,-0.7036880337724937
0,0.8817056134598515,3.808595880281331,-0.22272471621398107,-0.2582755225478712,-0.29709391508940314,-1.2034991164502618,-0.6726637889454885,-0.1686298281958028,-0.3186264939385831,-0.1370377419655063,-0.3878092467314435,-0.581967040055151,0.5119925350557186,1.0567518415253172,3.248685006422408,3.066568831182667,2.300023087837069,-0.7036880337724937
0,1.0196509041020922,-0.24270463942969261,-0.22272471621398107,-0.2582755225478712,-0.29709391508940314,-1.2034991164502618,0.12935842095105549,-0.1686298281958028,-0.3186264939385831,-0.1370377419655063,-0.5261688369357345,-0.5746287812461026,-0.8042889027180358,1.221537088443249,-0.530832582468957,-0.5549029313568634,2.300023087837069,-0.7036880337724937
0,0.8817056134598515,-0.24270463942969261,-0.22272471621398107,-0.2582755225478712,-0.29709391508940314,-1.2034991164502618,0.9313806308475996,-0.1686298281958028,-0.3186264939385831,-0.1370377419655063,-0.6563883999595045,-0.5305992283918121,-0.14614818383115855,2.605733162553876,1.72559582880947,1.9348589053890637,2.300023087837069,-0.7036880337724937
1,1.0196509041020922,-0.24270463942969261,-0.22272471621398107,-0.2582755225478712,-0.29709391508940314,-1.2034991164502618,0.12935842095105549,-0.1686298281958028,3.1384709652950433,-0.1370377419655063,-0.18282666483427312,-0.5241782519338947,-0.05016932899348894,0.36465380447000384,-0.5872432927509178,-0.5549029313568634,2.300023087837069,-0.7036880337724937
0,0.8817056134598515,-0.24270463942969261,-0.22272471621398107,-0.2582755225478712,-0.29709391508940314,-1.2034991164502618,0.9313806308475996,-0.1686298281958028,-0.3186264939385831,-0.1370377419655063,-0.31534213296024133,-0.5049153225601425,0.23776723551951984,0.7930954464566264,0.2025066511965317,0.12412302411929851,2.300023087837069,-0.7036880337724937
1,1.0196509041020922,-0.24270463942969261,-0.22272471621398107,-0.2582755225478712,-0.29709391508940314,-1.2034991164502618,0.12935842095105549,-0.1686298281958028,3.1384709652950433,-0.1370377419655063,0.12340533206983875,-0.4819832637818662,0.5805488599397683,0.035083310634140254,0.4281494923243744,0.35046500927801916,2.300023087837069,-0.7036880337724937
0,0.8817056134598515,-0.24270463942969261,-0.22272471621398107,-0.2582755225478712,-0.29709391508940314,-1.2034991164502618,0.9313806308475996,-0.1686298281958028,-0.3186264939385831,-0.1370377419655063,-0.010195473013532179,-0.4764795696750799,0.662816449800628,0.002126261250553898,-0.6436540030328785,-0.781244916515584,2.300023087837069,-0.7036880337724937
1,1.0196509041020922,-0.24270463942969261,-0.22272471621398107,-0.2582755225478712,-0.29709391508940314,-1.2034991164502618,0.12935842095105549,-0.1686298281958028,-0.3186264939385831,-0.1370377419655063,0.3982251728029669,-0.47097587556829357,0.7450840396614876,-0.4922294795032415,-0.6436540030328785,-0.5549029313568634,2.300023087837069,-0.7036880337724937
0,0.8817056134598515,-0.24270463942969261,-0.22272471621398107,-0.2582755225478712,-0.29709391508940314,-1.2034991164502618,0.9313806308475996,-0.1686298281958028,-0.3186264939385831,-0.1370377419655063,0.2644365209385062,-0.4553820755990656,0.9781755442672566,-0.7558858745719323,-0.023136189931311005,0.12412302411929851,2.300023087837069,-0.20790782816005496
0,0.7437603228176108,-0.24270463942969261,-0.22272471621398107,-0.2582755225478712,-0.29709391508940314,-1.2034991164502618,0.12935842095105549,-0.1686298281958028,-0.3186264939385831,-0.1370377419655063,0.13715989081846308,-0.43520186387418247,1.2798233737570752,-0.2285730844345506,0.25891736147849237,0.12412302411929851,2.300023087837069,0.2878723774523837
0,0.6058150321753702,-0.24270463942969261,-0.22272471621398107,-0.2582755225478712,-0.29709391508940314,-1.2034991164502618,-0.6726637889454885,-0.1686298281958028,-0.3186264939385831,-0.1370377419655063,0.01595697328696221,-0.4251117580117409,1.4306472885019847,-0.06378783751661882,-0.3616004516230751,-0.3285609461981428,2.300023087837069,0.2878723774523837
0,0.46786974153312955,-0.24270463942969261,-0.22272471621398107,-0.2582755225478712,-0.29709391508940314,-1.2034991164502618,0.12935842095105549,-0.1686298281958028,-0.3186264939385831,-0.1370377419655063,0.01595697328696221,-0.41043524039364404,-0.8042889027180358,-0.09674488690020518,-0.07954690021327168,0.35046500927801916,2.300023087837069,0.2878723774523837
0,0.3299244508908889,-0.24270463942969261,-0.22272471621398107,-0.2582755225478712,-0.29709391508940314,-1.2034991164502618,-0.6726637889454885,-0.1686298281958028,-0.3186264939385831,-0.1370377419655063,0.01595697328696221,-0.39392415807328507,-0.5574861331354568,-0.2285730844345506,0.03327452035064967,0.35046500927801916,2.300023087837069,0.2878723774523837
0,0.19197916024864822,-0.24270463942969261,-0.22272471621398107,-0.2582755225478712,-0.29709391508940314,-1.2034991164502618,-1.4746859988420324,-0.1686298281958028,-0.3186264939385831,-0.1370377419655063,0.01595697328696221,-0.3856686169131056,-0.4340847483441673,-0.2944871832017233,-0.47442187218699644,-0.5549029313568634,2.300023087837069,0.7836525830648224
0,0.05403386960640757,-0.24270463942969261,-0.22272471621398107,-0.2582755225478712,-0.29709391508940314,-1.2034991164502618,-2.276708208738577,-0.1686298281958028,-0.3186264939385831,-0.1370377419655063,0.01595697328696221,-0.38108220515745034,-0.3655284234601176,-0.6570147264211732,-0.7000647133148391,-0.5549029313568634,2.300023087837069,0.7836525830648224
0,-0.0839114210358331,-0.24270463942969261,-0.22272471621398107,-0.2582755225478712,-0.29709391508940314,-1.2034991164502618,0.12935842095105549,-0.1686298281958028,-0.3186264939385831,-0.1370377419655063,-0.09961054081187046,-0.38108220515745034,-0.8042889027180358,-1.2502416153257276,-0.9821182647246425,-0.781244916515584,2.300023087837069,0.7836525830648224
0,-0.22185671167807375,-0.24270463942969261,-0.22272471621398107,-0.2582755225478712,-0.29709391508940314,-1.2034991164502618,-0.6726637889454885,-0.1686298281958028,-0.3186264939385831,-0.1370377419655063,-0.20991834504021203,-0.37649579340179506,-0.735732577833986,-1.382069812860073,-0.7000647133148391,-0.781244916515584,2.300023087837069,0.7836525830648224
0,-0.3598020023203144,-0.24270463942969261,-0.22272471621398107,-0.2582755225478712,-0.29709391508940314,-1.2034991164502618,-1.4746859988420324,-0.1686298281958028,-0.3186264939385831,-0.1370377419655063,-0.31534213296024133,-0.3719093816461398,-0.6671762529499363,-1.382069812860073,-0.7000647133148391,-0.781244916515584,2.300023087837069,0.7836525830648224
0,-0.4977472929625551,-0.24270463942969261,-0.22272471621398107,-0.2582755225478712,-0.29709391508940314,-1.2034991164502618,-2.276708208738577,-0.1686298281958028,-0.3186264939385831,-0.1370377419655063,-0.41617411067587423,-0.36457112283709137,-0.5574861331354568,-1.1184134177913823,-0.530832582468957,-0.3285609461981428,2.300023087837069,1.2794327886772612
0,-0.3598020023203144,-0.24270463942969261,-0.22272471621398107,-0.2582755225478712,-0.29709391508940314,-1.2034991164502618,0.12935842095105549,-0.1686298281958028,3.1384709652950433,-0.1370377419655063,-0.41617411067587423,-0.358150146379174,-0.8042889027180358,-1.0524993190242096,-0.5872432927509178,-0.3285609461981428,2.300023087837069,1.2794327886772612
1,-0.22185671167807375,-0.24270463942969261,-0.22272471621398107,0.7991921829783185,-0.29709391508940314,-1.2034991164502618,0.9313806308475996,-0.1686298281958028,-0.3186264939385831,-0.1370377419655063,-0.41617411067587423,-0.358150146379174,-0.8042889027180358,-1.2172845659421412,-0.9821182647246425,-0.781244916515584,2.300023087837069,1.2794327886772612
0,-0.3598020023203144,-0.24270463942969261,-0.22272471621398107,0.7991921829783185,-0.29709391508940314,-1.2034991164502618,1.7334028407441433,-0.1686298281958028,-0.3186264939385831,-0.1370377419655063,-0.41617411067587423,-0.3480600405167324,-0.6534649879731264,-1.1184134177913823,-0.3616004516230751,-0.10221896103942214,2.300023087837069,1.2794327886772612
1,-0.22185671167807375,-0.24270463942969261,-0.22272471621398107,1.856659888504508,-0.29709391508940314,-1.2034991164502618,0.9313806308475996,-0.1686298281958028,-0.3186264939385831,-0.1370377419655063,-0.41617411067587423,-0.33521808760089766,-0.4615072782977872,-0.8877140721062777,-0.19236832077719304,0.12412302411929851,2.300023087837069,1.2794327886772612
1,-0.0839114210358331,-0.24270463942969261,-0.22272471621398107,2.9141275940306977,-0.29709391508940314,-1.2034991164502618,1.7334028407441433,-0.1686298281958028,-0.3186264939385831,-0.1370377419655063,-0.41617411067587423,-0.3306316758452424,-0.3929509534137375,-0.7229288251883459,-0.7000647133148391,-0.781244916515584,2.300023087837069,1.2794327886772612
0,-0.22185671167807375,-0.24270463942969261,-0.22272471621398107,-0.2582755225478712,-0.29709391508940314,-0.501457965187609,0.12935842095105549,-0.1686298281958028,-0.3186264939385831,-0.1370377419655063,-0.5127064842910266,-0.32237613468506293,-0.8042889027180358,-0.7888429239555187,-0.47442187218699644,-0.3285609461981428,2.300023087837069,1.2794327886772612
1,-0.0839114210358331,-0.24270463942969261,-0.22272471621398107,-0.2582755225478712,-0.29709391508940314,-0.501457965187609,-0.6726637889454885,-0.1686298281958028,-0.3186264939385831,-0.1370377419655063,-0.17038703355327156,-0.31595515822714554,-0.7083100478803661,-1.0195422696406231,-0.5872432927509178,-0.5549029313568634,2.300023087837069,1.2794327886772612
0,-0.22185671167807375,-0.24270463942969261,-0.22272471621398107,-0.2582755225478712,-0.29709391508940314,-0.501457965187609,0.12935842095105549,-0.1686298281958028,-0.3186264939385831,-0.1370377419655063,-0.2680047441258272,-0.31228602882262135,-0.6534649879731264,-1.0524993190242096,-0.7564754235967998,-0.781244916515584,2.300023087837069,1.2794327886772612
0,-0.3598020023203144,-0.24270463942969261,-0.22272471621398107,-0.2582755225478712,-0.29709391508940314,-0.501457965187609,-0.6726637889454885,-0.1686298281958028,-0.3186264939385831,-0.1370377419655063,-0.36171941602464547,-0.31136874647149027,-0.6397537229963164,-1.3161557140929003,-0.9257075544426818,-0.781244916515584,2.300023087837069,1.2794327886772612
1,-0.22185671167807375,-0.24270463942969261,-0.22272471621398107,-0.2582755225478712,-0.29709391508940314,-0.501457965187609,-1.4746859988420324,-0.1686298281958028,-0.3186264939385831,-0.1370377419655063,-0.04250511936083068,-0.29852679355565553,-0.44779601332097724,-1.0854563684077958,-0.19236832077719304,-0.5549029313568634,2.300023087837069,1.2794327886772612
1,-0.0839114210358331,-0.24270463942969261,-0.22272471621398107,-0.2582755225478712,-0.29709391508940314,-0.501457965187609,-0.6726637889454885,-0.1686298281958028,-0.3186264939385831,-0.1370377419655063,0.2644365209385062,-0.2911885347466071,-0.3381058935064977,-0.9536281708734504,-0.530832582468957,-0.5549029313568634,2.300023087837069,1.2794327886772612
0,-0.22185671167807375,-0.24270463942969261,-0.22272471621398107,-0.2582755225478712,-0.29709391508940314,-0.501457965187609,0.12935842095105549,-0.1686298281958028,-0.3186264939385831,-0.1370377419655063,0.16598393578333337,-0.2517453936479718,0.25147850049632975,0.43056790323717653,1.4435422773996667,1.4821749350716225,2.300023087837069,1.2794327886772612
0,-0.3598020023203144,-0.24270463942969261,-0.22272471621398107,-0.2582755225478712,-0.29709391508940314,-0.501457965187609,-0.6726637889454885,-0.1686298281958028,-0.3186264939385831,-0.1370377419655063,0.0711839269271124,-0.2462416995411855,0.33374609035718944,0.16691150816848568,-0.6436540030328785,-0.781244916515584,2.300023087837069,1.2794327886772612
0,-0.22185671167807375,-0.24270463942969261,-0.22272471621398107,-0.2582755225478712,-0.29709391508940314,-1.2034991164502618,0.12935842095105549,-0.1686298281958028,-0.3186264939385831,-0.1370377419655063,0.0711839269271124,-0.24257257013666128,-0.8042889027180358,0.035083310634140254,-0.7564754235967998,-0.781244916515584,-0.4423121322763594,-1.695248444997371
0,-0.3598020023203144,-0.24270463942969261,-0.22272471621398107,-0.2582755225478712,-0.29709391508940314,-1.2034991164502618,0.9313806308475996,-0.1686298281958028,-0.3186264939385831,-0.1370377419655063,0.0711839269271124,-0.21046768784707443,-0.32439462852968776,-0.2285730844345506,0.9922565951439811,1.2558329499129017,-0.4423121322763594,-1.695248444997371
1,-0.22185671167807375,1.782945620425819,-0.22272471621398107,-0.2582755225478712,-0.29709391508940314,-1.2034991164502618,0.12935842095105549,-0.1686298281958028,-0.3186264939385831,-0.1370377419655063,0.0711839269271124,-0.2067985584425502,-0.269549568622448,-0.2944871832017233,-0.7564754235967998,-0.781244916515584,-0.4423121322763594,-1.695248444997371
1,-0.0839114210358331,3.808595880281331,-0.22272471621398107,-0.2582755225478712,-0.29709391508940314,-1.2034991164502618,0.9313806308475996,5.930148958219065,-0.3186264939385831,-0.1370377419655063,0.0711839269271124,-0.2067985584425502,-0.269549568622448,-0.4263153807360687,-0.9821182647246425,-0.781244916515584,-0.4423121322763594,-1.695248444997371
0,-0.22185671167807375,3.808595880281331,-0.22272471621398107,-0.2582755225478712,-0.29709391508940314,-1.2034991164502618,1.7334028407441433,-0.1686298281958028,-0.3186264939385831,-0.1370377419655063,0.0711839269271124,-0.1875356290687981,0.01838699589056076,-0.8877140721062777,0.2025066511965317,0.35046500927801916,-0.4423121322763594,-1.1994682393849323
1,-0.0839114210358331,5.834246140136842,-0.22272471621398107,-0.2582755225478712,-0.29709391508940314,-1.2034991164502618,0.9313806308475996,5.930148958219065,-0.3186264939385831,-0.1370377419655063,0.0711839269271124,-0.1875356290687981,0.01838699589056076,-1.0195422696406231,-0.9821182647246425,-0.781244916515584,-0.4423121322763594,-1.1994682393849323
0,0.05403386960640757,-0.24270463942969261,-0.22272471621398107,-0.2582755225478712,-0.29709391508940314,-0.501457965187609,0.12935842095105549,-0.1686298281958028,3.1384709652950433,-0.1370377419655063,-0.02017222427581186,-0.15451346442808017,-0.8042889027180358,0.16691150816848568,1.0486673054259419,1.2558329499129017,-0.4423121322763594,-1.1994682393849323
1,0.19197916024864822,-0.24270463942969261,-0.22272471621398107,-0.2582755225478712,-0.29709391508940314,-0.501457965187609,0.9313806308475996,-0.1686298281958028,-0.3186264939385831,-0.1370377419655063,0.2644365209385062,-0.1416715115122454,-0.6123311930426966,-0.06378783751661882,-0.19236832077719304,-0.5549029313568634,-0.4423121322763594,-1.1994682393849323
0,0.05403386960640757,-0.24270463942969261,-0.22272471621398107,-0.2582755225478712,-0.29709391508940314,-0.501457965187609,1.7334028407441433,-0.1686298281958028,-0.3186264939385831,-0.1370377419655063,0.17289252295449342,-0.11598760568057592,-0.22841577369201818,0.8590095452237991,0.5973816231702564,0.12412302411929851,-0.4423121322763594,-0.7036880337724937
1,0.19197916024864822,-0.24270463942969261,-0.22272471621398107,-0.2582755225478712,-0.29709391508940314,-0.501457965187609,0.9313806308475996,-0.1686298281958028,-0.3186264939385831,-0.1370377419655063,0.44437286535715037,-0.07746174693307169,0.34745735533399935,1.0567518415253172,1.3871315671177058,0.8031489795954605,-0.4423121322763594,-0.7036880337724937
0,0.05403386960640757,-0.24270463942969261,-0.22272471621398107,-0.2582755225478712,-0.29709391508940314,-0.501457965187609,1.7334028407441433,-0.1686298281958028,-0.3186264939385831,-0.1370377419655063,0.3528706111022685,-0.06553707636836799,0.5257038000325286,1.023794792141731,-0.24877903105915372,-0.3285609461981428,-0.4423121322763594,-0.7036880337724937
0,-0.0839114210358331,-0.24270463942969261,-0.22272471621398107,-0.2582755225478712,-0.29709391508940314,-0.501457965187609,0.9313806308475996,-0.1686298281958028,-0.3186264939385831,-0.1370377419655063,0.2644365209385062,-0.05177784110140219,0.7313727746846778,0.5953531501551084,-0.13595761049523236,-0.3285609461981428,-0.4423121322763594,-0.7036880337724937
0,-0.22185671167807375,-0.24270463942969261,-0.22272471621398107,-0.2582755225478712,-0.29709391508940314,-0.501457965187609,0.12935842095105549,-0.1686298281958028,-0.3186264939385831,-0.1370377419655063,0.1789036199493399,-0.04627414699461587,0.8136403645455373,-0.5911006276540005,-0.6436540030328785,-0.781244916515584,-0.4423121322763594,-0.7036880337724937
0,-0.3598020023203144,-0.24270463942969261,-0.22272471621398107,-0.2582755225478712,-0.29709391508940314,-0.501457965187609,-0.6726637889454885,-0.1686298281958028,-0.3186264939385831,-0.1370377419655063,0.09610493321824584,-0.026093935269732697,1.115288194035356,-0.2944871832017233,0.25891736147849237,0.12412302411929851,-0.4423121322763594,-0.7036880337724937
0,-0.22185671167807375,-0.24270463942969261,-0.22272471621398107,-0.2582755225478712,-0.29709391508940314,-0.501457965187609,0.12935842095105549,-0.1686298281958028,-0.3186264939385831,-0.1370377419655063,0.09610493321824584,0.03995039401170314,-0.8042889027180358,1.584064631662699,3.079452875576526,2.8402268460239464,-0.4423121322763594,-0.7036880337724937
1,-0.0839114210358331,-0.24270463942969261,2.0787640179971567,-0.2582755225478712,-0.29709391508940314,-0.501457965187609,0.9313806308475996,-0.1686298281958028,-0.3186264939385831,-0.1370377419655063,0.09610493321824584,0.041784958713965245,-0.7768663727644158,1.4522364341283536,-0.8692968441607212,-0.781244916515584,-0.4423121322763594,-0.7036880337724937
1,0.05403386960640757,-0.24270463942969261,4.380252752208295,-0.2582755225478712,-0.29709391508940314,-0.501457965187609,1.7334028407441433,-0.1686298281958028,-0.3186264939385831,-0.1370377419655063,0.09610493321824584,0.056461476332062104,-0.5574861331354568,1.2544941378268355,-0.07954690021327168,-0.3285609461981428,-0.4423121322763594,-0.7036880337724937
1,0.19197916024864822,-0.24270463942969261,6.681741486419433,-0.2582755225478712,-0.29709391508940314,-0.501457965187609,2.5354250506406872,-0.1686298281958028,-0.3186264939385831,-0.1370377419655063,0.09610493321824584,0.060130605736586316,-0.502641073228217,-0.9865852202570368,-0.7564754235967998,-0.781244916515584,-0.4423121322763594,-0.7036880337724937
0,0.05403386960640757,-0.24270463942969261,-0.22272471621398107,-0.2582755225478712,-0.29709391508940314,0.20058318607504372,0.12935842095105549,-0.1686298281958028,-0.3186264939385831,-0.1370377419655063,0.01595697328696221,0.07297255865242105,-0.8042889027180358,-0.5911006276540005,-0.19236832077719304,-0.3285609461981428,-0.4423121322763594,-0.7036880337724937
0,-0.0839114210358331,-0.24270463942969261,-0.22272471621398107,-0.2582755225478712,-0.29709391508940314,0.20058318607504372,-0.6726637889454885,-0.1686298281958028,-0.3186264939385831,-0.1370377419655063,-0.06168636289646863,0.09590461743069739,-0.4615072782977872,-0.2944871832017233,0.4281494923243744,0.12412302411929851,-0.4423121322763594,-0.7036880337724937
0,-0.22185671167807375,-0.24270463942969261,-0.22272471621398107,-0.2582755225478712,-0.29709391508940314,0.20058318607504372,-1.4746859988420324,-0.1686298281958028,-0.3186264939385831,-0.1370377419655063,-0.13695030651943943,0.10599472329313898,-0.31068336355287784,-0.06378783751661882,-0.3616004516230751,-0.3285609461981428,-0.4423121322763594,-0.20790782816005496
0,-0.3598020023203144,-0.24270463942969261,-0.22272471621398107,-0.2582755225478712,-0.29709391508940314,0.20058318607504372,-2.276708208738577,-0.1686298281958028,-0.3186264939385831,-0.1370377419655063,-0.20991834504021203,0.11425026445331846,-0.18728197876158836,-0.2285730844345506,-0.47442187218699644,-0.3285609461981428,-0.4423121322763594,0.2878723774523837
0,-0.22185671167807375,-0.24270463942969261,-0.22272471621398107,-0.2582755225478712,-0.29709391508940314,0.20058318607504372,0.12935842095105549,5.930148958219065,-0.3186264939385831,-0.1370377419655063,-0.20991834504021203,0.11425026445331846,-0.8042889027180358,-1.0524993190242096,-0.9821182647246425,-0.781244916515584,-0.4423121322763594,0.2878723774523837
0,-0.3598020023203144,-0.24270463942969261,-0.22272471621398107,-0.2582755225478712,-0.29709391508940314,0.20058318607504372,0.9313806308475996,-0.1686298281958028,-0.3186264939385831,-0.1370377419655063,-0.20991834504021203,0.17662546433023008,0.1280771157050403,0.8260524958402128,2.853810034448683,3.066568831182667,-0.4423121322763594,0.2878723774523837
0,-0.4977472929625551,-0.24270463942969261,-0.22272471621398107,-0.2582755225478712,-0.29709391508940314,0.20058318607504372,0.12935842095105549,-0.1686298281958028,-0.3186264939385831,-0.1370377419655063,-0.20991834504021203,0.24083522890940381,1.0878656640817361,2.8364325082389805,2.9666314550126045,3.5192528015001083,-0.4423121322763594,0.2878723774523837
1,-0.3598020023203144,-0.24270463942969261,-0.22272471621398107,0.7991921829783185,-0.29709391508940314,0.20058318607504372,-0.6726637889454885,-0.1686298281958028,-0.3186264939385831,-0.1370377419655063,-0.20991834504021203,0.2600981582831559,1.3758022285947449,3.528530545294294,0.2025066511965317,0.12412302411929851,-0.4423121322763594,0.2878723774523837
0,-0.4977472929625551,-0.24270463942969261,-0.22272471621398107,0.7991921829783185,-0.29709391508940314,0.20058318607504372,0.12935842095105549,-0.1686298281958028,-0.3186264939385831,-0.1370377419655063,-0.20991834504021203,0.27936108765690804,1.6637387931077536,1.9795492242657353,0.2025066511965317,0.35046500927801916,-0.4423121322763594,0.2878723774523837
0,-0.6356925836047957,-0.24270463942969261,-0.22272471621398107,0.7991921829783185,-0.29709391508940314,0.20058318607504372,-0.6726637889454885,-0.1686298281958028,-0.3186264939385831,-0.1370377419655063,-0.20991834504021203,0.2848647817636944,1.7460063829686132,-0.12970193628379154,-0.6436540030328785,-0.5549029313568634,-0.4423121322763594,0.2878723774523837
0,-0.7736378742470365,-0.24270463942969261,-0.22272471621398107,-0.2582755225478712,-0.29709391508940314,0.20058318607504372,0.12935842095105549,-0.1686298281958028,-0.3186264939385831,-0.1370377419655063,-0.28071570964617915,0.2894511935193496,-0.8042889027180358,-0.6570147264211732,-0.7000647133148391,-0.781244916515584,-0.4423121322763594,0.2878723774523837
0,-0.911583164889277,-0.24270463942969261,-0.22272471621398107,-0.2582755225478712,-0.29709391508940314,0.20058318607504372,-0.6726637889454885,-0.1686298281958028,-0.3186264939385831,-0.1370377419655063,-0.3494467596601676,0.31696966405328125,-0.3929509534137375,-0.36040128196889604,0.7102030437341778,1.029490964754181,-0.4423121322763594,0.2878723774523837
1,-0.7736378742470365,-0.24270463942969261,-0.22272471621398107,-0.2582755225478712,-0.29709391508940314,0.20058318607504372,-1.4746859988420324,-0.1686298281958028,3.1384709652950433,-0.1370377419655063,-0.11367817752897552,0.33806715812929544,-0.07759185894710884,0.19986855755207203,0.3153280717604531,0.35046500927801916,-0.4423121322763594,0.2878723774523837
0,-0.911583164889277,-0.24270463942969261,-0.22272471621398107,-0.2582755225478712,-0.29709391508940314,0.20058318607504372,-0.6726637889454885,-0.1686298281958028,-0.3186264939385831,-0.1370377419655063,-0.18282666483427312,0.3527436757473923,0.14178838068185023,0.5623961007715219,-0.07954690021327168,0.12412302411929851,-0.4423121322763594,0.2878723774523837
1,-0.7736378742470365,-0.24270463942969261,-0.22272471621398107,-0.2582755225478712,-0.29709391508940314,0.20058318607504372,-1.4746859988420324,-0.1686298281958028,-0.3186264939385831,-0.1370377419655063,0.04396701553378073,0.36833747571662023,0.37487988528761923,0.1339544587848993,-0.023136189931311005,-0.10221896103942214,-0.4423121322763594,0.2878723774523837
0,-0.911583164889277,-0.24270463942969261,-0.22272471621398107,-0.2582755225478712,-0.29709391508940314,0.20058318607504372,-0.6726637889454885,-0.1686298281958028,-0.3186264939385831,-0.1370377419655063,-0.02545280601086784,0.416036157975435,1.0878656640817361,1.0897088909089037,1.9512386699373125,1.029490964754181,-0.4423121322763594,0.2878723774523837
0,-0.7736378742470365,-0.24270463942969261,-0.22272471621398107,-0.2582755225478712,-0.29709391508940314,0.20058318607504372,0.12935842095105549,-0.1686298281958028,-0.3186264939385831,-0.1370377419655063,-0.02545280601086784,0.44630647556275976,-0.8042889027180358,1.6499787304298716,0.8794351745800598,1.029490964754181,-0.4423121322763594,0.2878723774523837
0,-0.911583164889277,-0.24270463942969261,-0.22272471621398107,-0.2582755225478712,-0.29709391508940314,0.20058318607504372,0.9313806308475996,-0.1686298281958028,-0.3186264939385831,-0.1370377419655063,-0.02545280601086784,0.44997560496728395,-0.749443842810796,1.221537088443249,-0.7564754235967998,-0.5549029313568634,-0.4423121322763594,0.2878723774523837
0,-1.0495284555315176,-0.24270463942969261,-0.22272471621398107,-0.2582755225478712,-0.29709391508940314,0.20058318607504372,0.12935842095105549,-0.1686298281958028,-0.3186264939385831,-0.1370377419655063,-0.02545280601086784,0.4573138637763324,-0.6397537229963164,-0.2285730844345506,-0.530832582468957,-0.5549029313568634,-0.4423121322763594,0.7836525830648224
1,-0.911583164889277,-0.24270463942969261,-0.22272471621398107,-0.2582755225478712,1.1681192570560621,0.20058318607504372,-0.6726637889454885,-0.1686298281958028,-0.3186264939385831,-0.1370377419655063,-0.02545280601086784,0.4664866872876429,-0.502641073228217,-0.9865852202570368,-0.41801116190503573,-0.3285609461981428,-0.4423121322763594,0.7836525830648224
0,-1.0495284555315176,-0.24270463942969261,-0.22272471621398107,-0.2582755225478712,1.1681192570560621,0.20058318607504372,0.12935842095105549,-0.1686298281958028,-0.3186264939385831,-0.1370377419655063,-0.02545280601086784,0.48574961666139505,-0.21470450871520824,-0.4263153807360687,0.2025066511965317,0.8031489795954605,-0.4423121322763594,0.7836525830648224
1,-0.911583164889277,-0.24270463942969261,-0.22272471621398107,-0.2582755225478712,2.6333324292015274,0.20058318607504372,-0.6726637889454885,-0.1686298281958028,-0.3186264939385831,7.297259759663211,-0.02545280601086784,0.5435384047826514,0.6491051848238181,1.3863223353611809,2.5717564830388797,3.2929108163413874,-0.4423121322763594,0.7836525830648224
1,-0.7736378742470365,-0.24270463942969261,-0.22272471621398107,-0.2582755225478712,4.098545601346993,0.20058318607504372,0.12935842095105549,-0.1686298281958028,-0.3186264939385831,-0.1370377419655063,-0.02545280601086784,0.5527112282939619,0.7862178345919175,1.3863223353611809,-0.41801116190503573,-0.3285609461981428,-0.4423121322763594,0.7836525830648224
1,-0.6356925836047957,-0.24270463942969261,-0.22272471621398107,-0.2582755225478712,5.5637587734924585,0.20058318607504372,0.9313806308475996,-0.1686298281958028,-0.3186264939385831,-0.1370377419655063,-0.02545280601086784,0.571056875316583,1.0604431341281162,1.3533652859775944,0.14609594091457104,0.5768069944367398,-0.4423121322763594,0.7836525830648224
0,-0.4977472929625551,-0.24270463942969261,-0.22272471621398107,-0.2582755225478712,-0.29709391508940314,0.9026243373376964,0.12935842095105549,-0.1686298281958028,-0.3186264939385831,-0.1370377419655063,-0.09295241601549532,0.6068308870106941,-0.8042889027180358,0.5623961007715219,1.2178994362718238,1.2558329499129017,-0.4423121322763594,0.7836525830648224
0,-0.6356925836047957,-0.24270463942969261,-0.22272471621398107,-0.2582755225478712,-0.29709391508940314,0.9026243373376964,0.9313806308475996,-0.1686298281958028,-0.3186264939385831,-0.1370377419655063,-0.15863617380293016,0.6288456634378393,-0.4752185432745971,1.023794792141731,0.37173878204241373,0.12412302411929851,-0.4423121322763594,0.7836525830648224
0,-0.7736378742470365,-0.24270463942969261,-0.22272471621398107,-0.2582755225478712,-0.29709391508940314,0.9026243373376964,0.12935842095105549,-0.1686298281958028,-0.3186264939385831,-0.1370377419655063,-0.2225666949668676,0.6435221810559362,-0.2558383036456381,0.8919665946073855,-0.07954690021327168,-0.3285609461981428,-0.4423121322763594,0.7836525830648224
0,-0.911583164889277,-0.24270463942969261,-0.22272471621398107,-0.2582755225478712,-0.29709391508940314,0.9026243373376964,-0.6726637889454885,-0.1686298281958028,-0.3186264939385831,-0.1370377419655063,-0.2848274669655706,0.6471913104604604,-0.2009932437383983,-0.26153013381813695,-0.7564754235967998,-0.781244916515584,-0.4423121322763594,0.7836525830648224
0,-1.0495284555315176,-0.24270463942969261,-0.22272471621398107,-0.2582755225478712,-0.29709391508940314,0.9026243373376964,-1.4746859988420324,-0.1686298281958028,-0.3186264939385831,-0.1370377419655063,-0.3454602335281689,0.6508604398649847,-0.14614818383115855,-0.9206711214898641,-0.7564754235967998,-0.781244916515584,-0.4423121322763594,0.7836525830648224
0,-0.911583164889277,-0.24270463942969261,-0.22272471621398107,-0.2582755225478712,-0.29709391508940314,0.9026243373376964,0.12935842095105549,-0.1686298281958028,3.1384709652950433,-0.1370377419655063,-0.3454602335281689,0.656364133971771,-0.8042889027180358,-1.2502416153257276,-0.6436540030328785,-0.3285609461981428,-0.4423121322763594,0.7836525830648224
0,-1.0495284555315176,-0.24270463942969261,-0.22272471621398107,-0.2582755225478712,-0.29709391508940314,0.9026243373376964,0.9313806308475996,-0.1686298281958028,-0.3186264939385831,-0.1370377419655063,-0.3454602335281689,0.6618678280785573,-0.7220213128571761,-1.184327516558555,-0.6436540030328785,-0.5549029313568634,-0.4423121322763594,0.7836525830648224
1,-0.911583164889277,-0.24270463942969261,-0.22272471621398107,-0.2582755225478712,1.1681192570560621,0.9026243373376964,0.12935842095105549,-0.1686298281958028,-0.3186264939385831,-0.1370377419655063,-0.3454602335281689,0.6829653221545715,-0.40666221839054745,-0.5581435782704142,0.3153280717604531,0.12412302411929851,-0.4423121322763594,0.7836525830648224
1,-0.7736378742470365,-0.24270463942969261,-0.22272471621398107,-0.2582755225478712,2.6333324292015274,0.9026243373376964,0.9313806308475996,-0.1686298281958028,-0.3186264939385831,-0.1370377419655063,-0.3454602335281689,0.6829653221545715,-0.40666221839054745,-0.7558858745719323,-0.9821182647246425,-0.781244916515584,-0.4423121322763594,0.7836525830648224
1,-0.6356925836047957,-0.24270463942969261,-0.22272471621398107,-0.2582755225478712,4.098545601346993,0.9026243373376964,1.7334028407441433,-0.1686298281958028,-0.3186264939385831,-0.1370377419655063,-0.3454602335281689,0.6857171692079647,-0.3655284234601176,-0.8547570227226914,-0.8128861338787605,-0.781244916515584,-0.4423121322763594,0.7836525830648224
0,-0.7736378742470365,-0.24270463942969261,-0.22272471621398107,-0.2582755225478712,-0.29709391508940314,1.604665488600349,0.12935842095105549,-0.1686298281958028,-0.3186264939385831,-0.1370377419655063,-0.40452761024835954,0.692138145665882,-0.8042889027180358,-1.382069812860073,-0.5872432927509178,-0.3285609461981428,-0.4423121322763594,0.7836525830648224
1,-0.6356925836047957,-0.24270463942969261,-0.22272471621398107,-0.2582755225478712,-0.29709391508940314,1.604665488600349,-0.6726637889454885,-0.1686298281958028,-0.3186264939385831,-0.1370377419655063,-0.19791702291508512,0.7196566161998137,-0.3929509534137375,-0.3933583313524824,0.7102030437341778,0.8031489795954605,-0.4423121322763594,0.7836525830648224
0,-0.7736378742470365,-0.24270463942969261,-0.22272471621398107,-0.2582755225478712,-0.29709391508940314,1.604665488600349,0.12935842095105549,-0.1686298281958028,-0.3186264939385831,-0.1370377419655063,-0.25736009319745345,0.7251603103066,-0.31068336355287784,-0.2944871832017233,-0.6436540030328785,-0.781244916515584,-0.4423121322763594,0.7836525830648224
0,-0.911583164889277,-0.24270463942969261,-0.22272471621398107,-0.2582755225478712,-0.29709391508940314,1.604665488600349,-0.6726637889454885,-0.1686298281958028,-0.3186264939385831,-0.1370377419655063,-0.31534213296024133,0.7297467220622552,-0.24212703866882812,-0.36040128196889604,-0.7000647133148391,-0.781244916515584,-0.4423121322763594,0.7836525830648224
1,-0.7736378742470365,-0.24270463942969261,-0.22272471621398107,-0.2582755225478712,-0.29709391508940314,1.604665488600349,-1.4746859988420324,-0.1686298281958028,-0.3186264939385831,7.297259759663211,-0.11737249755705834,0.7792799690233321,0.4982812700789087,0.43056790323717653,2.0640600905012336,2.6138848608652254,-0.4423121322763594,0.7836525830648224
1,-0.6356925836047957,-0.24270463942969261,-0.22272471621398107,-0.2582755225478712,-0.29709391508940314,1.604665488600349,-0.6726637889454885,-0.1686298281958028,-0.3186264939385831,-0.1370377419655063,0.07583835272520517,0.7866182278323806,0.6079713898933883,0.4964820020043492,-0.530832582468957,-0.5549029313568634,-0.4423121322763594,0.7836525830648224
1,-0.4977472929625551,-0.24270463942969261,-0.22272471621398107,-0.2582755225478712,-0.29709391508940314,1.604665488600349,0.12935842095105549,-0.1686298281958028,-0.3186264939385831,-0.1370377419655063,0.2644365209385062,0.8223922395264917,1.1427107239889758,1.6170216810462854,1.2178994362718238,1.2558329499129017,-0.4423121322763594,0.7836525830648224
0,-0.6356925836047957,-0.24270463942969261,-0.22272471621398107,-0.2582755225478712,-0.29709391508940314,1.604665488600349,0.9313806308475996,-0.1686298281958028,-0.3186264939385831,-0.1370377419655063,0.20305236725155193,0.8306477806866711,1.2661121087802654,0.1339544587848993,-0.47442187218699644,-0.3285609461981428,-0.4423121322763594,0.7836525830648224
0,-0.7736378742470365,-0.24270463942969261,-0.22272471621398107,-0.2582755225478712,-0.29709391508940314,1.604665488600349,0.12935842095105549,-0.1686298281958028,-0.3186264939385831,-0.1370377419655063,0.14308750035504714,0.8425724512513748,1.4443585534787946,0.2987397057028311,-0.24877903105915372,-0.3285609461981428,-0.4423121322763594,0.7836525830648224
1,-0.6356925836047957,-0.24270463942969261,-0.22272471621398107,-0.2582755225478712,-0.29709391508940314,1.604665488600349,-0.6726637889454885,-0.1686298281958028,-0.3186264939385831,-0.1370377419655063,0.3244222596995759,0.8838501570522722,2.061365477435242,0.4964820020043492,1.556363697963588,1.708516920230343,-0.4423121322763594,0.7836525830648224
1,-0.4977472929625551,-0.24270463942969261,-0.22272471621398107,-0.2582755225478712,-0.29709391508940314,1.604665488600349,0.12935842095105549,-0.1686298281958028,-0.3186264939385831,7.297259759663211,0.5016243898601478,0.9187068863952522,2.5823935465540195,1.4522364341283536,1.1614887259898632,0.8031489795954605,-0.4423121322763594,0.7836525830648224
0,-0.6356925836047957,-0.24270463942969261,-0.22272471621398107,-0.2582755225478712,-0.29709391508940314,1.604665488600349,0.9313806308475996,-0.1686298281958028,-0.3186264939385831,-0.1370377419655063,0.44032372363145594,0.9618191568984117,3.226823000464087,2.5727761131702898,1.6691851185275093,1.029490964754181,-0.4423121322763594,1.2794327886772612
0,-0.7736378742470365,-0.24270463942969261,-0.22272471621398107,-0.2582755225478712,-0.29709391508940314,1.604665488600349,0.12935842095105549,-0.1686298281958028,-0.3186264939385831,-0.1370377419655063,0.38040060046408203,0.966405568654067,3.295379325348137,1.2544941378268355,-0.7000647133148391,-0.781244916515584,-0.4423121322763594,1.7752129942896997
1,-0.6356925836047957,-0.24270463942969261,-0.22272471621398107,-0.2582755225478712,-0.29709391508940314,1.604665488600349,-0.6726637889454885,-0.1686298281958028,-0.3186264939385831,-0.1370377419655063,0.5511324526093685,0.9728265451119844,3.391358180185806,0.2328256069356584,-0.5872432927509178,-0.5549029313568634,-0.4423121322763594,1.7752129942896997
1,-0.4977472929625551,-0.24270463942969261,-0.22272471621398107,-0.2582755225478712,-0.29709391508940314,1.604665488600349,0.12935842095105549,-0.1686298281958028,-0.3186264939385831,-0.1370377419655063,0.7181699847265716,0.9819993686232948,3.5284708299539056,-0.9865852202570368,-0.41801116190503573,-0.5549029313568634,-0.4423121322763594,1.7752129942896997
0,-0.6356925836047957,-0.24270463942969261,-0.22272471621398107,-0.2582755225478712,-0.29709391508940314,1.604665488600349,0.9313806308475996,-0.1686298281958028,-0.3186264939385831,-0.1370377419655063,0.6571823964663599,1.015021533264013,4.0220763691190635,0.035083310634140254,1.0486673054259419,0.5768069944367398,-0.4423121322763594,1.7752129942896997
0,-0.7736378742470365,-0.24270463942969261,-0.22272471621398107,-0.2582755225478712,-0.29709391508940314,1.604665488600349,0.12935842095105549,-0.1686298281958028,-0.3186264939385831,-0.1370377419655063,0.5974888638092066,1.0241943567753233,4.159189018887163,0.1339544587848993,-0.41801116190503573,-0.3285609461981428,-0.4423121322763594,1.7752129942896997
0,-0.911583164889277,-0.24270463942969261,-0.22272471621398107,-0.2582755225478712,-0.29709391508940314,1.604665488600349,-0.6726637889454885,-0.1686298281958028,-0.3186264939385831,-0.1370377419655063,0.5390685148905446,1.0718930390341381,4.87217479768128,1.5181505328955263,1.9512386699373125,0.5768069944367398,-0.4423121322763594,1.7752129942896997
0,-0.7736378742470365,-0.24270463942969261,-0.22272471621398107,-0.2582755225478712,-0.29709391508940314,-1.2034991164502618,0.12935842095105549,-0.1686298281958028,-0.3186264939385831,-0.1370377419655063,0.5390685148905446,1.084734991949973,-0.8042889027180358,0.7930954464566264,-0.19236832077719304,-0.3285609461981428,-0.4423121322763594,-1.695248444997371
1,-0.6356925836047957,1.782945620425819,-0.22272471621398107,-0.2582755225478712,-0.29709391508940314,-1.2034991164502618,0.9313806308475996,-0.1686298281958028,-0.3186264939385831,-0.1370377419655063,0.5390685148905446,1.0948250978124145,-0.6534649879731264,0.8260524958402128,-0.3616004516230751,-0.3285609461981428,-0.4423121322763594,-1.695248444997371
1,-0.4977472929625551,3.808595880281331,-0.22272471621398107,-0.2582755225478712,-0.29709391508940314,-1.2034991164502618,1.7334028407441433,-0.1686298281958028,-0.3186264939385831,-0.1370377419655063,0.5390685148905446,1.1021633566214628,-0.5437748681586468,-0.6240576770375869,-0.530832582468957,-0.781244916515584,-0.4423121322763594,-1.695248444997371
1,-0.3598020023203144,5.834246140136842,-0.22272471621398107,-0.2582755225478712,-0.29709391508940314,-1.2034991164502618,2.5354250506406872,-0.1686298281958028,-0.3186264939385831,-0.1370377419655063,0.5390685148905446,1.1150053095372976,-0.3518171584833077,-0.6240576770375869,-0.19236832077719304,-0.3285609461981428,-0.4423121322763594,-1.695248444997371
0,-0.4977472929625551,-0.24270463942969261,-0.22272471621398107,-0.2582755225478712,-0.29709391508940314,-0.501457965187609,0.12935842095105549,-0.1686298281958028,-0.3186264939385831,-0.1370377419655063,0.4818587341166782,1.121426285995215,-0.8042889027180358,-0.7558858745719323,-0.5872432927509178,-0.3285609461981428,-0.4423121322763594,-1.695248444997371
0,-0.6356925836047957,-0.24270463942969261,-0.22272471621398107,-0.2582755225478712,-0.29709391508940314,-0.501457965187609,-0.6726637889454885,-0.1686298281958028,-0.3186264939385831,-0.1370377419655063,0.42581777775847623,1.1342682389110497,-0.6123311930426966,-0.5581435782704142,-0.19236832077719304,-0.3285609461981428,-0.4423121322763594,-1.695248444997371
0,-0.7736378742470365,-0.24270463942969261,-0.22272471621398107,-0.2582755225478712,-0.29709391508940314,-0.501457965187609,-1.4746859988420324,-0.1686298281958028,-0.3186264939385831,-0.1370377419655063,0.3709247739513728,1.138854650666705,-0.5437748681586468,-0.8547570227226914,-0.7000647133148391,-0.781244916515584,-0.4423121322763594,-1.695248444997371
0,-0.911583164889277,-0.24270463942969261,-0.22272471621398107,-0.2582755225478712,-0.29709391508940314,-0.501457965187609,-2.276708208738577,-0.1686298281958028,-0.3186264939385831,-0.1370377419655063,0.31713797896623813,1.1416064977200981,-0.502641073228217,-0.9865852202570368,-0.8128861338787605,-0.781244916515584,-0.4423121322763594,-1.1994682393849323
0,-1.0495284555315176,-0.24270463942969261,-0.22272471621398107,-0.2582755225478712,-0.29709391508940314,-0.501457965187609,0.12935842095105549,-0.1686298281958028,-0.3186264939385831,-0.1370377419655063,0.31713797896623813,1.2021471328947477,-0.8042889027180358,0.7271813476894537,2.740988613884762,3.5192528015001083,-0.4423121322763594,-1.1994682393849323
1,-0.911583164889277,-0.24270463942969261,2.0787640179971567,-0.2582755225478712,-0.29709391508940314,-0.501457965187609,-0.6726637889454885,-0.1686298281958028,-0.3186264939385831,-0.1370377419655063,0.31713797896623813,1.2122372387571894,-0.6534649879731264,0.9249236439909719,-0.3616004516230751,-0.3285609461981428,-0.4423121322763594,-1.1994682393849323
0,-1.0495284555315176,-0.24270463942969261,2.0787640179971567,-0.2582755225478712,-0.29709391508940314,-0.501457965187609,0.12935842095105549,-0.1686298281958028,-0.3186264939385831,-0.1370377419655063,0.31713797896623813,1.2379211445888587,-0.269549568622448,1.7488498785806308,0.5973816231702564,0.35046500927801916,-0.4423121322763594,-1.1994682393849323
0,-1.1874737461737583,-0.24270463942969261,2.0787640179971567,-0.2582755225478712,-0.29709391508940314,-0.501457965187609,-0.6726637889454885,-0.1686298281958028,-0.3186264939385831,-0.1370377419655063,0.31713797896623813,1.2911235209544598,0.5257038000325286,1.48519348351194,2.2897029316290767,2.1612008905477844,-0.4423121322763594,-0.7036880337724937
1,-1.0495284555315176,-0.24270463942969261,4.380252752208295,-0.2582755225478712,-0.29709391508940314,-0.501457965187609,-1.4746859988420324,-0.1686298281958028,-0.3186264939385831,-0.1370377419655063,0.31713797896623813,1.311303732679343,0.8273516295223473,1.84772102673139,0.25891736147849237,0.12412302411929851,-0.4423121322763594,-0.7036880337724937
0,-1.1874737461737583,-0.24270463942969261,4.380252752208295,-0.2582755225478712,-0.29709391508940314,-0.501457965187609,-0.6726637889454885,-0.1686298281958028,-0.3186264939385831,-0.1370377419655063,0.31713797896623813,1.3241456855951779,1.0193093391976864,1.3863223353611809,-0.19236832077719304,-0.10221896103942214,-0.4423121322763594,-0.7036880337724937
0,-1.0495284555315176,-0.24270463942969261,-0.22272471621398107,-0.2582755225478712,-0.29709391508940314,-0.501457965187609,0.12935842095105549,-0.1686298281958028,-0.3186264939385831,-0.1370377419655063,0.2644365209385062,1.3424913326177987,-0.8042889027180358,0.1339544587848993,0.14609594091457104,0.35046500927801916,-0.4423121322763594,-0.7036880337724937
0,-1.1874737461737583,-0.24270463942969261,-0.22272471621398107,-0.2582755225478712,-0.29709391508940314,-0.501457965187609,0.9313806308475996,-0.1686298281958028,-0.3186264939385831,-0.1370377419655063,0.21277865613904612,1.3489123090757162,-0.7083100478803661,-0.36040128196889604,-0.5872432927509178,-0.781244916515584,-0.4423121322763594,-0.7036880337724937
1,-1.0495284555315176,-0.24270463942969261,-0.22272471621398107,-0.2582755225478712,-0.29709391508940314,-0.501457965187609,0.12935842095105549,-0.1686298281958028,-0.3186264939385831,-0.1370377419655063,0.3667504010382856,1.3663406737472061,-0.44779601332097724,-0.19561603505096425,0.08968523063261034,-0.10221896103942214,-0.4423121322763594,-0.7036880337724937
0,-1.1874737461737583,-0.24270463942969261,-0.22272471621398107,-0.2582755225478712,-0.29709391508940314,-0.501457965187609,0.9313806308475996,-0.1686298281958028,-0.3186264939385831,-0.1370377419655063,0.3150925362388255,1.4543997794557872,0.8684854244527771,2.309119718101599,4.433309922343582,2.387542875706505,-0.4423121322763594,-0.20790782816005496
0,-1.325419036815999,-0.24270463942969261,-0.22272471621398107,-0.2582755225478712,-0.29709391508940314,-0.501457965187609,0.12935842095105549,-0.1686298281958028,-0.3186264939385831,-0.1370377419655063,0.2644365209385062,1.4644898853182289,1.0193093391976864,2.4409479156359444,-0.3616004516230751,-0.3285609461981428,-0.4423121322763594,-0.20790782816005496
0,-1.4633643274582397,-0.24270463942969261,-0.22272471621398107,-0.2582755225478712,-0.29709391508940314,-0.501457965187609,-0.6726637889454885,-0.1686298281958028,-0.3186264939385831,-0.1370377419655063,0.21474061140819756,1.4644898853182289,1.0193093391976864,1.8147639773478035,-0.9821182647246425,-0.781244916515584,-0.4423121322763594,-0.20790782816005496
0,-1.325419036815999,-0.24270463942969261,-0.22272471621398107,-0.2582755225478712,-0.29709391508940314,-0.501457965187609,0.12935842095105549,-0.1686298281958028,3.1384709652950433,-0.1370377419655063,0.21474061140819756,1.48283553234085,-0.8042889027180358,-0.6899717758047595,0.14609594091457104,0.5768069944367398,-0.4423121322763594,-0.20790782816005496
0,-1.4633643274582397,-0.24270463942969261,-0.22272471621398107,-0.2582755225478712,-0.29709391508940314,-0.501457965187609,0.9313806308475996,-0.1686298281958028,-0.3186264939385831,-0.1370377419655063,0.21474061140819756,1.4892565087987675,-0.7083100478803661,-0.821799973339105,-0.5872432927509178,-0.5549029313568634,-0.4423121322763594,-0.20790782816005496
1,-1.325419036815999,-0.24270463942969261,-0.22272471621398107,0.7991921829783185,-0.29709391508940314,-0.501457965187609,0.12935842095105549,-0.1686298281958028,-0.3186264939385831,-0.1370377419655063,0.21474061140819756,1.4965947676078157,-0.5986199280658866,-0.5581435782704142,-0.530832582468957,-0.781244916515584,-0.4423121322763594,-0.20790782816005496
1,-1.1874737461737583,-0.24270463942969261,-0.22272471621398107,1.856659888504508,-0.29709391508940314,-0.501457965187609,0.9313806308475996,-0.1686298281958028,3.1384709652950433,-0.1370377419655063,0.21474061140819756,1.5094367205236505,-0.40666221839054745,-0.7558858745719323,-0.19236832077719304,0.12412302411929851,-0.4423121322763594,-0.20790782816005496
1,-1.0495284555315176,-0.24270463942969261,-0.22272471621398107,2.9141275940306977,-0.29709391508940314,-0.501457965187609,1.7334028407441433,5.930148958219065,-0.3186264939385831,-0.1370377419655063,0.21474061140819756,1.5094367205236505,-0.40666221839054745,-0.9865852202570368,-0.9821182647246425,-0.781244916515584,-0.4423121322763594,-0.20790782816005496
0,-1.1874737461737583,-0.24270463942969261,-0.22272471621398107,-0.2582755225478712,-0.29709391508940314,0.20058318607504372,0.12935842095105549,-0.1686298281958028,-0.3186264939385831,-0.1370377419655063,0.16598393578333337,1.5314514969507957,-0.8042889027180358,-0.4592724301196551,0.37173878204241373,0.12412302411929851,-0.4423121322763594,-0.20790782816005496
0,-1.325419036815999,-0.24270463942969261,-0.22272471621398107,-0.2582755225478712,-0.29709391508940314,0.20058318607504372,-0.6726637889454885,-0.1686298281958028,-0.3186264939385831,-0.1370377419655063,0.11814562219934881,1.53512062635532,-0.749443842810796,-0.7888429239555187,-0.7564754235967998,-0.781244916515584,-0.4423121322763594,-0.20790782816005496
0,-1.4633643274582397,-0.24270463942969261,-0.22272471621398107,-0.2582755225478712,-0.29709391508940314,0.20058318607504372,-1.4746859988420324,-0.1686298281958028,-0.3186264939385831,-0.1370377419655063,0.0711839269271124,1.5424588851643684,-0.6397537229963164,-0.5251865288868278,-0.530832582468957,-0.3285609461981428,-0.4423121322763594,-0.20790782816005496
0,-1.6013096181004804,-0.24270463942969261,-0.22272471621398107,-0.2582755225478712,-0.29709391508940314,0.20058318607504372,-2.276708208738577,-0.1686298281958028,-0.3186264939385831,-0.1370377419655063,0.02507797810205864,1.5553008380802031,-0.44779601332097724,-0.8547570227226914,-0.19236832077719304,-0.3285609461981428,-0.4423121322763594,-0.20790782816005496
0,-1.7392549087427212,-0.24270463942969261,-0.22272471621398107,-0.2582755225478712,-0.29709391508940314,0.20058318607504372,0.12935842095105549,-0.1686298281958028,-0.3186264939385831,-0.1370377419655063,0.02507797810205864,1.585571155667528,-0.8042889027180358,0.10099740940131297,0.8794351745800598,0.8031489795954605,-0.4423121322763594,0.2878723774523837
1,-1.6013096181004804,-0.24270463942969261,-0.22272471621398107,-0.2582755225478712,1.1681192570560621,0.20058318607504372,-0.6726637889454885,-0.1686298281958028,3.1384709652950433,-0.1370377419655063,0.02507797810205864,1.6314352732240807,-0.11872565387753865,1.48519348351194,1.838417249373391,2.387542875706505,-0.4423121322763594,0.2878723774523837
1,-1.4633643274582397,-0.24270463942969261,-0.22272471621398107,-0.2582755225478712,2.6333324292015274,0.20058318607504372,0.12935842095105549,-0.1686298281958028,3.1384709652950433,-0.1370377419655063,0.02507797810205864,1.6387735320331291,-0.009035534063059122,1.2874511872104217,-0.530832582468957,-0.3285609461981428,-0.4423121322763594,0.2878723774523837
1,-1.325419036815999,-0.24270463942969261,-0.22272471621398107,-0.2582755225478712,4.098545601346993,0.20058318607504372,0.9313806308475996,-0.1686298281958028,3.1384709652950433,-0.1370377419655063,0.02507797810205864,1.6451945084910464,0.08694332077461046,0.43056790323717653,-0.5872432927509178,-0.3285609461981428,-0.4423121322763594,0.2878723774523837
1,-1.1874737461737583,-0.24270463942969261,-0.22272471621398107,-0.2582755225478712,5.5637587734924585,0.20058318607504372,1.7334028407441433,5.930148958219065,-0.3186264939385831,-0.1370377419655063,0.02507797810205864,1.6488636378955706,0.14178838068185023,-1.0854563684077958,-0.7564754235967998,-0.781244916515584,-0.4423121322763594,0.2878723774523837
0,-1.0495284555315176,-0.24270463942969261,-0.22272471621398107,-0.2582755225478712,-0.29709391508940314,0.9026243373376964,0.12935842095105549,-0.1686298281958028,-0.3186264939385831,-0.1370377419655063,-0.02017222427581186,1.6598710261091434,-0.8042889027180358,-0.9536281708734504,-0.3051897413411144,-0.5549029313568634,-0.4423121322763594,0.2878723774523837
0,-1.1874737461737583,-0.24270463942969261,-0.22272471621398107,-0.2582755225478712,-0.29709391508940314,0.9026243373376964,0.9313806308475996,-0.1686298281958028,-0.3186264939385831,-0.1370377419655063,-0.06462929580019548,1.6772993907806333,-0.5437748681586468,-0.5581435782704142,0.08968523063261034,-0.3285609461981428,-0.4423121322763594,0.2878723774523837
0,-1.325419036815999,-0.24270463942969261,-0.22272471621398107,-0.2582755225478712,-0.29709391508940314,0.9026243373376964,0.12935842095105549,-0.1686298281958028,-0.3186264939385831,-0.1370377419655063,-0.10827236460652737,1.689224061345337,-0.3655284234601176,-0.26153013381813695,-0.24877903105915372,-0.3285609461981428,-0.4423121322763594,0.2878723774523837
0,-1.4633643274582397,-0.24270463942969261,-0.22272471621398107,-0.2582755225478712,-0.29709391508940314,0.9026243373376964,-0.6726637889454885,-0.1686298281958028,-0.3186264939385831,-0.1370377419655063,-0.15116404628850327,1.6938104731009922,-0.2969720985760679,-0.4922294795032415,-0.7000647133148391,-0.781244916515584,-0.4423121322763594,0.2878723774523837
0,-1.6013096181004804,-0.24270463942969261,-0.22272471621398107,-0.2582755225478712,-0.29709391508940314,0.9026243373376964,-1.4746859988420324,-0.1686298281958028,-0.3186264939385831,-0.1370377419655063,-0.1932834689815578,1.6983968848566475,-0.22841577369201818,-0.9536281708734504,-0.7000647133148391,-0.781244916515584,-0.4423121322763594,0.7836525830648224
0,-1.7392549087427212,-0.24270463942969261,-0.22272471621398107,-0.2582755225478712,-0.29709391508940314,0.9026243373376964,0.12935842095105549,-0.1686298281958028,-0.3186264939385831,-0.1370377419655063,-0.1932834689815578,1.7094042730702201,-0.8042889027180358,-0.9865852202570368,-0.3051897413411144,-0.10221896103942214,-0.4423121322763594,1.2794327886772612
0,-1.8772001993849616,-0.24270463942969261,-0.22272471621398107,-0.2582755225478712,-0.29709391508940314,0.9026243373376964,-0.6726637889454885,-0.1686298281958028,-0.3186264939385831,-0.1370377419655063,-0.1932834689815578,1.7130734024747445,-0.749443842810796,-1.0195422696406231,-0.7564754235967998,-0.5549029313568634,-0.4423121322763594,1.2794327886772612
0,-2.0151454900272023,-0.24270463942969261,-0.22272471621398107,-0.2582755225478712,-0.29709391508940314,0.9026243373376964,-1.4746859988420324,-0.1686298281958028,-0.3186264939385831,-0.1370377419655063,-0.1932834689815578,1.7442610024132001,-0.28326083359925797,-0.06378783751661882,0.9358458848620205,0.8031489795954605,-0.4423121322763594,1.2794327886772612
1,-1.8772001993849616,-0.24270463942969261,-0.22272471621398107,-0.2582755225478712,1.1681192570560621,0.9026243373376964,-2.276708208738577,-0.1686298281958028,-0.3186264939385831,-0.1370377419655063,-0.1932834689815578,1.7479301318177245,-0.22841577369201818,-0.3274442325853097,-0.7564754235967998,-0.781244916515584,-0.4423121322763594,1.2794327886772612
0,-2.0151454900272023,-0.24270463942969261,-0.22272471621398107,-0.2582755225478712,1.1681192570560621,0.9026243373376964,-1.4746859988420324,-0.1686298281958028,-0.3186264939385831,-0.1370377419655063,-0.1932834689815578,1.775448602351656,0.18292217561228005,0.5294390513879356,0.7102030437341778,0.35046500927801916,-0.4423121322763594,1.2794327886772612
